"Date","Price","Open","High","Low","Vol.","Change %"
"08/07/2026","32.000","32.200","32.350","32.000","33.30K","-0.31%"
"08/06/2026","32.100","32.350","32.350","31.800","1.41M","-0.62%"
"08/05/2026","32.300","32.250","32.350","31.900","519.50K","0.16%"
"08/04/2026","32.250","31.350","32.250","31.350","953.70K","3.86%"
"08/03/2026","31.050","31.350","31.800","31.050","215.00K","-0.96%"
"07/31/2026","31.350","31.200","31.700","31.200","1.46M","1.13%"
"07/30/2026","31.000","31.200","31.500","30.900","700.80K","-0.64%"
"07/29/2026","31.200","30.800","31.900","30.800","689.30K","1.63%"
"07/28/2026","30.700","30.850","30.850","30.450","598.80K","0.00%"
"07/27/2026","30.700","31.000","31.000","30.000","816.90K","-0.97%"
"07/24/2026","31.000","30.000","31.000","29.300","2.45M","3.33%"
"07/23/2026","30.000","30.100","30.650","29.200","833.00K","-0.33%"
"07/22/2026","30.100","30.200","30.750","30.100","706.50K","-0.33%"
"07/21/2026","30.200","31.300","31.850","30.200","1.23M","-3.05%"
"07/20/2026","31.150","32.200","32.200","30.750","803.00K","-0.48%"
"07/17/2026","31.300","31.993","32.043","31.201","6.28M","-1.25%"
"07/16/2026","31.696","31.201","31.993","31.102","338.20K","1.59%"
"07/15/2026","31.201","31.201","32.043","31.052","618.60K","1.29%"
"07/14/2026","30.805","31.696","31.696","30.755","406.00K","-3.12%"
"07/13/2026","31.795","32.191","32.191","31.449","509.60K","-2.17%"
"07/10/2026","32.500","31.500","32.500","31.250","575.90K","4.50%"
"07/09/2026","31.100","31.800","32.150","30.900","3.38M","-2.66%"
"07/08/2026","31.950","31.950","32.000","31.150","1.54M","1.11%"
"07/07/2026","31.600","31.500","31.600","30.750","797.10K","0.32%"
"07/06/2026","31.500","30.800","32.900","30.800","4.87M","2.27%"
"07/03/2026","30.800","30.400","30.800","30.350","517.20K","1.32%"
"07/02/2026","30.400","30.800","31.000","30.400","937.20K","-1.30%"
"07/01/2026","30.800","31.200","31.200","30.500","899.00K","-0.65%"
"06/30/2026","31.000","30.500","31.000","30.200","6.98M","1.64%"
"06/29/2026","30.500","30.500","30.600","30.250","515.40K","1.67%"
"06/26/2026","30.000","30.600","30.600","30.000","1.06M","-1.96%"
"06/25/2026","30.600","30.500","30.700","29.850","2.60M","2.00%"
"06/24/2026","30.000","30.450","30.650","29.800","3.37M","0.17%"
"06/23/2026","29.950","30.000","30.100","29.250","517.50K","-0.17%"
"06/22/2026","30.000","29.650","30.000","28.600","1.32M","2.04%"
"06/19/2026","29.400","29.500","29.600","28.800","437.90K","-0.34%"
"06/18/2026","29.500","29.650","29.650","29.100","1.17M","-0.84%"
"06/17/2026","29.750","30.000","30.250","29.000","1.58M","-0.83%"
"06/16/2026","30.000","29.000","30.150","28.500","2.19M","4.35%"
"06/15/2026","28.750","26.950","28.950","26.950","3.70M","7.28%"
"06/11/2026","26.800","26.950","26.950","26.000","2.24M","0.19%"
"06/10/2026","26.750","27.300","27.300","26.300","1.11M","-2.01%"
"06/09/2026","27.300","26.800","27.450","26.800","1.18M","2.63%"
"06/08/2026","26.600","27.000","27.150","26.350","1.98M","-1.85%"
"06/05/2026","27.100","26.550","27.450","26.500","1.49M","3.04%"
"06/04/2026","26.300","25.250","26.550","25.250","3.71M","4.37%"
"06/03/2026","25.200","25.350","25.750","24.850","4.64M","0.80%"
"06/02/2026","25.000","26.250","26.750","25.000","6.44M","-4.76%"
"06/01/2026","26.250","26.300","26.850","26.200","742.10K","0.19%"
"05/29/2026","26.200","26.450","26.900","25.850","5.19M","0.00%"
"05/28/2026","26.200","27.600","27.600","25.500","3.24M","-5.42%"
"05/26/2026","27.700","28.950","28.950","27.600","1.60M","-4.32%"
"05/25/2026","28.950","29.100","29.400","28.800","1.68M","-0.52%"
"05/22/2026","29.100","29.000","29.200","28.750","429.10K","0.34%"
"05/21/2026","29.000","29.250","29.650","28.850","735.00K","-0.85%"
"05/20/2026","29.250","29.750","30.200","29.150","494.60K","-1.35%"
"05/19/2026","29.650","29.000","29.950","28.900","1.33M","2.24%"
"05/18/2026","29.000","29.750","29.800","28.950","999.50K","-2.52%"
"05/15/2026","29.750","30.800","31.300","29.750","1.31M","-3.41%"
"05/14/2026","30.800","31.300","31.450","30.800","575.80K","-1.60%"
"05/13/2026","31.300","31.700","31.700","30.800","1.10M","-1.26%"
"05/12/2026","31.700","31.600","31.700","31.150","395.40K","0.16%"
"05/11/2026","31.650","31.200","31.750","31.150","2.87M","1.44%"
"05/08/2026","31.200","31.450","31.850","30.700","2.90M","0.65%"
"05/07/2026","31.000","29.000","31.200","28.950","3.37M","7.83%"
"05/06/2026","28.750","28.300","28.750","28.050","2.99M","2.50%"
"05/05/2026","28.050","29.000","29.200","27.300","3.35M","-5.87%"
"05/04/2026","29.800","28.550","29.800","28.550","6.70M","4.56%"
"04/30/2026","28.500","29.800","29.900","28.500","3.41M","-4.36%"
"04/29/2026","29.800","30.500","30.500","29.550","3.71M","-1.32%"
"04/28/2026","30.200","31.850","31.850","29.150","5.32M","-4.13%"
"04/27/2026","31.500","31.500","31.800","30.850","5.15M","0.00%"
"04/24/2026","31.500","31.900","31.900","30.800","1.51M","0.00%"
"04/23/2026","31.500","31.700","31.750","31.150","3.31M","-0.63%"
"04/22/2026","31.700","31.800","32.250","31.150","760.80K","-0.31%"
"04/21/2026","31.800","32.200","32.500","31.450","981.30K","-1.40%"
"04/20/2026","32.250","32.000","32.400","31.950","710.80K","0.78%"
"04/17/2026","32.000","32.000","32.100","31.100","4.46M","1.59%"
"04/16/2026","31.500","32.400","32.500","31.500","1.46M","-1.56%"
"04/15/2026","32.000","32.100","32.750","32.000","1.41M","0.00%"
"04/14/2026","32.000","32.100","32.100","31.200","4.18M","0.00%"
"04/13/2026","32.000","32.150","32.150","31.050","9.95M","-0.62%"
"04/10/2026","32.200","33.250","33.250","31.700","5.62M","-3.30%"
"04/08/2026","33.300","33.000","33.400","32.200","792.10K","3.42%"
"04/07/2026","32.200","33.400","33.400","31.150","3.81M","-3.45%"
"04/06/2026","33.350","33.400","33.700","33.150","11.79M","-0.45%"
"04/01/2026","33.500","34.850","34.850","33.300","1.02M","-4.29%"
"03/31/2026","35.000","33.500","35.000","32.500","1.21M","5.42%"
"03/30/2026","33.200","35.000","35.000","33.050","1.50M","-5.14%"
"03/27/2026","35.000","35.200","35.200","34.000","877.90K","-0.57%"
"03/26/2026","35.200","36.550","36.550","35.000","907.20K","-3.96%"
"03/25/2026","36.650","34.800","36.650","34.750","163.40K","5.32%"
"03/24/2026","34.800","35.700","35.700","34.400","747.40K","-1.97%"
"03/23/2026","35.500","36.050","36.050","35.100","718.60K","-1.53%"
"03/19/2026","36.050","34.000","36.050","33.700","2.29M","6.19%"
"03/18/2026","33.950","33.650","34.800","33.650","613.30K","0.89%"
"03/17/2026","33.650","33.700","34.800","33.650","1.06M","0.00%"
"03/16/2026","33.650","35.300","35.300","33.550","1.21M","-5.21%"
"03/13/2026","35.500","35.750","35.850","34.000","2.96M","-0.70%"
"03/12/2026","35.750","35.000","35.750","34.500","761.10K","1.85%"
"03/11/2026","35.100","34.900","36.000","34.200","1.00M","3.24%"
"03/10/2026","34.000","33.600","35.650","33.600","920.00K","6.25%"
"03/09/2026","32.000","35.400","35.400","30.500","3.78M","-11.11%"
"03/06/2026","36.000","36.800","37.000","35.700","465.10K","-2.17%"
"03/05/2026","36.800","36.100","37.000","35.600","2.33M","3.66%"
"03/04/2026","35.500","37.250","37.300","35.000","1.61M","-4.70%"
"03/03/2026","37.250","38.500","38.550","37.250","621.70K","-3.25%"
"03/02/2026","38.500","38.500","39.600","36.700","1.07M","-3.63%"
"02/27/2026","39.950","39.650","40.500","38.950","1.55M","-1.11%"
"02/26/2026","40.400","39.900","40.650","39.700","2.82M","1.25%"
"02/25/2026","39.900","39.450","40.300","39.100","3.70M","1.27%"
"02/24/2026","39.400","39.250","39.450","38.600","1.48M","1.03%"
"02/23/2026","39.000","39.000","39.400","38.850","670.30K","0.00%"
"02/20/2026","39.000","38.800","39.000","38.400","509.90K","0.52%"
"02/19/2026","38.800","38.850","39.000","38.700","640.50K","-0.13%"
"02/18/2026","38.850","39.050","39.100","38.100","109.30K","-0.38%"
"02/16/2026","39.000","38.050","39.000","38.050","336.10K","2.63%"
"02/13/2026","38.000","38.800","38.800","38.000","737.60K","-1.30%"
"02/12/2026","38.500","38.800","38.900","38.500","365.80K","-0.77%"
"02/11/2026","38.800","38.800","39.100","38.500","1.31M","0.78%"
"02/10/2026","38.500","39.000","39.200","38.500","586.50K","-1.16%"
"02/09/2026","38.950","38.800","39.500","38.750","503.50K","0.39%"
"02/06/2026","38.800","38.900","38.950","38.150","509.40K","1.70%"
"02/05/2026","38.150","38.950","38.950","38.050","559.80K","-0.52%"
"02/04/2026","38.350","37.400","38.450","37.400","918.50K","2.54%"
"02/03/2026","37.400","36.550","38.000","36.550","724.20K","2.47%"
"02/02/2026","36.500","38.050","38.950","36.450","1.40M","-4.07%"
"01/30/2026","38.050","38.000","38.950","38.000","2.00M","0.13%"
"01/29/2026","38.000","40.000","40.000","38.000","1.68M","-5.00%"
"01/28/2026","40.000","40.050","40.050","39.400","545.60K","-0.12%"
"01/27/2026","40.050","39.400","40.500","39.250","732.60K","1.65%"
"01/26/2026","39.400","39.900","40.000","39.400","583.40K","-1.50%"
"01/23/2026","40.000","39.750","40.000","39.750","304.40K","0.63%"
"01/22/2026","39.750","40.300","40.300","39.650","378.70K","-1.00%"
"01/21/2026","40.150","39.400","40.200","39.100","1.20M","2.03%"
"01/20/2026","39.350","40.300","40.300","38.550","4.01M","-2.11%"
"01/19/2026","40.200","40.300","40.800","40.200","777.10K","0.50%"
"01/16/2026","40.000","40.450","40.450","39.250","514.60K","-1.11%"
"01/15/2026","40.450","40.200","40.500","40.150","809.00K","0.37%"
"01/14/2026","40.300","40.850","40.950","40.100","776.10K","-0.12%"
"01/13/2026","40.350","40.600","40.850","39.650","688.70K","-0.62%"
"01/12/2026","40.600","40.000","41.000","40.000","620.40K","1.75%"
"01/09/2026","39.900","40.600","40.600","39.750","649.00K","-1.72%"
"01/08/2026","40.600","40.400","41.000","40.150","802.20K","0.50%"
"01/07/2026","40.400","40.650","41.300","40.400","1.78M","-0.25%"
"01/06/2026","40.500","38.900","40.650","38.900","1.73M","3.98%"
"01/05/2026","38.950","38.850","40.000","38.850","1.05M","0.26%"
"01/02/2026","38.850","39.400","39.500","38.850","727.10K","-0.38%"
"12/29/2025","39.000","38.900","39.600","38.600","931.30K","0.26%"
"12/26/2025","38.900","39.350","39.500","38.800","406.60K","-1.14%"
"12/23/2025","39.350","39.600","39.600","38.600","521.30K","0.90%"
"12/22/2025","39.000","38.950","39.000","38.700","704.70K","0.13%"
"12/19/2025","38.950","39.600","39.600","38.950","1.38M","-2.14%"
"12/18/2025","39.800","39.200","39.800","39.100","512.40K","1.79%"
"12/17/2025","39.100","39.000","39.800","39.000","1.33M","0.26%"
"12/16/2025","39.000","39.200","39.500","39.000","747.80K","-0.51%"
"12/15/2025","39.200","40.000","41.050","39.100","3.19M","-2.00%"
"12/12/2025","40.000","39.400","41.150","38.800","4.95M","1.52%"
"12/11/2025","39.400","40.000","40.000","39.300","430.60K","-0.63%"
"12/10/2025","39.650","39.300","39.900","39.300","859.80K","-0.87%"
"12/09/2025","40.000","39.150","40.000","38.850","1.04M","2.17%"
"12/05/2025","39.150","39.250","39.800","39.000","2.36M","-1.88%"
"12/04/2025","39.900","40.200","40.200","39.150","523.10K","-0.25%"
"12/03/2025","40.000","39.100","40.300","39.100","238.20K","0.00%"
"12/02/2025","40.000","39.900","40.450","39.800","682.80K","0.25%"
"12/01/2025","39.900","40.400","40.900","39.900","630.70K","-1.24%"
"11/28/2025","40.400","39.800","40.400","39.350","978.00K","1.25%"
"11/27/2025","39.900","39.950","39.950","39.000","511.00K","1.01%"
"11/26/2025","39.500","39.950","40.650","38.850","1.26M","-1.00%"
"11/25/2025","39.900","39.750","40.950","39.750","1.33M","0.38%"
"11/24/2025","39.750","39.000","39.750","38.950","1.49M","2.45%"
"11/21/2025","38.800","38.600","38.950","38.600","1.48M","-0.89%"
"11/20/2025","39.150","39.100","39.550","38.750","1.68M","0.26%"
"11/19/2025","39.050","38.500","39.700","38.200","1.15M","1.43%"
"11/18/2025","38.500","38.500","39.100","38.000","397.90K","-1.28%"
"11/17/2025","39.000","39.100","39.100","38.500","1.61M","0.00%"
"11/14/2025","39.000","39.500","39.850","38.700","1.33M","-1.52%"
"11/13/2025","39.600","38.900","39.650","38.400","1.38M","1.54%"
"11/12/2025","39.000","37.100","39.100","37.100","2.62M","4.00%"
"11/11/2025","37.500","38.050","38.050","37.000","518.30K","-1.32%"
"11/10/2025","38.000","37.500","38.700","37.450","524.50K","1.47%"
"11/07/2025","37.450","39.000","39.000","37.250","1.79M","-3.97%"
"11/06/2025","39.000","36.350","39.800","36.050","3.28M","7.88%"
"11/05/2025","36.150","36.200","36.400","35.250","560.50K","-0.14%"
"11/04/2025","36.200","34.500","36.500","34.500","1.66M","3.58%"
"11/03/2025","34.950","35.000","35.800","34.000","567.60K","-0.14%"
"10/30/2025","35.000","35.500","35.500","34.650","649.10K","-1.41%"
"10/29/2025","35.500","33.600","35.600","33.600","1.85M","3.95%"
"10/28/2025","34.150","34.550","35.000","33.500","800.00K","-1.16%"
"10/27/2025","34.550","36.050","36.050","34.400","818.30K","-4.16%"
"10/24/2025","36.050","36.500","36.500","35.700","776.70K","0.00%"
"10/23/2025","36.050","36.000","36.050","35.800","713.40K","0.00%"
"10/22/2025","36.050","36.350","36.350","36.050","631.60K","-1.23%"
"10/21/2025","36.500","37.400","37.400","36.500","639.90K","-1.35%"
"10/20/2025","37.000","37.200","37.300","36.650","512.30K","-1.07%"
"10/17/2025","37.400","38.000","38.000","36.650","3.75M","-0.93%"
"10/16/2025","37.750","36.850","37.750","36.000","1.41M","3.42%"
"10/15/2025","36.500","37.200","37.200","36.200","880.90K","-1.88%"
"10/14/2025","37.200","36.750","37.450","36.650","2.22M","1.09%"
"10/13/2025","36.800","37.650","37.650","36.600","229.50K","-0.81%"
"10/10/2025","37.100","38.000","38.150","37.100","411.80K","-2.37%"
"10/09/2025","38.000","38.150","38.500","37.200","1.09M","-0.39%"
"10/08/2025","38.150","38.150","38.300","37.950","523.00K","0.53%"
"10/07/2025","37.950","37.050","38.000","36.200","1.52M","3.13%"
"10/06/2025","36.800","37.800","37.800","36.550","539.90K","-2.65%"
"10/03/2025","37.800","37.950","37.950","37.050","1.20M","0.93%"
"10/02/2025","37.450","37.600","37.850","37.000","615.40K","-1.45%"
"10/01/2025","38.000","37.650","38.400","37.050","560.60K","0.93%"
"09/30/2025","37.650","37.500","37.800","36.200","535.60K","1.21%"
"09/29/2025","37.200","37.300","38.000","36.550","1.95M","0.00%"
"09/26/2025","37.200","36.100","37.200","36.000","532.70K","4.49%"
"09/25/2025","35.600","38.750","38.750","35.400","9.50M","-8.13%"
"09/24/2025","38.750","38.700","38.800","38.500","6.97M","0.00%"
"09/23/2025","38.750","38.800","38.800","38.600","1.84M","0.00%"
"09/22/2025","38.750","38.750","38.900","38.750","1.22M","0.00%"
"09/19/2025","38.750","38.700","38.800","38.700","2.36M","0.00%"
"09/18/2025","38.750","38.750","38.850","38.750","3.15M","-0.51%"
"09/17/2025","38.950","38.800","39.200","38.750","907.60K","0.52%"
"09/16/2025","38.750","38.300","38.900","38.300","542.50K","1.44%"
"09/15/2025","38.200","38.150","38.300","37.800","1.55M","0.53%"
"09/12/2025","38.000","37.750","38.100","37.750","2.84M","1.60%"
"09/11/2025","37.400","37.700","37.700","37.200","1.33M","-0.66%"
"09/10/2025","37.650","37.200","38.000","37.200","1.45M","1.21%"
"09/09/2025","37.200","36.600","37.500","35.000","3.50M","0.81%"
"09/08/2025","36.900","35.500","36.900","35.450","1.64M","4.98%"
"09/05/2025","35.150","35.600","35.750","35.150","1.78M","-1.26%"
"09/04/2025","35.600","35.600","35.600","35.150","372.20K","1.71%"
"09/03/2025","35.000","35.000","35.050","34.900","1.58M","0.00%"
"09/02/2025","35.000","35.000","36.000","34.900","2.46M","0.00%"
"09/01/2025","35.000","36.500","36.500","35.000","153.30K","-4.63%"
"08/29/2025","36.700","35.450","36.700","34.900","1.83M","3.53%"
"08/28/2025","35.450","35.300","35.500","35.150","984.80K","1.00%"
"08/27/2025","35.100","35.000","35.350","34.900","758.90K","0.29%"
"08/26/2025","35.000","34.550","35.200","34.500","1.54M","1.45%"
"08/22/2025","34.500","33.850","35.000","32.800","862.30K","5.50%"
"08/20/2025","32.700","34.250","34.250","32.700","1.81M","-4.53%"
"08/19/2025","34.250","33.750","34.450","33.400","588.30K","1.48%"
"08/18/2025","33.750","34.400","34.400","33.350","662.00K","-0.74%"
"08/15/2025","34.000","34.400","34.400","32.900","1.23M","-1.16%"
"08/14/2025","34.400","34.500","35.000","34.000","2.95M","1.18%"
"08/13/2025","34.000","36.000","36.000","33.900","2.66M","-2.86%"
"08/12/2025","35.000","35.400","35.500","34.700","1.90M","-1.13%"
"08/11/2025","35.400","35.250","36.000","35.200","1.29M","-1.67%"
"08/08/2025","36.000","36.700","36.700","35.450","653.60K","0.70%"
"08/07/2025","35.750","36.150","37.000","35.700","1.02M","-1.38%"
"08/06/2025","36.250","36.850","37.150","36.250","759.10K","-1.36%"
"08/05/2025","36.750","37.750","37.750","36.150","666.40K","-0.68%"
"08/04/2025","37.000","37.000","37.000","35.750","368.30K","0.54%"
"08/01/2025","36.800","37.400","38.000","36.700","522.60K","-0.54%"
"07/31/2025","37.000","37.000","37.000","36.750","823.50K","0.00%"
"07/30/2025","37.000","37.450","38.000","36.550","625.00K","0.00%"
"07/29/2025","37.000","37.600","37.600","36.400","586.20K","0.14%"
"07/28/2025","36.950","37.049","37.344","36.802","569.40K","0.00%"
"07/25/2025","36.950","37.393","37.393","36.950","7.36M","-1.06%"
"07/24/2025","37.344","37.344","37.393","37.098","535.80K","0.00%"
"07/23/2025","37.344","37.443","37.443","37.246","427.80K","-0.26%"
"07/22/2025","37.443","37.443","37.788","36.556","601.10K","-1.47%"
"07/21/2025","38.000","36.950","38.300","36.950","1.01M","1.88%"
"07/18/2025","37.300","37.200","37.550","36.750","553.50K","0.27%"
"07/17/2025","37.200","36.900","37.650","36.900","506.40K","1.22%"
"07/16/2025","36.750","37.900","37.950","36.750","883.80K","-3.16%"
"07/15/2025","37.950","36.900","38.000","36.900","574.40K","2.99%"
"07/14/2025","36.850","38.000","38.000","36.750","4.14M","-3.03%"
"07/11/2025","38.000","38.500","39.500","38.000","1.32M","-1.30%"
"07/10/2025","38.500","39.700","39.700","38.500","1.52M","-1.66%"
"07/09/2025","39.150","39.200","39.900","39.150","1.49M","-0.63%"
"07/08/2025","39.400","39.750","40.600","39.200","3.32M","-0.76%"
"07/07/2025","39.700","39.500","40.400","39.500","699.70K","0.51%"
"07/04/2025","39.500","40.700","41.000","39.500","3.15M","-2.95%"
"07/03/2025","40.700","39.900","41.850","39.900","673.40K","0.49%"
"07/02/2025","40.500","40.850","40.850","40.000","412.40K","-0.25%"
"07/01/2025","40.600","40.950","40.950","40.450","1.46M","0.87%"
"06/30/2025","40.250","40.000","40.850","40.000","724.80K","0.63%"
"06/27/2025","40.000","39.950","40.950","39.650","1.48M","0.25%"
"06/26/2025","39.900","40.900","40.900","39.800","1.66M","-1.85%"
"06/25/2025","40.650","41.000","41.000","40.250","2.25M","-0.85%"
"06/24/2025","41.000","39.500","41.000","39.300","3.62M","4.33%"
"06/23/2025","39.300","40.250","40.350","39.000","1.72M","-2.36%"
"06/20/2025","40.250","39.600","40.500","39.600","1.32M","0.37%"
"06/19/2025","40.100","39.350","40.500","39.350","1.85M","0.00%"
"06/18/2025","40.100","40.200","40.250","39.550","587.70K","-0.25%"
"06/17/2025","40.200","39.350","40.300","39.300","959.90K","1.77%"
"06/16/2025","39.500","39.250","40.300","39.000","2.69M","0.00%"
"06/13/2025","39.500","40.300","41.000","39.500","802.10K","-1.13%"
"06/11/2025","39.950","40.450","40.450","39.500","643.90K","1.01%"
"06/10/2025","39.550","40.000","40.400","39.500","385.30K","-1.13%"
"06/09/2025","40.000","41.000","41.200","40.000","107.60K","-2.44%"
"06/05/2025","41.000","39.850","41.000","39.500","982.80K","2.89%"
"06/04/2025","39.850","39.200","40.000","39.200","781.20K","1.66%"
"06/03/2025","39.200","39.500","39.750","38.800","2.36M","0.90%"
"06/02/2025","38.850","39.500","39.950","38.600","1.83M","-2.75%"
"05/30/2025","39.950","39.600","41.350","39.200","1.44M","-0.12%"
"05/29/2025","40.000","39.600","40.500","39.300","1.42M","1.39%"
"05/28/2025","39.450","41.200","41.300","39.450","679.60K","-3.78%"
"05/27/2025","41.000","40.000","41.450","40.000","736.10K","1.49%"
"05/26/2025","40.400","40.400","40.650","40.000","573.30K","0.87%"
"05/23/2025","40.050","39.700","40.750","39.350","2.13M","0.12%"
"05/22/2025","40.000","39.500","40.000","39.000","1.35M","0.63%"
"05/21/2025","39.750","39.650","40.500","39.150","549.50K","0.25%"
"05/20/2025","39.650","39.500","41.000","39.250","632.00K","-0.87%"
"05/19/2025","40.000","40.600","41.000","39.950","390.90K","-1.48%"
"05/16/2025","40.600","40.300","40.600","39.500","479.80K","1.00%"
"05/15/2025","40.200","41.700","41.700","39.700","1.39M","-3.71%"
"05/14/2025","41.750","42.500","42.500","41.400","915.40K","-0.60%"
"05/13/2025","42.000","40.000","42.000","40.000","643.40K","5.00%"
"05/09/2025","40.000","39.150","41.000","39.150","885.80K","0.00%"
"05/08/2025","40.000","39.500","40.100","39.100","802.60K","1.27%"
"05/07/2025","39.500","39.000","40.200","38.500","1.46M","1.28%"
"05/06/2025","39.000","38.900","39.600","38.350","528.60K","0.26%"
"05/05/2025","38.900","38.000","39.900","37.650","1.96M","2.50%"
"05/02/2025","37.950","38.150","38.200","37.850","993.40K","-0.52%"
"04/30/2025","38.150","39.000","39.000","38.100","1.80M","-2.18%"
"04/29/2025","39.000","38.750","39.050","37.650","631.60K","0.00%"
"04/28/2025","39.000","39.000","39.400","38.150","2.43M","0.00%"
"04/25/2025","39.000","37.100","39.000","37.100","1.69M","5.41%"
"04/24/2025","37.000","35.400","37.150","35.400","1.63M","2.78%"
"04/23/2025","36.000","36.100","36.250","35.250","766.30K","0.00%"
"04/22/2025","36.000","35.800","36.000","35.250","1.05M","0.00%"
"04/21/2025","36.000","35.400","36.450","34.400","3.86M","1.55%"
"04/16/2025","35.450","36.050","36.050","34.400","1.93M","-1.66%"
"04/15/2025","36.050","36.800","36.800","35.350","1.86M","-2.04%"
"04/14/2025","36.800","35.000","36.800","34.200","266.40K","4.99%"
"04/11/2025","35.050","34.700","35.300","33.100","2.85M","1.01%"
"04/10/2025","34.700","34.800","35.200","33.500","2.94M","-0.57%"
"04/08/2025","34.900","32.000","34.900","31.600","2.27M","9.06%"
"04/07/2025","32.000","33.500","33.500","32.000","1.60M","-6.57%"
"04/04/2025","34.250","34.150","35.000","33.000","1.69M","0.29%"
"04/03/2025","34.150","35.700","35.700","34.000","2.92M","-4.34%"
"04/02/2025","35.700","36.600","36.600","35.700","3.07M","-2.33%"
"03/31/2025","36.550","37.600","37.600","36.150","4.18M","-2.79%"
"03/28/2025","37.600","38.000","38.000","37.050","2.10M","-1.05%"
"03/27/2025","38.000","38.800","38.800","36.850","1.76M","-2.69%"
"03/26/2025","39.050","39.050","39.550","38.800","925.40K","0.00%"
"03/25/2025","39.050","39.300","39.300","39.000","675.30K","-0.89%"
"03/24/2025","39.400","40.900","40.900","39.400","1.01M","-3.67%"
"03/21/2025","40.900","40.200","40.900","39.200","1.32M","1.74%"
"03/20/2025","40.200","40.000","40.400","39.600","403.30K","0.50%"
"03/19/2025","40.000","39.600","40.000","39.000","585.50K","2.56%"
"03/18/2025","39.000","39.000","39.550","38.800","1.73M","0.00%"
"03/17/2025","39.000","39.850","39.850","39.000","1.85M","-2.13%"
"03/14/2025","39.850","38.800","39.850","38.750","923.90K","1.66%"
"03/13/2025","39.200","40.000","40.000","38.950","1.13M","-2.49%"
"03/12/2025","40.200","41.000","41.000","39.200","2.35M","-1.95%"
"03/11/2025","41.000","40.900","41.000","39.700","229.90K","0.00%"
"03/10/2025","41.000","40.500","41.050","40.250","486.80K","0.49%"
"03/07/2025","40.800","41.000","41.000","40.450","1.32M","-0.49%"
"03/06/2025","41.000","40.850","41.600","40.600","2.49M","0.49%"
"03/05/2025","40.800","40.500","41.200","40.000","2.81M","1.75%"
"03/04/2025","40.100","40.000","41.000","39.100","2.28M","-0.87%"
"03/03/2025","40.450","39.000","41.000","39.000","417.50K","0.12%"
"02/28/2025","40.400","38.100","40.400","38.100","11.00M","3.59%"
"02/27/2025","39.000","39.500","39.650","38.700","256.50K","0.91%"
"02/26/2025","38.650","39.800","39.800","38.200","1.15M","-2.15%"
"02/25/2025","39.500","39.000","39.500","38.750","693.60K","1.80%"
"02/24/2025","38.800","38.800","39.200","36.800","2.77M","0.00%"
"02/21/2025","38.800","39.400","39.400","38.550","815.80K","-1.52%"
"02/20/2025","39.400","39.000","39.750","38.600","88.00K","0.00%"
"02/19/2025","39.400","38.650","39.700","38.500","1.02M","2.34%"
"02/18/2025","38.500","37.800","38.650","37.800","3.79M","1.85%"
"02/17/2025","37.800","38.000","38.000","36.600","2.85M","-2.58%"
"02/14/2025","38.800","39.000","39.000","37.650","1.21M","-0.51%"
"02/13/2025","39.000","39.700","39.700","38.300","1.88M","-2.50%"
"02/12/2025","40.000","38.750","40.000","37.000","2.86M","3.23%"
"02/11/2025","38.750","40.000","40.000","38.300","1.86M","-3.13%"
"02/10/2025","40.000","40.200","40.350","39.750","605.40K","0.50%"
"02/07/2025","39.800","40.950","41.750","39.800","1.08M","-2.81%"
"02/06/2025","40.950","41.600","41.650","39.800","2.38M","-1.33%"
"02/05/2025","41.500","41.750","42.500","40.900","1.70M","-0.60%"
"02/04/2025","41.750","40.550","42.150","40.550","2.09M","3.09%"
"02/03/2025","40.500","38.500","41.200","38.350","3.15M","10.50%"
"01/31/2025","36.650","41.000","41.500","36.650","4.80M","-10.28%"
"01/30/2025","40.850","39.500","40.850","39.500","410.40K","2.51%"
"01/28/2025","39.850","40.500","40.650","39.000","1.91M","-1.60%"
"01/27/2025","40.500","41.500","41.550","40.500","1.17M","-2.88%"
"01/24/2025","41.700","42.800","42.950","41.500","928.40K","-2.80%"
"01/23/2025","42.900","44.250","44.250","42.900","1.36M","-3.05%"
"01/22/2025","44.250","43.000","44.500","42.800","2.71M","2.55%"
"01/21/2025","43.150","43.500","43.500","43.050","370.00K","-1.93%"
"01/20/2025","44.000","43.500","44.000","42.100","1.50M","1.15%"
"01/17/2025","43.500","43.250","43.800","42.950","1.13M","0.58%"
"01/16/2025","43.250","43.000","43.500","42.650","919.50K","0.23%"
"01/15/2025","43.150","44.100","44.100","42.550","1.37M","-1.82%"
"01/14/2025","43.950","43.700","44.100","43.600","1.38M","-0.45%"
"01/13/2025","44.150","44.500","44.500","44.000","1.14M","-0.79%"
"01/10/2025","44.500","43.300","44.800","43.150","1.35M","2.30%"
"01/09/2025","43.500","43.800","43.800","42.700","441.70K","0.00%"
"01/08/2025","43.500","43.250","43.800","42.500","1.25M","0.58%"
"01/07/2025","43.250","42.500","43.250","42.300","541.80K","0.82%"
"01/06/2025","42.900","42.150","43.000","42.150","332.10K","1.78%"
"01/03/2025","42.150","42.350","42.350","42.050","1.08M","0.36%"
"01/02/2025","42.000","41.950","42.100","41.900","655.50K","0.12%"
"12/27/2024","41.950","41.350","42.000","41.100","1.22M","1.45%"
"12/26/2024","41.350","41.350","41.600","41.100","868.40K","0.00%"
"12/23/2024","41.350","41.700","41.700","40.550","805.40K","-1.55%"
"12/20/2024","42.000","41.450","42.550","41.150","3.14M","1.94%"
"12/19/2024","41.200","41.150","41.800","40.500","3.02M","-0.36%"
"12/18/2024","41.350","41.800","42.700","41.200","1.11M","-2.01%"
"12/17/2024","42.200","43.000","43.200","41.550","1.26M","0.48%"
"12/16/2024","42.000","44.950","44.950","42.000","1.99M","-6.67%"
"12/13/2024","45.000","43.000","45.500","42.500","1.77M","0.11%"
"12/12/2024","44.950","42.850","44.950","41.650","1.87M","4.90%"
"12/11/2024","42.850","42.000","43.000","42.000","964.20K","2.02%"
"12/10/2024","42.000","41.450","42.200","41.450","1.07M","0.00%"
"12/09/2024","42.000","42.000","42.000","41.000","1.56M","0.00%"
"12/06/2024","42.000","41.700","42.200","41.700","408.30K","0.24%"
"12/05/2024","41.900","42.400","42.400","41.700","4.49M","-1.30%"
"12/04/2024","42.450","43.000","43.350","42.200","1.90M","-1.28%"
"12/03/2024","43.000","42.500","43.300","42.000","3.97M","1.78%"
"12/02/2024","42.250","42.000","42.850","41.500","3.78M","0.60%"
"11/29/2024","42.000","41.300","42.200","41.300","5.72M","0.72%"
"11/28/2024","41.700","41.800","41.800","41.000","1.77M","0.00%"
"11/27/2024","41.700","41.700","41.800","41.300","2.29M","0.00%"
"11/26/2024","41.700","41.500","41.950","41.500","1.95M","0.48%"
"11/25/2024","41.500","41.250","41.750","40.400","9.10M","0.61%"
"11/22/2024","41.250","40.100","41.500","40.100","1.15M","-0.60%"
"11/21/2024","41.500","39.650","41.500","39.650","820.10K","-0.48%"
"11/20/2024","41.700","40.100","41.700","39.200","1.92M","2.71%"
"11/19/2024","40.600","40.800","40.950","40.000","2.26M","-0.49%"
"11/18/2024","40.800","41.800","41.800","40.800","684.70K","-2.39%"
"11/15/2024","41.800","40.600","41.800","40.600","1.78M","2.70%"
"11/14/2024","40.700","41.000","41.000","40.700","513.50K","-0.73%"
"11/13/2024","41.000","40.800","41.350","40.600","2.04M","0.49%"
"11/12/2024","40.800","41.350","41.700","40.400","1.27M","-1.45%"
"11/11/2024","41.400","42.000","42.000","40.400","772.00K","-1.43%"
"11/08/2024","42.000","40.300","42.100","40.300","1.78M","0.60%"
"11/07/2024","41.750","42.000","42.000","40.250","676.20K","-0.60%"
"11/06/2024","42.000","41.100","42.000","40.000","719.90K","1.94%"
"11/05/2024","41.200","41.900","41.900","40.950","510.40K","-1.67%"
"11/04/2024","41.900","42.000","42.100","41.550","1.94M","-0.24%"
"10/31/2024","42.000","42.000","42.000","41.650","1.26M","0.00%"
"10/30/2024","42.000","42.000","42.250","41.050","2.73M","0.12%"
"10/29/2024","41.950","42.000","42.150","41.500","1.98M","0.36%"
"10/28/2024","41.800","40.900","42.050","40.600","799.70K","2.20%"
"10/25/2024","40.900","40.900","41.200","40.600","684.10K","0.99%"
"10/24/2024","40.500","41.100","41.100","39.850","1.56M","-1.46%"
"10/23/2024","41.100","42.200","42.500","41.000","2.29M","-2.61%"
"10/22/2024","42.200","42.300","42.850","42.000","3.09M","0.48%"
"10/21/2024","42.000","41.500","42.700","41.500","1.39M","1.57%"
"10/18/2024","41.350","42.300","42.350","40.650","518.10K","-2.01%"
"10/17/2024","42.200","40.800","42.750","40.800","2.17M","3.69%"
"10/16/2024","40.700","39.850","41.100","39.750","4.46M","3.17%"
"10/15/2024","39.450","39.500","39.900","39.450","678.30K","-0.13%"
"10/14/2024","39.500","39.200","39.650","39.150","1.10M","1.28%"
"10/11/2024","39.000","38.500","39.150","38.350","606.90K","2.09%"
"10/10/2024","38.200","38.500","39.200","38.050","928.90K","-0.78%"
"10/09/2024","38.500","39.050","39.150","38.500","500.60K","-1.28%"
"10/08/2024","39.000","39.450","39.550","38.200","1.02M","-1.39%"
"10/07/2024","39.550","39.300","39.800","39.200","2.78M","0.25%"
"10/04/2024","39.450","38.350","39.450","38.350","2.45M","3.00%"
"10/03/2024","38.300","38.500","39.000","37.950","502.10K","0.66%"
"10/02/2024","38.050","38.300","38.300","37.950","513.00K","-0.52%"
"10/01/2024","38.250","38.050","38.550","38.050","1.42M","0.53%"
"09/30/2024","38.050","39.500","39.500","37.850","749.10K","-1.17%"
"09/27/2024","38.500","38.850","39.450","38.500","657.30K","-2.53%"
"09/26/2024","39.500","39.000","39.750","38.500","2.34M","1.28%"
"09/25/2024","39.000","38.300","39.100","38.300","3.99M","1.30%"
"09/24/2024","38.500","39.900","39.900","38.500","722.30K","-3.51%"
"09/23/2024","39.900","39.050","39.900","39.050","1.42M","2.31%"
"09/20/2024","39.000","38.200","39.800","38.200","1.97M","2.09%"
"09/19/2024","38.200","38.200","38.700","38.200","699.20K","0.00%"
"09/18/2024","38.200","38.750","38.950","38.200","527.80K","-1.29%"
"09/17/2024","38.700","39.100","39.100","38.700","598.20K","-1.02%"
"09/16/2024","39.100","38.300","39.300","38.300","1.39M","2.09%"
"09/13/2024","38.300","38.850","39.300","38.200","1.14M","-1.42%"
"09/12/2024","38.850","39.300","39.300","38.500","508.80K","-0.38%"
"09/11/2024","39.000","38.300","39.000","38.150","1.20M","1.56%"
"09/10/2024","38.400","39.700","39.700","38.300","1.42M","-3.52%"
"09/09/2024","39.800","39.600","39.900","39.000","2.65M","0.25%"
"09/06/2024","39.700","38.000","40.000","37.900","1.58M","4.47%"
"09/05/2024","38.000","37.150","38.500","37.150","510.00K","2.29%"
"09/04/2024","37.150","36.700","37.350","36.600","1.36M","1.23%"
"09/03/2024","36.700","36.200","36.800","36.200","1.47M","1.38%"
"09/02/2024","36.200","36.650","36.650","36.000","310.00K","-1.23%"
"08/30/2024","36.650","36.350","36.750","35.700","2.02M","0.83%"
"08/29/2024","36.350","36.300","36.700","35.950","1.22M","0.97%"
"08/28/2024","36.000","36.000","36.300","35.750","852.40K","-0.55%"
"08/27/2024","36.200","36.450","36.450","35.600","694.70K","-0.69%"
"08/22/2024","36.450","35.350","36.450","35.000","1.75M","3.11%"
"08/21/2024","35.350","35.800","35.800","35.350","535.00K","-1.26%"
"08/20/2024","35.800","36.000","36.600","35.800","2.04M","-0.56%"
"08/19/2024","36.000","36.600","36.900","36.000","783.90K","-1.37%"
"08/16/2024","36.500","35.050","37.000","35.050","1.19M","1.96%"
"08/15/2024","35.800","34.800","36.000","34.800","1.34M","2.87%"
"08/14/2024","34.800","35.750","35.950","34.450","2.88M","-2.25%"
"08/13/2024","35.600","34.600","35.900","34.100","1.03M","1.86%"
"08/12/2024","34.950","34.000","34.950","34.000","801.70K","2.79%"
"08/09/2024","34.000","33.500","34.900","33.150","2.06M","1.49%"
"08/08/2024","33.500","33.700","33.750","32.400","4.12M","-0.74%"
"08/07/2024","33.750","33.000","33.750","32.450","2.68M","1.96%"
"08/06/2024","33.100","33.500","33.950","33.100","504.00K","-1.19%"
"08/05/2024","33.500","33.500","33.800","33.150","2.08M","0.00%"
"08/02/2024","33.500","33.700","34.650","33.300","3.45M","-3.46%"
"08/01/2024","34.700","34.500","34.750","33.400","883.90K","0.58%"
"07/31/2024","34.500","34.000","34.500","33.550","507.00K","0.15%"
"07/30/2024","34.450","33.500","34.450","33.000","504.50K","4.33%"
"07/29/2024","33.020","33.611","34.006","33.020","693.70K","-1.76%"
"07/26/2024","33.611","32.429","33.710","32.429","672.30K","3.49%"
"07/25/2024","32.478","33.464","33.464","32.133","814.90K","-2.08%"
"07/23/2024","33.168","32.527","33.513","32.527","654.10K","1.97%"
"07/22/2024","32.527","33.217","33.513","32.182","5.00M","-2.08%"
"07/19/2024","33.217","34.991","34.991","32.527","1.07M","-3.99%"
"07/18/2024","34.597","35.484","35.484","34.499","507.40K","-2.90%"
"07/17/2024","35.632","35.484","35.928","34.991","569.80K","1.83%"
"07/16/2024","34.991","34.794","36.125","34.794","1.39M","-0.14%"
"07/15/2024","35.041","34.104","35.484","34.104","760.40K","2.16%"
"07/12/2024","34.301","34.104","34.499","32.774","671.70K","2.35%"
"07/11/2024","33.513","33.513","33.907","32.774","799.60K","0.89%"
"07/10/2024","33.217","33.611","33.611","32.823","2.19M","-1.61%"
"07/09/2024","33.759","31.985","33.907","31.985","487.50K","5.38%"
"07/08/2024","32.034","32.034","32.724","32.034","789.30K","0.00%"
"07/05/2024","32.034","32.823","33.414","31.936","1.01M","-2.40%"
"07/04/2024","32.823","32.823","33.513","32.774","566.90K","0.00%"
"07/03/2024","32.823","33.513","33.661","32.626","506.50K","-2.06%"
"07/02/2024","33.513","32.626","33.611","32.576","1.20M","2.72%"
"07/01/2024","32.626","31.689","32.675","31.689","500.50K","2.95%"
"06/28/2024","31.689","32.478","32.971","31.689","786.50K","-0.92%"
"06/27/2024","31.985","31.739","33.217","31.739","846.40K","0.15%"
"06/26/2024","31.936","31.936","32.330","31.788","953.50K","-1.82%"
"06/25/2024","32.527","33.365","33.365","31.837","523.20K","-2.51%"
"06/24/2024","33.365","32.872","33.365","31.591","1.36M","5.62%"
"06/21/2024","31.591","32.034","32.330","31.098","2.44M","-1.38%"
"06/20/2024","32.034","33.266","33.266","31.739","1.38M","-3.85%"
"06/19/2024","33.316","34.400","34.400","33.316","509.90K","-3.15%"
"06/18/2024","34.400","33.217","34.400","32.724","503.90K","2.95%"
"06/14/2024","33.414","33.956","34.449","33.414","574.80K","-3.14%"
"06/13/2024","34.499","33.907","35.287","33.907","513.60K","0.86%"
"06/11/2024","34.203","34.499","34.499","34.203","310.80K","-0.29%"
"06/10/2024","34.301","34.696","34.745","34.006","558.40K","-1.83%"
"06/07/2024","34.942","35.484","35.681","34.942","509.80K","0.28%"
"06/06/2024","34.844","35.484","35.484","34.745","504.80K","-1.81%"
"06/05/2024","35.484","35.484","36.174","34.893","555.20K","1.12%"
"06/04/2024","35.090","36.371","36.371","35.041","619.20K","-1.39%"
"06/03/2024","35.583","36.470","36.519","35.533","517.30K","-3.73%"
"05/31/2024","36.963","35.287","36.963","35.287","5.34M","4.60%"
"05/30/2024","35.336","34.499","35.336","34.499","626.50K","0.00%"
"05/29/2024","35.336","34.794","35.386","34.597","507.30K","-0.42%"
"05/28/2024","35.484","35.238","35.780","34.597","505.20K","0.00%"
"05/27/2024","35.484","35.533","35.583","34.942","505.40K","-0.14%"
"05/24/2024","35.533","35.484","35.533","34.597","502.00K","0.14%"
"05/23/2024","35.484","35.583","35.583","34.548","2.31M","0.00%"
"05/22/2024","35.484","34.991","35.928","34.499","2.18M","2.86%"
"05/21/2024","34.499","34.499","34.499","33.611","6.21M","0.00%"
"05/20/2024","34.499","33.316","35.041","33.316","1.89M","3.55%"
"05/17/2024","33.316","33.020","33.513","33.020","2.07M","0.15%"
"05/16/2024","33.266","33.020","33.464","32.872","2.40M","0.75%"
"05/15/2024","33.020","33.020","33.513","32.921","687.00K","0.00%"
"05/14/2024","33.020","34.055","34.055","32.429","1.46M","-3.46%"
"05/13/2024","34.203","34.991","34.991","34.154","856.80K","-2.25%"
"05/10/2024","34.991","35.681","35.681","34.893","596.50K","-1.93%"
"05/09/2024","35.681","36.766","36.766","35.632","1.41M","-0.96%"
"05/08/2024","36.026","36.815","36.815","35.829","1.93M","-2.14%"
"05/07/2024","36.815","36.470","37.061","36.076","726.00K","2.33%"
"05/06/2024","35.977","36.223","36.223","35.632","984.70K","-1.62%"
"05/03/2024","36.568","37.160","37.160","36.470","1.09M","-0.27%"
"05/02/2024","36.667","37.456","37.456","36.223","505.00K","-2.11%"
"04/30/2024","37.456","36.963","37.456","36.223","542.90K","1.33%"
"04/29/2024","36.963","35.878","37.357","35.878","802.80K","1.49%"
"04/26/2024","36.421","35.681","36.421","35.484","500.10K","2.35%"
"04/25/2024","35.583","35.533","35.977","35.484","503.40K","-3.09%"
"04/24/2024","36.716","36.963","36.963","36.322","1.08M","-0.67%"
"04/23/2024","36.963","34.991","36.963","34.991","516.30K","5.63%"
"04/22/2024","34.991","34.745","35.139","34.745","2.17M","-1.39%"
"04/19/2024","35.484","35.484","35.780","35.484","1.67M","-2.70%"
"04/18/2024","36.470","35.484","36.470","34.844","503.30K","1.37%"
"04/17/2024","35.977","34.893","35.977","34.597","1.04M","1.39%"
"04/16/2024","35.484","35.681","36.421","34.893","639.10K","-2.57%"
"04/15/2024","36.421","35.681","36.716","35.681","1.82M","2.35%"
"04/12/2024","35.583","36.026","37.308","35.583","748.20K","-1.23%"
"04/11/2024","36.026","35.977","36.076","35.484","523.40K","0.14%"
"04/08/2024","35.977","35.977","35.977","35.090","730.50K","-0.82%"
"04/05/2024","36.273","36.470","37.406","36.273","508.10K","-1.87%"
"04/04/2024","36.963","37.406","38.096","36.815","1.19M","-1.19%"
"04/03/2024","37.406","38.096","38.244","36.815","853.50K","-1.81%"
"04/02/2024","38.096","37.702","38.146","36.371","2.01M","1.71%"
"04/01/2024","37.456","38.343","39.378","36.963","1.20M","-5.00%"
"03/27/2024","39.427","36.322","39.427","36.273","1.33M","8.70%"
"03/26/2024","36.273","35.780","36.322","35.780","2.13M","1.38%"
"03/25/2024","35.780","34.991","35.977","34.794","1.93M","2.83%"
"03/22/2024","34.794","34.203","34.794","34.203","503.80K","-0.70%"
"03/21/2024","35.041","34.745","35.435","32.774","591.50K","1.57%"
"03/20/2024","34.499","34.548","34.745","33.809","862.00K","0.69%"
"03/19/2024","34.262","33.870","34.751","33.870","3.17M","1.16%"
"03/18/2024","33.870","33.773","34.458","33.773","502.80K","-0.29%"
"03/15/2024","33.968","33.919","34.751","33.919","938.00K","0.14%"
"03/14/2024","33.919","34.800","34.800","33.870","502.00K","-2.53%"
"03/13/2024","34.800","34.262","35.045","33.968","586.40K","1.57%"
"03/12/2024","34.262","34.311","34.702","33.968","508.20K","-0.14%"
"03/11/2024","34.311","34.996","34.996","33.528","496.20K","-2.09%"
"03/08/2024","35.045","33.919","35.486","33.430","1.19M","5.60%"
"03/07/2024","33.185","33.919","33.919","33.185","3.36M","-2.16%"
"03/06/2024","33.919","35.241","35.241","33.870","3.41M","-5.07%"
"03/05/2024","35.730","35.535","35.730","34.409","1.71M","0.55%"
"03/04/2024","35.535","34.360","35.632","34.360","2.40M","2.25%"
"03/01/2024","34.751","32.794","34.751","32.794","871.00K","5.97%"
"02/29/2024","32.794","32.891","33.136","32.794","2.28M","-0.30%"
"02/28/2024","32.891","33.773","33.773","32.500","3.61M","-2.75%"
"02/27/2024","33.821","34.702","34.751","33.821","1.20M","-2.54%"
"02/26/2024","34.702","34.066","34.996","34.066","577.50K","2.16%"
"02/23/2024","33.968","33.968","35.192","33.968","540.80K","-0.57%"
"02/22/2024","34.164","34.360","34.751","34.115","741.60K","-0.43%"
"02/21/2024","34.311","35.045","35.045","34.262","2.68M","-0.99%"
"02/20/2024","34.654","35.241","35.241","34.654","893.20K","-1.67%"
"02/19/2024","35.241","34.898","35.632","34.654","1.51M","0.98%"
"02/16/2024","34.898","35.241","35.339","34.751","1.64M","-1.25%"
"02/15/2024","35.339","34.800","35.339","34.800","768.20K","1.55%"
"02/14/2024","34.800","34.654","35.241","34.654","1.27M","-0.14%"
"02/13/2024","34.849","34.654","35.241","34.605","1.04M","0.42%"
"02/12/2024","34.702","35.241","35.437","34.507","509.70K","-1.53%"
"02/08/2024","35.241","35.143","35.730","34.507","1.18M","-0.41%"
"02/07/2024","35.388","35.730","35.975","35.388","4.39M","-1.63%"
"02/06/2024","35.975","34.458","36.220","34.262","7.10M","4.40%"
"02/05/2024","34.458","33.283","34.751","33.283","2.95M","3.23%"
"02/02/2024","33.381","33.675","34.017","33.381","1.37M","0.00%"
"02/01/2024","33.381","32.304","33.675","31.619","2.89M","3.49%"
"01/31/2024","32.255","31.619","32.304","31.472","1.60M","2.97%"
"01/30/2024","31.325","31.472","32.304","31.227","2.67M","-0.31%"
"01/29/2024","31.423","31.766","31.913","31.423","1.19M","0.31%"
"01/26/2024","31.325","32.402","32.402","31.129","4.25M","-2.88%"
"01/25/2024","32.255","32.108","32.304","31.815","2.06M","0.76%"
"01/24/2024","32.010","33.528","33.528","31.815","1.15M","-4.53%"
"01/23/2024","33.528","34.164","34.262","33.528","993.90K","-1.58%"
"01/22/2024","34.066","33.381","34.458","33.381","3.46M","2.35%"
"01/19/2024","33.283","33.283","33.675","32.989","1.15M","0.00%"
"01/18/2024","33.283","33.577","34.556","32.989","2.72M","-0.87%"
"01/17/2024","33.577","33.185","33.626","32.598","4.14M","1.18%"
"01/16/2024","33.185","33.283","33.332","32.598","705.80K","-0.29%"
"01/15/2024","33.283","33.087","33.283","33.087","1.13M","0.59%"
"01/12/2024","33.087","32.989","34.017","32.794","9.09M","0.60%"
"01/11/2024","32.891","32.304","32.989","32.206","2.56M","1.82%"
"01/10/2024","32.304","31.815","32.304","31.619","3.10M","1.54%"
"01/09/2024","31.815","31.374","32.010","31.325","1.39M","1.56%"
"01/08/2024","31.325","31.325","31.521","30.885","1.87M","1.59%"
"01/05/2024","30.836","30.346","31.129","30.346","891.80K","1.61%"
"01/04/2024","30.346","30.346","30.346","29.857","2.86M","0.00%"
"01/03/2024","30.346","30.346","30.395","30.151","502.00K","0.00%"
"01/02/2024","30.346","30.248","30.395","29.514","783.50K","0.16%"
"12/29/2023","30.297","30.395","30.395","29.563","1.80M","-0.32%"
"12/28/2023","30.395","30.346","30.395","29.857","1.14M","0.16%"
"12/27/2023","30.346","31.129","31.129","30.004","754.10K","0.00%"
"12/22/2023","30.346","29.906","30.542","29.808","707.00K","0.00%"
"12/21/2023","30.346","31.227","31.227","29.857","570.20K","-1.90%"
"12/20/2023","30.934","30.395","31.472","30.395","509.40K","0.16%"
"12/19/2023","30.885","29.857","31.276","29.416","1.40M","3.44%"
"12/18/2023","29.857","30.591","31.668","29.857","2.14M","-4.69%"
"12/15/2023","31.325","31.962","32.500","31.325","7.84M","-3.76%"
"12/14/2023","32.549","32.402","32.696","31.815","6.83M","0.45%"
"12/13/2023","32.402","32.500","32.549","31.962","2.35M","0.00%"
"12/12/2023","32.402","31.864","32.549","31.619","2.11M","1.69%"
"12/11/2023","31.864","31.717","32.010","31.472","1.31M","-0.15%"
"12/07/2023","31.913","31.815","32.304","31.325","2.23M","0.31%"
"12/06/2023","31.815","30.640","32.206","30.640","3.98M","3.83%"
"12/05/2023","30.640","30.346","30.836","29.857","3.26M","1.13%"
"12/04/2023","30.297","30.151","30.542","29.465","2.32M","0.49%"
"12/01/2023","30.151","29.759","30.346","29.759","1.73M","1.32%"
"11/30/2023","29.759","29.465","29.808","29.416","2.70M","0.00%"
"11/29/2023","29.759","29.759","30.053","29.465","3.10M","-0.16%"
"11/28/2023","29.808","29.759","30.053","29.563","936.40K","0.16%"
"11/24/2023","29.759","30.151","30.248","29.710","905.50K","-1.30%"
"11/23/2023","30.151","30.151","30.248","29.612","405.70K","0.00%"
"11/22/2023","30.151","29.857","30.542","29.857","5.80M","0.98%"
"11/21/2023","29.857","29.318","30.346","29.172","5.80M","2.18%"
"11/20/2023","29.221","28.388","29.270","28.388","4.58M","2.93%"
"11/17/2023","28.388","28.291","29.123","28.144","1.21M","0.87%"
"11/16/2023","28.144","27.899","28.144","27.703","309.90K","1.23%"
"11/15/2023","27.801","27.410","27.850","26.920","724.00K","1.25%"
"11/14/2023","27.459","27.410","27.752","27.312","2.05M","-1.41%"
"11/13/2023","27.850","27.459","27.899","27.018","501.80K","1.43%"
"11/10/2023","27.459","28.193","28.193","27.410","661.70K","-2.43%"
"11/09/2023","28.144","28.388","28.388","27.703","318.00K","-0.86%"
"11/08/2023","28.388","28.046","28.388","27.850","1.36M","1.05%"
"11/07/2023","28.095","28.193","28.340","28.046","1.47M","-0.35%"
"11/06/2023","28.193","28.095","28.388","28.046","220.10K","0.52%"
"11/03/2023","28.046","27.899","28.144","27.361","514.20K","2.32%"
"10/31/2023","27.410","27.067","27.605","26.920","1.53M","-0.71%"
"10/27/2023","27.605","27.410","27.703","27.018","1.43M","0.71%"
"10/26/2023","27.410","26.529","27.703","26.529","734.90K","2.19%"
"10/25/2023","26.822","27.899","27.899","26.577","777.90K","-4.70%"
"10/24/2023","28.144","27.801","28.535","27.801","446.00K","0.70%"
"10/23/2023","27.948","28.584","28.584","27.703","413.20K","-1.89%"
"10/20/2023","28.486","29.367","29.367","28.486","523.40K","-2.84%"
"10/19/2023","29.318","29.270","29.318","28.584","1.02M","-0.17%"
"10/18/2023","29.367","29.123","29.367","28.535","2.74M","0.84%"
"10/17/2023","29.123","28.976","29.318","28.780","475.70K","0.85%"
"10/16/2023","28.878","28.878","29.270","27.752","3.76M","0.17%"
"10/13/2023","28.829","28.388","28.878","28.340","467.80K","1.55%"
"10/12/2023","28.388","28.388","28.780","27.507","1.35M","0.00%"
"10/11/2023","28.388","28.388","28.682","27.997","806.40K","0.00%"
"10/10/2023","28.388","28.291","28.682","27.850","1.88M","0.35%"
"10/09/2023","28.291","27.361","28.291","27.214","1.99M","3.21%"
"10/06/2023","27.410","28.388","28.388","27.214","3.58M","-3.11%"
"10/05/2023","28.291","29.025","29.025","27.459","1.16M","-2.03%"
"10/04/2023","28.878","28.633","28.927","28.535","1.01M","0.17%"
"10/03/2023","28.829","28.682","28.878","28.388","1.95M","0.51%"
"10/02/2023","28.682","27.410","28.829","27.410","1.66M","4.64%"
"09/29/2023","27.410","28.144","29.367","27.410","2.11M","-3.11%"
"09/28/2023","28.291","29.074","29.074","28.291","996.50K","-2.69%"
"09/27/2023","29.074","28.242","29.074","28.193","30.31M","1.37%"
"09/26/2023","28.682","29.172","29.857","28.682","41.66M","-1.35%"
"09/25/2023","29.074","29.074","29.123","28.193","12.56M","-0.17%"
"09/22/2023","29.123","30.297","30.297","29.025","9.49M","-4.03%"
"09/21/2023","30.346","29.857","31.129","29.857","28.03M","1.97%"
"09/20/2023","29.759","28.388","29.955","27.556","13.32M","4.83%"
"09/19/2023","28.388","28.193","28.731","27.752","5.55M","0.17%"
"09/18/2023","28.340","28.242","28.340","27.899","502.00K","0.17%"
"09/15/2023","28.291","28.193","28.340","27.507","625.10K","0.00%"
"09/14/2023","28.291","28.340","28.388","28.193","830.90K","-0.17%"
"09/13/2023","28.340","28.388","28.388","27.997","2.47M","-0.17%"
"09/12/2023","28.388","28.340","28.535","28.242","2.09M","0.17%"
"09/11/2023","28.340","28.340","28.682","27.459","2.41M","0.00%"
"09/08/2023","28.340","28.731","28.878","28.193","1.69M","-1.19%"
"09/07/2023","28.682","28.486","28.780","28.437","2.57M","0.69%"
"09/06/2023","28.486","28.046","28.682","27.410","10.58M","1.57%"
"09/05/2023","28.046","27.018","28.193","27.018","2.85M","2.32%"
"09/04/2023","27.410","26.773","27.556","26.773","1.30M","2.38%"
"09/01/2023","26.773","26.920","27.018","26.431","777.90K","1.11%"
"08/31/2023","26.480","26.088","26.480","25.892","3.19M","3.05%"
"08/30/2023","25.696","25.648","26.039","25.501","1.87M","0.96%"
"08/29/2023","25.452","26.088","26.088","25.305","504.40K","-2.62%"
"08/25/2023","26.137","25.990","26.284","25.990","2.13M","0.56%"
"08/24/2023","25.990","25.843","26.137","25.501","3.01M","0.95%"
"08/23/2023","25.745","25.452","25.892","25.452","903.70K","-0.75%"
"08/22/2023","25.941","25.941","25.941","25.550","1.73M","-0.19%"
"08/18/2023","25.990","25.794","26.039","25.452","909.10K","1.72%"
"08/17/2023","25.550","25.648","25.892","25.403","504.50K","0.38%"
"08/16/2023","25.452","25.648","25.648","25.354","1.32M","0.19%"
"08/15/2023","25.403","25.892","25.892","25.403","632.60K","-0.95%"
"08/14/2023","25.648","25.990","25.990","25.452","503.10K","-0.76%"
"08/11/2023","25.843","25.941","25.990","25.599","652.90K","-0.56%"
"08/10/2023","25.990","25.941","26.039","25.696","1.71M","0.57%"
"08/09/2023","25.843","25.941","25.941","25.696","533.10K","0.00%"
"08/08/2023","25.843","25.892","25.941","25.648","1.63M","0.00%"
"08/07/2023","25.843","25.892","25.892","25.648","719.50K","0.57%"
"08/04/2023","25.696","25.745","25.794","25.648","937.80K","0.19%"
"08/03/2023","25.648","25.452","25.648","25.354","1.06M","0.38%"
"08/02/2023","25.550","25.599","25.599","25.452","1.33M","0.00%"
"08/01/2023","25.550","25.550","25.599","25.452","3.29M","0.38%"
"07/31/2023","25.452","25.648","25.648","25.403","1.77M","-1.89%"
"07/28/2023","25.941","25.892","25.941","25.648","1.93M","1.73%"
"07/27/2023","25.501","25.794","25.794","25.452","1.49M","-0.38%"
"07/26/2023","25.599","25.696","25.941","25.452","2.65M","-1.32%"
"07/25/2023","25.941","25.403","25.941","25.354","1.02M","2.32%"
"07/24/2023","25.354","25.843","25.843","25.158","506.40K","-0.38%"
"07/21/2023","25.452","25.501","26.039","25.452","501.10K","-0.38%"
"07/20/2023","25.550","25.599","25.745","25.452","439.00K","-0.19%"
"07/19/2023","25.599","25.794","25.843","25.599","514.90K","-0.76%"
"07/18/2023","25.794","25.550","25.794","25.452","568.40K","0.00%"
"07/17/2023","25.794","26.039","26.186","25.452","981.80K","-0.94%"
"07/14/2023","26.039","25.941","26.137","25.892","1.78M","1.53%"
"07/13/2023","25.648","24.864","25.941","24.767","1.09M","0.77%"
"07/12/2023","25.452","25.256","25.550","24.669","1.70M","0.58%"
"07/11/2023","25.305","24.669","25.354","24.571","499.50K","0.19%"
"07/10/2023","25.256","24.864","25.256","24.620","409.80K","1.18%"
"07/07/2023","24.962","24.620","25.207","24.424","1.25M","0.99%"
"07/06/2023","24.718","24.571","25.109","24.522","650.30K","-0.98%"
"07/05/2023","24.962","25.354","25.354","24.571","1.41M","-0.39%"
"07/04/2023","25.060","24.864","25.452","24.130","1.01M","0.00%"
"07/03/2023","25.060","25.011","25.109","24.571","1.28M","0.00%"
"06/30/2023","25.060","24.913","25.109","24.473","1.84M","2.40%"
"06/29/2023","24.473","24.473","25.256","23.983","2.66M","-0.20%"
"06/27/2023","24.522","23.983","24.913","23.983","1.68M","2.24%"
"06/26/2023","23.983","24.032","24.375","23.494","891.20K","0.82%"
"06/23/2023","23.788","23.494","24.277","23.396","641.90K","0.83%"
"06/22/2023","23.592","23.494","23.788","23.445","881.20K","-0.82%"
"06/21/2023","23.788","23.788","23.885","23.396","3.77M","0.00%"
"06/20/2023","23.788","23.739","24.277","23.690","1.94M","0.41%"
"06/19/2023","23.690","23.885","24.326","23.690","4.03M","-0.82%"
"06/16/2023","23.885","23.739","24.277","23.494","1.93M","-0.41%"
"06/15/2023","23.983","24.179","24.326","22.711","916.20K","-1.41%"
"06/14/2023","24.326","23.004","24.375","23.004","1.54M","4.63%"
"06/13/2023","23.249","23.347","23.739","23.004","441.20K","-0.42%"
"06/09/2023","23.347","23.200","23.347","22.613","1.52M","-0.21%"
"06/08/2023","23.396","22.907","23.494","22.907","438.40K","2.80%"
"06/07/2023","22.760","23.494","23.739","22.662","2.73M","-3.93%"
"06/06/2023","23.690","23.690","23.885","23.494","1.16M","0.00%"
"06/05/2023","23.690","23.494","23.837","23.494","410.60K","1.04%"
"06/02/2023","23.445","23.885","23.885","23.298","793.40K","1.05%"
"06/01/2023","23.200","22.956","23.837","22.760","2.58M","1.50%"
"05/31/2023","22.858","22.172","23.004","22.172","1.82M","3.09%"
"05/30/2023","22.172","22.368","23.004","22.172","504.90K","-1.52%"
"05/29/2023","22.515","22.711","23.298","22.417","2.43M","-0.43%"
"05/26/2023","22.613","22.123","22.662","22.123","2.24M","2.67%"
"05/25/2023","22.026","23.494","23.543","21.242","7.40M","-6.25%"
"05/24/2023","23.494","24.081","24.277","23.396","2.01M","-2.64%"
"05/23/2023","24.130","24.277","24.473","24.081","3.55M","-1.40%"
"05/22/2023","24.473","25.011","25.011","24.277","2.79M","-3.66%"
"05/19/2023","25.403","25.256","25.452","25.011","1.10M","0.58%"
"05/18/2023","25.256","25.550","25.550","25.256","424.30K","-1.90%"
"05/17/2023","25.745","26.088","26.088","25.501","842.20K","-0.94%"
"05/16/2023","25.990","25.452","26.088","25.452","429.40K","1.34%"
"05/15/2023","25.648","25.941","26.137","25.550","592.20K","-1.13%"
"05/12/2023","25.941","26.186","26.235","25.452","1.20M","-0.56%"
"05/11/2023","26.088","25.648","26.137","25.501","870.90K","1.72%"
"05/10/2023","25.648","25.452","25.843","25.305","502.70K","0.77%"
"05/09/2023","25.452","25.550","25.843","25.403","1.56M","0.00%"
"05/08/2023","25.452","25.305","25.941","25.305","2.52M","-1.52%"
"05/05/2023","25.843","25.892","25.990","25.305","1.04M","-0.19%"
"05/04/2023","25.892","25.207","25.941","24.767","527.70K","2.72%"
"05/03/2023","25.207","24.962","25.207","24.620","554.50K","0.19%"
"05/02/2023","25.158","25.256","25.256","24.913","1.35M","-0.58%"
"04/28/2023","25.305","24.767","25.305","24.473","1.17M","2.17%"
"04/27/2023","24.767","24.864","24.913","24.473","495.40K","1.00%"
"04/26/2023","24.522","24.669","24.913","23.934","1.95M","0.20%"
"04/25/2023","24.473","24.081","24.962","23.788","467.70K","2.04%"
"04/24/2023","23.983","23.885","24.228","23.690","748.20K","-1.21%"
"04/20/2023","24.277","24.032","24.277","23.739","460.90K","0.40%"
"04/19/2023","24.179","24.228","24.228","23.739","516.20K","0.41%"
"04/18/2023","24.081","24.032","24.130","23.885","502.50K","-1.20%"
"04/17/2023","24.375","24.424","24.473","23.739","2.18M","3.11%"
"04/14/2023","23.641","24.179","24.179","23.641","564.60K","-1.02%"
"04/13/2023","23.885","23.592","23.885","23.543","1.36M","1.46%"
"04/12/2023","23.543","24.326","24.571","23.494","11.48M","-1.43%"
"04/11/2023","23.885","23.934","24.277","23.885","4.34M","-0.41%"
"04/05/2023","23.983","23.885","24.081","23.788","425.10K","0.00%"
"04/04/2023","23.983","23.983","24.326","23.885","503.40K","-1.80%"
"04/03/2023","24.424","24.913","24.913","24.032","715.90K","-3.48%"
"03/31/2023","25.305","23.885","25.305","23.690","1.16M","5.94%"
"03/30/2023","23.885","24.326","24.473","23.837","1.69M","-0.41%"
"03/29/2023","23.983","23.983","23.983","23.788","507.10K","0.82%"
"03/28/2023","23.788","23.837","23.885","23.641","1.39M","-0.21%"
"03/27/2023","23.837","23.934","23.983","23.592","825.30K","-0.41%"
"03/24/2023","23.934","24.228","24.228","23.788","501.50K","-0.20%"
"03/23/2023","23.983","23.788","23.983","23.494","902.20K","1.24%"
"03/22/2023","23.690","23.788","24.032","23.690","469.90K","-1.22%"
"03/21/2023","23.983","23.739","24.473","23.739","1.96M","1.45%"
"03/20/2023","23.641","23.641","24.326","23.641","525.50K","0.00%"
"03/17/2023","23.641","24.130","24.130","23.641","507.60K","-0.82%"
"03/16/2023","23.837","23.983","24.718","23.592","501.30K","-0.61%"
"03/15/2023","23.983","24.130","24.326","23.983","7.26M","-1.21%"
"03/14/2023","24.277","24.617","25.005","24.277","2.35M","-2.34%"
"03/13/2023","24.860","24.763","25.200","24.763","500.50K","0.59%"
"03/10/2023","24.714","25.297","25.297","24.714","505.70K","-2.12%"
"03/09/2023","25.248","25.248","25.297","24.763","1.95M","0.00%"
"03/08/2023","25.248","25.248","25.297","24.908","388.80K","0.00%"
"03/07/2023","25.248","25.248","25.345","24.811","1.53M","0.00%"
"03/06/2023","25.248","25.248","25.685","25.102","2.10M","0.00%"
"03/03/2023","25.248","25.248","25.491","25.054","858.00K","-0.95%"
"03/02/2023","25.491","25.345","25.491","25.054","967.20K","1.35%"
"03/01/2023","25.151","25.248","25.297","24.763","1.58M","-1.33%"
"02/28/2023","25.491","24.277","25.491","24.034","1.91M","5.00%"
"02/27/2023","24.277","24.277","24.763","23.986","505.40K","0.00%"
"02/24/2023","24.277","24.617","24.763","24.277","68.40K","0.00%"
"02/23/2023","24.277","24.617","24.763","24.277","68.40K","-0.79%"
"02/22/2023","24.471","24.714","24.714","24.277","998.90K","0.40%"
"02/21/2023","24.374","24.811","24.811","24.277","1.15M","-1.57%"
"02/20/2023","24.763","24.811","24.811","24.277","1.79M","0.00%"
"02/17/2023","24.763","24.763","24.957","24.520","435.60K","0.00%"
"02/16/2023","24.763","24.763","24.957","24.665","1.24M","-0.58%"
"02/15/2023","24.908","24.763","25.005","24.520","1.91M","0.59%"
"02/14/2023","24.763","24.763","25.005","24.763","2.11M","0.00%"
"02/13/2023","24.763","24.665","24.811","24.277","724.40K","0.39%"
"02/10/2023","24.665","23.986","24.665","23.986","418.20K","0.79%"
"02/09/2023","24.471","24.180","24.811","24.180","501.00K","-1.18%"
"02/08/2023","24.763","24.471","25.054","24.277","1.40M","1.19%"
"02/07/2023","24.471","24.228","24.520","23.743","651.70K","0.80%"
"02/06/2023","24.277","24.277","25.054","23.889","1.02M","0.81%"
"02/03/2023","24.083","24.568","24.617","24.083","4.33M","-0.60%"
"02/02/2023","24.228","24.277","24.665","23.889","5.12M","-1.77%"
"02/01/2023","24.665","23.792","24.763","23.792","1.80M","-1.55%"
"01/31/2023","25.054","23.112","25.054","23.015","2.66M","8.18%"
"01/30/2023","23.160","23.694","23.694","23.160","4.14M","-2.25%"
"01/27/2023","23.694","24.180","24.180","23.500","921.90K","-0.41%"
"01/26/2023","23.792","23.792","24.180","23.792","539.50K","0.00%"
"01/25/2023","23.792","24.423","24.423","23.646","1.33M","-2.78%"
"01/24/2023","24.471","24.083","24.908","23.840","2.00M","1.61%"
"01/23/2023","24.083","24.277","24.520","24.083","722.10K","0.00%"
"01/20/2023","24.083","23.597","24.617","23.597","675.20K","2.06%"
"01/19/2023","23.597","24.277","24.520","23.597","837.70K","-2.02%"
"01/18/2023","24.083","24.277","24.811","23.986","1.51M","-0.80%"
"01/17/2023","24.277","24.180","24.471","24.180","1.07M","0.60%"
"01/16/2023","24.131","23.889","24.277","23.889","1.77M","1.02%"
"01/13/2023","23.889","23.306","24.180","23.306","1.30M","2.50%"
"01/12/2023","23.306","23.306","23.646","23.209","6.10M","0.00%"
"01/11/2023","23.306","23.355","23.355","23.209","3.15M","0.00%"
"01/10/2023","23.306","23.937","24.034","23.306","2.09M","-2.24%"
"01/09/2023","23.840","24.180","24.277","23.792","501.50K","-1.41%"
"01/06/2023","24.180","24.714","24.714","24.180","805.70K","-1.19%"
"01/05/2023","24.471","24.520","25.054","24.471","511.00K","-2.33%"
"01/04/2023","25.054","24.957","25.345","23.792","643.60K","0.39%"
"01/03/2023","24.957","24.180","25.054","24.083","503.70K","-0.39%"
"12/29/2022","25.054","24.617","25.054","23.452","1.34M","1.78%"
"12/28/2022","24.617","24.277","24.665","23.792","501.70K","1.40%"
"12/27/2022","24.277","24.277","24.617","24.277","510.80K","0.00%"
"12/23/2022","24.277","23.937","24.763","23.937","501.60K","0.00%"
"12/22/2022","24.277","24.374","24.374","23.889","895.90K","2.46%"
"12/21/2022","23.694","23.549","24.617","23.549","586.30K","-1.21%"
"12/20/2022","23.986","23.694","23.986","23.694","557.60K","3.13%"
"12/19/2022","23.257","23.889","23.889","23.160","1.30M","-1.44%"
"12/16/2022","23.597","23.792","24.228","23.257","695.10K","-1.22%"
"12/15/2022","23.889","24.228","24.228","23.549","3.18M","-1.40%"
"12/14/2022","24.228","23.889","24.228","23.306","2.03M","4.39%"
"12/13/2022","23.209","23.549","24.180","23.209","504.90K","1.27%"
"12/12/2022","22.918","23.306","23.500","22.918","692.80K","-0.84%"
"12/09/2022","23.112","24.228","24.228","22.918","933.50K","-4.42%"
"12/07/2022","24.180","23.452","24.277","23.452","848.00K","3.32%"
"12/06/2022","23.403","23.792","24.277","23.306","1.74M","-0.62%"
"12/05/2022","23.549","23.452","24.034","23.160","3.69M","2.75%"
"12/02/2022","22.918","23.306","24.228","22.675","1.36M","-0.84%"
"12/01/2022","23.112","24.471","24.471","23.112","1.32M","-5.56%"
"11/29/2022","24.471","25.248","25.248","24.083","1.50M","-2.89%"
"11/28/2022","25.200","25.248","25.248","25.005","894.00K","-0.19%"
"11/25/2022","25.248","24.277","25.248","24.277","1.99M","4.00%"
"11/24/2022","24.277","24.277","24.374","24.083","1.10M","-0.20%"
"11/23/2022","24.326","24.665","24.714","24.034","588.30K","-1.38%"
"11/22/2022","24.665","24.374","24.665","24.277","497.30K","1.20%"
"11/21/2022","24.374","24.568","24.617","24.083","522.80K","-0.99%"
"11/18/2022","24.617","24.277","24.665","23.792","502.20K","1.40%"
"11/17/2022","24.277","24.471","24.471","23.792","505.50K","0.00%"
"11/16/2022","24.277","23.306","24.665","23.306","1.53M","4.17%"
"11/15/2022","23.306","23.549","24.034","23.160","938.00K","1.27%"
"11/14/2022","23.015","22.820","23.646","22.820","1.18M","0.85%"
"11/11/2022","22.820","23.257","23.452","22.723","526.70K","0.00%"
"11/10/2022","22.820","22.675","23.257","22.044","421.60K","2.17%"
"11/09/2022","22.335","23.306","23.306","22.141","1.82M","-1.50%"
"11/08/2022","22.675","23.500","23.694","22.675","1.01M","-3.51%"
"11/07/2022","23.500","23.306","23.549","23.306","428.50K","0.21%"
"11/04/2022","23.452","23.500","23.743","23.403","767.00K","-0.21%"
"11/03/2022","23.500","23.403","23.646","23.306","837.20K","0.41%"
"11/02/2022","23.403","23.792","23.792","23.063","646.40K","1.26%"
"10/28/2022","23.112","23.840","23.840","22.869","707.10K","0.85%"
"10/27/2022","22.918","22.869","23.160","22.723","701.80K","0.21%"
"10/26/2022","22.869","23.160","23.160","22.869","501.10K","-1.46%"
"10/25/2022","23.209","24.083","24.083","23.112","506.50K","-3.63%"
"10/24/2022","24.083","23.257","24.083","23.209","447.90K","3.77%"
"10/21/2022","23.209","23.597","23.597","22.820","1.20M","2.36%"
"10/20/2022","22.675","24.423","24.471","22.675","4.35M","-7.16%"
"10/19/2022","24.423","24.277","24.471","23.549","504.70K","0.60%"
"10/18/2022","24.277","24.131","24.277","22.578","909.90K","4.17%"
"10/17/2022","23.306","22.820","23.743","22.238","599.50K","2.13%"
"10/14/2022","22.820","23.500","24.228","22.820","1.13M","-1.26%"
"10/13/2022","23.112","22.820","23.306","21.849","1.25M","1.28%"
"10/12/2022","22.820","22.918","22.966","22.723","702.00K","2.17%"
"10/11/2022","22.335","23.063","23.063","22.335","512.40K","-2.75%"
"10/10/2022","22.966","22.481","23.306","22.481","695.70K","-0.42%"
"10/07/2022","23.063","22.918","23.063","22.626","501.40K","2.81%"
"10/06/2022","22.432","22.335","22.966","22.141","832.80K","-2.94%"
"10/05/2022","23.112","22.578","23.112","21.849","676.60K","3.48%"
"10/04/2022","22.335","22.044","22.578","22.044","723.80K","0.44%"
"10/03/2022","22.238","21.655","22.238","21.364","422.00K","1.78%"
"09/30/2022","21.849","21.607","22.335","21.364","607.10K","-0.44%"
"09/29/2022","21.946","20.927","22.335","20.927","1.92M","7.36%"
"09/28/2022","20.441","21.752","21.752","20.393","2.23M","-6.24%"
"09/27/2022","21.801","22.820","22.820","21.655","639.80K","-5.27%"
"09/26/2022","23.015","23.597","23.743","22.820","467.80K","0.00%"
"09/23/2022","23.015","23.597","23.743","22.820","467.80K","-3.27%"
"09/22/2022","23.792","23.792","23.792","23.015","590.90K","0.00%"
"09/21/2022","23.792","24.228","24.228","23.209","700.60K","-1.80%"
"09/20/2022","24.228","23.452","24.228","23.403","1.12M","3.31%"
"09/19/2022","23.452","23.403","23.646","23.015","559.10K","1.47%"
"09/16/2022","23.112","23.112","23.452","23.015","725.90K","-0.63%"
"09/15/2022","23.257","23.306","23.694","23.257","507.30K","-1.84%"
"09/14/2022","23.694","24.180","24.180","23.306","502.70K","-2.40%"
"09/13/2022","24.277","23.646","24.665","23.549","704.70K","3.09%"
"09/12/2022","23.549","22.820","23.889","22.578","523.30K","3.19%"
"09/09/2022","22.820","23.306","23.306","22.626","576.00K","-1.26%"
"09/08/2022","23.112","23.597","23.743","23.112","598.20K","-0.83%"
"09/07/2022","23.306","23.937","23.937","22.918","603.90K","-2.64%"
"09/06/2022","23.937","24.180","24.277","23.937","705.70K","0.61%"
"09/05/2022","23.792","23.355","24.083","23.355","1.48M","-1.41%"
"09/02/2022","24.131","23.112","24.131","23.112","520.60K","3.54%"
"09/01/2022","23.306","24.180","24.374","23.306","701.80K","-3.23%"
"08/31/2022","24.083","24.763","24.763","23.597","703.40K","-0.80%"
"08/30/2022","24.277","24.228","24.665","23.646","560.40K","0.00%"
"08/26/2022","24.277","24.471","24.665","23.792","1.40M","-0.20%"
"08/25/2022","24.326","23.840","24.665","23.646","751.80K","2.24%"
"08/24/2022","23.792","24.714","24.714","23.792","657.30K","-3.73%"
"08/23/2022","24.714","25.102","25.248","24.714","712.60K","-1.55%"
"08/22/2022","25.102","25.102","25.588","24.811","708.50K","0.00%"
"08/19/2022","25.102","24.763","25.248","24.763","462.00K","1.37%"
"08/18/2022","24.763","25.248","25.248","24.763","937.30K","-1.92%"
"08/17/2022","25.248","25.005","25.539","24.957","1.27M","0.78%"
"08/16/2022","25.054","24.180","25.394","23.694","4.47M","3.61%"
"08/15/2022","24.180","23.306","24.180","22.966","1.18M","3.75%"
"08/12/2022","23.306","23.889","24.277","23.063","1.01M","-4.00%"
"08/11/2022","24.277","24.277","24.568","24.180","707.50K","0.00%"
"08/10/2022","24.277","24.277","24.617","24.180","902.50K","0.00%"
"08/09/2022","24.277","24.665","24.763","23.889","745.90K","-1.57%"
"08/08/2022","24.665","24.374","24.665","24.326","714.80K","1.60%"
"08/05/2022","24.277","24.617","24.665","24.083","935.70K","-1.77%"
"08/04/2022","24.714","23.355","25.248","23.355","2.09M","3.88%"
"08/03/2022","23.792","22.529","23.792","22.383","1.73M","4.93%"
"08/02/2022","22.675","22.238","22.966","21.849","712.40K","3.78%"
"08/01/2022","21.849","23.015","23.015","21.461","700.40K","-4.26%"
"07/29/2022","22.820","23.063","23.257","22.772","707.90K","-1.05%"
"07/28/2022","23.063","22.383","23.306","22.286","741.30K","1.93%"
"07/27/2022","22.626","21.946","22.820","21.946","710.50K","3.10%"
"07/26/2022","21.946","21.412","21.995","21.364","700.70K","1.94%"
"07/25/2022","21.529","21.673","21.673","21.529","1.21M","-0.67%"
"07/22/2022","21.673","22.877","22.877","21.673","275.70K","-5.06%"
"07/21/2022","22.829","22.251","23.118","22.251","1.04M","2.60%"
"07/20/2022","22.251","22.492","23.455","22.251","704.40K","-2.53%"
"07/19/2022","22.829","22.396","24.900","22.396","702.90K","1.94%"
"07/18/2022","22.396","22.444","22.637","22.203","596.20K","-1.06%"
"07/15/2022","22.637","23.504","23.504","22.348","662.50K","-4.08%"
"07/14/2022","23.600","23.600","23.793","23.215","425.20K","-1.01%"
"07/13/2022","23.841","24.804","24.804","23.648","1.98M","-4.26%"
"07/12/2022","24.900","23.985","24.948","23.793","1.47M","4.02%"
"07/11/2022","23.937","23.215","23.985","23.022","1.09M","3.33%"
"07/08/2022","23.166","23.166","23.311","23.022","1.19M","0.21%"
"07/07/2022","23.118","23.263","23.311","22.926","1.89M","-0.62%"
"07/06/2022","23.263","21.770","23.359","21.770","4.08M","6.86%"
"07/05/2022","21.770","20.855","21.962","20.855","862.50K","4.15%"
"07/04/2022","20.903","21.529","21.529","20.710","532.60K","-4.30%"
"07/01/2022","21.842","21.255","21.842","20.767","796.40K","1.59%"
"06/30/2022","21.500","21.255","21.940","20.913","1.01M","1.15%"
"06/29/2022","21.255","21.500","21.500","20.620","805.10K","-1.14%"
"06/28/2022","21.500","21.500","21.500","20.571","714.70K","0.00%"
"06/27/2022","21.500","21.695","22.233","21.500","963.70K","-0.68%"
"06/24/2022","21.646","21.500","21.646","21.109","1.49M","0.68%"
"06/23/2022","21.500","21.500","21.549","21.353","4.26M","0.00%"
"06/22/2022","21.500","21.060","21.598","21.011","1.69M","2.09%"
"06/21/2022","21.060","21.011","21.500","20.718","729.60K","0.00%"
"06/20/2022","21.060","21.255","21.255","21.011","956.60K","-1.37%"
"06/17/2022","21.353","21.500","21.500","21.158","1.03M","-0.68%"
"06/16/2022","21.500","21.255","21.500","21.207","701.10K","1.38%"
"06/15/2022","21.207","21.207","21.255","21.158","1.07M","0.00%"
"06/14/2022","21.207","21.353","21.402","21.109","592.90K","0.93%"
"06/13/2022","21.011","21.255","21.402","21.011","1.49M","-0.69%"
"06/10/2022","21.158","20.571","21.695","20.425","1.63M","2.85%"
"06/09/2022","20.571","20.523","20.962","20.327","1.16M","0.24%"
"06/08/2022","20.523","20.669","20.767","20.425","8.12M","0.00%"
"06/07/2022","20.523","20.523","20.816","20.474","635.60K","0.00%"
"06/06/2022","20.523","20.620","21.060","20.474","1.39M","-0.71%"
"06/03/2022","20.669","21.011","21.060","20.523","408.10K","-2.31%"
"06/02/2022","21.158","21.109","21.744","21.060","2.27M","-0.23%"
"06/01/2022","21.207","21.598","22.184","21.207","457.10K","-1.36%"
"05/31/2022","21.500","21.158","22.233","21.060","1.08M","1.62%"
"05/30/2022","21.158","20.816","21.158","20.669","2.02M","1.64%"
"05/27/2022","20.816","20.865","20.962","20.620","701.60K","-1.62%"
"05/26/2022","21.158","21.109","21.158","19.692","1.20M","0.00%"
"05/25/2022","21.158","21.207","21.207","20.767","1.50M","0.00%"
"05/24/2022","21.158","21.109","21.255","21.109","1.19M","0.23%"
"05/23/2022","21.109","21.109","21.304","21.109","1.89M","0.00%"
"05/20/2022","21.109","21.060","21.304","21.011","2.64M","1.89%"
"05/19/2022","20.718","21.109","21.109","20.474","748.90K","-1.85%"
"05/18/2022","21.109","21.207","21.255","21.011","890.80K","0.00%"
"05/17/2022","21.109","20.376","21.158","20.376","1.13M","3.85%"
"05/16/2022","20.327","19.936","20.962","19.936","243.20K","2.21%"
"05/13/2022","19.887","20.669","20.669","19.790","464.10K","-5.35%"
"05/12/2022","21.011","19.643","21.011","19.643","370.40K","5.91%"
"05/11/2022","19.838","19.936","20.327","19.692","849.80K","-0.25%"
"05/10/2022","19.887","21.109","21.109","19.887","686.40K","-6.44%"
"05/06/2022","21.255","22.233","22.233","21.207","1.25M","-3.76%"
"05/05/2022","22.086","22.184","22.184","21.793","144.20K","1.80%"
"05/04/2022","21.695","22.379","22.379","21.598","419.00K","-3.06%"
"05/02/2022","22.379","21.744","22.477","21.549","56.20K","1.78%"
"04/29/2022","21.988","21.500","21.988","21.451","586.70K","2.27%"
"04/28/2022","21.500","21.598","21.940","21.304","214.10K","-0.23%"
"04/27/2022","21.549","21.549","22.477","21.500","355.40K","-0.90%"
"04/26/2022","21.744","22.037","22.135","21.549","3.52M","-1.11%"
"04/25/2022","21.988","21.988","22.477","21.988","866.00K","0.00%"
"04/22/2022","21.988","22.135","22.184","21.793","1.36M","0.00%"
"04/21/2022","21.988","22.037","22.233","21.988","855.70K","0.00%"
"04/20/2022","21.988","22.477","22.477","21.695","1.07M","-2.17%"
"04/19/2022","22.477","22.868","22.868","21.988","428.20K","3.60%"
"04/18/2022","21.695","22.037","22.330","21.549","486.10K","-4.22%"
"04/13/2022","22.650","23.500","23.500","22.500","346.60K","0.67%"
"04/12/2022","22.500","23.500","23.500","22.500","522.00K","-4.26%"
"04/11/2022","23.500","23.500","23.600","23.150","1.50M","0.00%"
"04/08/2022","23.500","23.300","23.500","23.000","1.05M","0.86%"
"04/07/2022","23.300","23.900","23.900","22.850","6.62M","-2.92%"
"04/06/2022","24.000","24.100","24.200","23.950","1.22M","-0.21%"
"04/05/2022","24.050","24.100","24.200","23.700","440.80K","-0.62%"
"04/04/2022","24.200","23.500","24.600","23.150","1.48M","4.09%"
"04/01/2022","23.250","23.050","24.500","23.000","2.26M","-1.06%"
"03/31/2022","23.500","23.000","23.500","22.800","4.45M","2.17%"
"03/30/2022","23.000","22.200","23.000","21.800","2.63M","3.60%"
"03/29/2022","22.200","22.100","22.200","21.650","1.12M","0.45%"
"03/28/2022","22.100","21.750","22.100","21.400","1.91M","2.79%"
"03/25/2022","21.500","21.850","21.900","21.450","222.70K","-1.38%"
"03/24/2022","21.800","21.550","21.800","21.250","897.60K","1.40%"
"03/23/2022","21.500","20.800","21.550","20.800","550.10K","1.65%"
"03/22/2022","21.150","20.550","21.200","20.000","1.30M","2.17%"
"03/21/2022","20.700","20.450","20.950","20.400","853.10K","1.47%"
"03/18/2022","20.400","21.500","21.750","20.050","1.90M","-2.39%"
"03/17/2022","20.900","21.350","21.500","20.600","1.22M","-1.65%"
"03/16/2022","21.250","21.500","21.600","21.000","353.70K","-1.16%"
"03/15/2022","21.500","20.150","21.500","19.800","1.57M","4.37%"
"03/14/2022","20.600","21.100","21.450","20.400","1.67M","-1.90%"
"03/11/2022","21.000","21.050","21.100","20.300","5.06M","-0.24%"
"03/10/2022","21.050","20.600","21.600","20.600","7.90M","5.36%"
"03/09/2022","19.980","21.400","21.800","19.980","5.11M","-6.64%"
"03/08/2022","21.400","22.900","22.900","21.100","1.53M","-6.14%"
"03/07/2022","22.800","24.450","24.500","22.750","1.66M","-6.94%"
"03/04/2022","24.500","25.300","25.300","24.500","1.47M","-3.16%"
"03/03/2022","25.300","24.800","25.600","24.800","216.70K","2.02%"
"03/02/2022","24.800","25.700","25.700","24.550","3.03M","-2.94%"
"03/01/2022","25.550","26.000","26.000","25.500","1.15M","-4.49%"
"02/28/2022","26.750","24.300","26.750","24.300","1.09M","7.00%"
"02/24/2022","25.000","25.300","25.450","24.500","1.07M","-1.38%"
"02/23/2022","25.350","25.600","25.600","25.300","459.80K","-0.98%"
"02/22/2022","25.600","24.550","25.650","24.550","841.80K","4.28%"
"02/21/2022","24.550","24.850","25.150","24.550","1.18M","0.00%"
"02/18/2022","24.550","24.800","24.800","24.300","468.50K","1.66%"
"02/17/2022","24.150","23.950","24.800","23.950","2.01M","1.26%"
"02/16/2022","23.850","23.700","24.100","23.700","3.03M","0.63%"
"02/15/2022","23.700","24.500","24.600","23.000","1.27M","-3.27%"
"02/14/2022","24.500","24.750","24.750","24.500","996.70K","-1.61%"
"02/11/2022","24.900","25.200","25.250","24.850","2.65M","0.20%"
"02/10/2022","24.850","24.950","25.000","24.800","3.36M","-0.40%"
"02/09/2022","24.950","25.450","25.500","24.800","2.35M","0.00%"
"02/08/2022","24.950","25.800","25.950","24.950","2.03M","-2.16%"
"02/07/2022","25.500","26.700","26.750","25.350","2.30M","-3.23%"
"02/04/2022","26.350","27.400","27.450","26.100","2.71M","-4.36%"
"02/03/2022","27.550","27.500","27.750","27.300","539.70K","1.10%"
"02/02/2022","27.250","28.300","28.400","27.250","1.26M","-3.71%"
"01/31/2022","28.300","28.000","28.300","27.300","2.59M","1.07%"
"01/28/2022","28.000","27.500","28.200","27.350","1.85M","1.82%"
"01/27/2022","27.500","28.000","28.000","27.000","1.66M","0.00%"
"01/26/2022","27.500","26.750","28.200","26.700","1.69M","3.77%"
"01/25/2022","26.500","26.150","26.600","26.150","1.10M","1.53%"
"01/24/2022","26.100","26.000","26.500","26.000","804.10K","0.77%"
"01/21/2022","25.900","26.750","26.750","25.900","3.62M","-3.18%"
"01/20/2022","26.750","27.050","27.200","26.600","763.70K","-0.93%"
"01/19/2022","27.000","27.400","27.550","27.000","1.16M","-1.46%"
"01/18/2022","27.400","27.500","27.600","27.400","1.04M","-0.18%"
"01/17/2022","27.450","27.300","27.900","27.300","1.82M","0.55%"
"01/14/2022","27.300","27.450","27.950","27.300","2.66M","0.00%"
"01/13/2022","27.300","27.650","28.000","27.100","1.91M","-0.55%"
"01/12/2022","27.450","27.400","27.600","27.050","2.27M","0.55%"
"01/11/2022","27.300","27.500","28.000","27.300","906.90K","-0.73%"
"01/10/2022","27.500","27.750","28.150","27.150","806.00K","-0.90%"
"01/07/2022","27.750","28.000","28.400","27.650","2.05M","-0.18%"
"01/06/2022","27.800","28.450","28.450","27.800","683.70K","-2.46%"
"01/05/2022","28.500","28.500","29.000","28.100","1.83M","0.00%"
"01/03/2022","28.500","28.800","28.800","27.800","907.60K","-2.56%"
"12/31/2021","29.250","27.900","29.250","27.900","1.07M","4.84%"
"12/29/2021","27.900","27.750","28.450","27.750","501.00K","-0.36%"
"12/28/2021","28.000","27.700","29.000","27.700","1.01M","1.63%"
"12/27/2021","27.550","27.000","27.550","27.000","9.93M","2.42%"
"12/24/2021","26.900","27.400","27.600","26.700","3.29M","1.89%"
"12/23/2021","26.400","26.400","26.850","26.400","2.61M","0.00%"
"12/22/2021","26.400","26.550","26.900","26.400","1.01M","-0.75%"
"12/21/2021","26.600","26.850","27.200","26.600","1.12M","-0.93%"
"12/20/2021","26.850","27.450","27.450","26.750","629.80K","-2.36%"
"12/17/2021","27.500","27.350","27.500","26.700","694.70K","0.55%"
"12/16/2021","27.350","27.000","27.400","26.550","735.30K","-0.18%"
"12/15/2021","27.400","27.500","27.550","27.050","2.81M","-0.36%"
"12/14/2021","27.500","27.500","27.650","27.250","951.90K","0.92%"
"12/13/2021","27.250","27.000","27.500","27.000","800.20K","0.93%"
"12/10/2021","27.000","27.400","27.400","26.850","1.97M","0.00%"
"12/09/2021","27.000","26.500","27.350","26.500","1.74M","1.89%"
"12/07/2021","26.500","26.050","26.800","26.050","1.31M","1.92%"
"12/06/2021","26.000","26.000","26.150","26.000","986.90K","0.00%"
"12/03/2021","26.000","26.900","26.900","26.000","1.02M","-2.80%"
"12/02/2021","26.750","26.100","26.950","26.050","784.50K","2.49%"
"12/01/2021","26.100","26.050","26.950","26.000","766.70K","-3.33%"
"11/29/2021","27.000","26.000","27.000","25.550","2.09M","2.27%"
"11/26/2021","26.400","26.450","26.450","26.000","724.20K","-0.19%"
"11/25/2021","26.450","26.400","26.500","26.350","786.00K","0.00%"
"11/24/2021","26.450","26.550","26.600","26.300","2.45M","-2.04%"
"11/23/2021","27.000","26.000","27.000","26.000","3.55M","4.05%"
"11/22/2021","25.950","25.050","26.000","24.700","961.80K","3.39%"
"11/19/2021","25.100","25.500","25.900","24.700","777.10K","0.00%"
"11/18/2021","25.100","24.950","25.550","24.950","2.00M","0.60%"
"11/17/2021","24.950","25.500","25.600","24.900","3.14M","-2.73%"
"11/16/2021","25.650","25.950","26.000","25.500","1.96M","-1.16%"
"11/15/2021","25.950","26.350","26.350","25.950","1.27M","-1.52%"
"11/12/2021","26.350","26.700","26.950","26.100","1.52M","-2.04%"
"11/11/2021","26.900","27.600","27.600","26.850","595.40K","-2.18%"
"11/10/2021","27.500","26.700","27.500","26.700","1.61M","3.19%"
"11/09/2021","26.650","27.750","27.900","26.650","1.44M","-3.96%"
"11/08/2021","27.750","27.750","27.800","27.500","1.75M","0.00%"
"11/05/2021","27.750","28.000","28.000","27.500","2.80M","-0.89%"
"11/04/2021","28.000","27.500","28.000","27.250","1.41M","1.82%"
"11/03/2021","27.500","27.650","27.850","27.250","711.90K","0.92%"
"11/02/2021","27.250","27.550","28.800","27.050","3.78M","-3.71%"
"10/29/2021","28.300","27.550","28.300","27.050","2.96M","4.81%"
"10/28/2021","27.000","26.900","27.000","26.400","714.60K","0.56%"
"10/27/2021","26.850","26.300","26.850","26.000","1.19M","2.09%"
"10/26/2021","26.300","27.300","27.800","26.250","758.20K","-3.31%"
"10/25/2021","27.200","26.800","27.200","26.100","1.79M","1.49%"
"10/22/2021","26.800","26.300","26.800","25.650","1.05M","2.29%"
"10/21/2021","26.200","25.700","26.200","25.500","1.83M","2.75%"
"10/20/2021","25.500","24.950","25.500","24.950","2.26M","2.20%"
"10/19/2021","24.950","25.500","26.150","24.850","4.65M","-4.04%"
"10/18/2021","26.000","26.000","26.000","25.000","5.11M","0.00%"
"10/15/2021","26.000","24.850","26.000","24.000","2.20M","4.84%"
"10/14/2021","24.800","25.150","25.900","24.800","956.50K","-1.20%"
"10/13/2021","25.100","25.650","26.000","25.100","1.26M","-2.14%"
"10/12/2021","25.650","26.350","26.900","25.500","1.58M","-2.47%"
"10/11/2021","26.300","27.100","27.450","26.250","1.67M","-4.36%"
"10/08/2021","27.500","28.050","28.050","26.950","775.20K","-1.61%"
"10/07/2021","27.950","28.000","28.300","27.750","1.75M","-0.18%"
"10/06/2021","28.000","28.100","28.600","27.750","775.40K","0.00%"
"10/05/2021","28.000","27.100","28.000","26.850","1.24M","3.51%"
"10/04/2021","27.050","27.700","27.700","26.850","734.30K","-1.99%"
"10/01/2021","27.600","27.450","27.750","27.000","516.40K","2.99%"
"09/30/2021","26.800","26.950","27.500","26.750","1.54M","-0.74%"
"09/29/2021","27.000","27.500","27.500","26.500","1.33M","-3.57%"
"09/28/2021","28.000","29.200","29.200","27.000","1.84M","-2.44%"
"09/27/2021","28.700","29.250","29.350","28.700","602.80K","-1.88%"
"09/24/2021","29.250","29.000","29.600","28.700","3.14M","0.86%"
"09/23/2021","29.000","28.850","29.000","28.100","1.40M","0.00%"
"09/22/2021","29.000","27.500","29.000","27.300","977.30K","6.42%"
"09/21/2021","27.250","27.250","27.800","27.200","755.60K","-2.85%"
"09/20/2021","28.050","28.500","29.000","27.250","1.11M","-1.58%"
"09/17/2021","28.500","28.200","29.000","28.200","1.95M","0.00%"
"09/16/2021","28.500","28.000","28.700","27.600","2.41M","1.79%"
"09/15/2021","28.000","27.200","28.150","27.100","1.59M","2.94%"
"09/14/2021","27.200","26.950","27.200","26.300","1.45M","3.62%"
"09/13/2021","26.250","27.100","27.100","26.250","1.40M","-3.31%"
"09/10/2021","27.150","27.000","27.150","26.200","1.06M","0.93%"
"09/09/2021","26.900","26.550","26.900","26.050","977.50K","1.70%"
"09/08/2021","26.450","26.200","26.450","25.800","981.20K","0.95%"
"09/07/2021","26.200","26.500","26.950","26.050","6.72M","-1.13%"
"09/06/2021","26.500","25.950","26.600","25.950","2.20M","2.12%"
"09/03/2021","25.950","26.000","27.050","25.950","2.03M","1.76%"
"09/02/2021","25.500","25.300","25.500","25.000","1.59M","0.00%"
"09/01/2021","25.500","25.300","25.500","24.850","2.01M","0.00%"
"08/31/2021","25.500","25.200","25.500","24.700","2.68M","1.19%"
"08/27/2021","25.200","25.000","25.200","24.750","1.78M","0.60%"
"08/26/2021","25.050","25.300","25.300","25.000","159.80K","-0.40%"
"08/25/2021","25.150","25.350","25.350","25.000","411.70K","0.60%"
"08/24/2021","25.000","24.800","25.150","24.700","932.30K","0.81%"
"08/23/2021","24.800","25.000","25.100","24.500","760.80K","-0.80%"
"08/20/2021","25.000","24.800","25.100","24.350","835.20K","2.67%"
"08/19/2021","24.350","24.800","25.300","24.250","702.60K","-1.62%"
"08/18/2021","24.750","24.750","25.450","24.700","708.20K","-0.40%"
"08/17/2021","24.850","25.500","25.500","24.750","873.10K","-2.55%"
"08/16/2021","25.500","24.750","25.500","24.600","1.76M","6.25%"
"08/13/2021","24.000","25.500","25.500","24.000","954.40K","-5.88%"
"08/12/2021","25.500","25.450","25.500","25.000","802.40K","0.00%"
"08/11/2021","25.500","25.450","25.600","24.700","2.52M","0.20%"
"08/10/2021","25.450","24.700","25.450","24.500","224.80K","2.00%"
"08/09/2021","24.950","25.000","25.450","24.750","766.10K","-0.20%"