Date,Benchmark
2021-07-01,100.0
2021-07-02,100.24606205567258
2021-07-05,100.41754431111933
2021-07-06,99.56570552453519
2021-07-07,99.99872238043363
2021-07-08,98.69876538794426
2021-07-09,99.18121058735602
2021-07-12,99.76670607813304
2021-07-13,100.07797335592613
2021-07-14,99.93332049812203
2021-07-15,99.50073095097967
2021-07-16,98.98565884336807
2021-07-19,97.53497791610388
2021-07-20,98.6681027669132
2021-07-21,98.2593185756921
2021-07-22,98.09827500589836
2021-07-23,96.67455831657813
2021-07-26,94.34176243744254
2021-07-27,93.69167103253082
2021-07-28,95.36562766098885
2021-07-29,95.4145589466492
2021-07-30,93.98653973847001
2021-08-02,94.8105783408709
2021-08-03,95.68399506928478
2021-08-04,96.10984422230082
2021-08-05,95.59289009410853
2021-08-06,95.5989357044399
2021-08-09,96.96402578953956
2021-08-10,96.52613389880293
2021-08-11,97.02282362667671
2021-08-12,95.65009493078966
2021-08-13,94.47844942392419
2021-08-16,94.95858961740299
2021-08-17,94.16756505880986
2021-08-18,94.8055603277831
2021-08-19,93.85684934649683
2021-08-20,93.29495282651008
2021-08-23,93.7756688627091
2021-08-24,95.59604930506143
2021-08-25,95.84360872580388
2021-08-26,95.15342135717742
2021-08-27,95.72469745025364
2021-08-30,95.79134297758401
2021-08-31,97.1395180767742
2021-09-01,97.28861804807711
2021-09-02,97.82008609805514
2021-09-03,98.14262938392926
2021-09-06,98.04196288516454
2021-09-07,98.94768620373746
2021-09-08,98.28500564274074
2021-09-09,98.27404907503264
2021-09-10,97.91091436708518
2021-09-13,98.13257474651309
2021-09-14,97.28039407216066
2021-09-15,96.83397596153694
2021-09-16,96.27401536357539
2021-09-17,96.33966570289508
2021-09-20,94.23071127991761
2021-09-21,94.92043782809256
2021-09-22,95.89889201639114
2021-09-23,96.56851286626025
2021-09-24,95.69458056993253
2021-09-27,96.92515165100602
2021-09-28,96.03596035675227
2021-09-29,95.78698076772025
2021-09-30,96.3793789463532
2021-10-01,96.05489810628814
2021-10-04,94.80193899455438
2021-10-05,95.66952705185719
2021-10-06,95.27065038396364
2021-10-07,96.57713134065693
2021-10-08,96.12452423978576
2021-10-11,96.9113437820846
2021-10-12,96.9343261206745
2021-10-13,97.69759004746584
2021-10-14,97.79652810356822
2021-10-15,99.08707995455197
2021-10-18,98.92947438555743
2021-10-19,100.63526178307998
2021-10-20,100.56142014567166
2021-10-21,100.36142769041317
2021-10-22,100.16327109107891
2021-10-25,99.7479538816726
2021-10-26,99.65837575410967
2021-10-27,99.12787326132062
2021-10-28,98.63109167115732
2021-10-29,97.40053993667925
2021-11-01,97.54317708536479
2021-11-02,97.13085721760322
2021-11-03,97.59424148095317
2021-11-04,98.12185477645866
2021-11-05,98.3143305655714
2021-11-08,99.06650158622793
2021-11-09,98.66342542801144
2021-11-10,98.28599930705403
2021-11-11,98.74921539891406
2021-11-12,99.50898350887446
2021-11-15,98.74417197778415
2021-11-16,99.59954073072849
2021-11-17,99.5142722458094
2021-11-18,98.40290940380712
2021-11-19,98.32481863791793
2021-11-22,98.13973876476233
2021-11-23,98.7856272668735
2021-11-24,98.67336116096764
2021-11-25,98.42292315282701
2021-11-26,95.84456268789023
2021-11-29,95.74851829554626
2021-11-30,95.59629621561962
2021-12-01,94.37292704326316
2021-12-02,95.52795102007562
2021-12-03,94.64204998003528
2021-12-06,95.55876261226362
2021-12-07,96.79787234134162
2021-12-08,97.02452305883543
2021-12-09,97.13177435431055
2021-12-10,97.1206684095113
2021-12-13,94.49370301724122
2021-12-14,96.3169737786159
2021-12-15,95.36348264134264
2021-12-16,95.57906954568412
2021-12-17,95.31750764199518
2021-12-20,93.92952350485723
2021-12-21,94.62041319457592
2021-12-22,94.73077566389908
2021-12-23,96.12060475072697
2021-12-24,95.78794468458892
2021-12-27,95.94655233496857
2021-12-28,96.34776522580714
2021-12-29,96.85099478674172
2021-12-30,98.32921036392719
2021-12-31,96.89565034144634
2022-01-03,96.48195096925178
2022-01-04,96.88675005623543
2022-01-05,96.3037738451966
2022-01-06,95.75470258372357
2022-01-07,96.75697660518783
2022-01-10,96.93169672943343
2022-01-11,98.32161319889721
2022-01-12,99.04019228498727
2022-01-13,98.85483049144167
2022-01-14,98.8313587541039
2022-01-17,98.64284066738965
2022-01-18,98.59305524127515
2022-01-19,98.57811544983454
2022-01-20,98.58406221301706
2022-01-21,98.04391799443287
2022-01-24,96.64076285167502
2022-01-25,96.99324840365605
2022-01-26,95.4008275939942
2022-01-27,94.98732582920874
2022-01-28,94.92264850278467
2022-01-31,97.01500630278959
2022-02-01,97.5132322840665
2022-02-02,97.90149795388075
2022-02-03,96.84102663573506
2022-02-04,97.49185876097465
2022-02-07,96.96276187153836
2022-02-08,98.53173353477244
2022-02-09,99.76737541091688
2022-02-10,98.63938343331176
2022-02-11,96.86394894766167
2022-02-14,96.47132997280121
2022-02-15,97.8337705469977
2022-02-16,98.66510024915533
2022-02-17,98.14348012006354
2022-02-18,97.58891806945073
2022-02-21,97.35501527177976
2022-02-22,96.88543103902487
2022-02-23,95.69019552112451
2022-02-24,93.85485419723702
2022-02-25,95.08943577164595
2022-02-28,94.80887205627775
2022-03-01,94.82456455577721
2022-03-02,94.58777911975227
2022-03-03,94.30901946471127
2022-03-04,92.76970087674493
2022-03-07,90.6549075067292
2022-03-08,89.99900117109914
2022-03-09,91.56409726944364
2022-03-10,90.60706771034984
2022-03-11,89.60754750189341
2022-03-14,86.6658263681026
2022-03-15,88.08338173785648
2022-03-16,92.77640367713431
2022-03-17,92.50298552669452
2022-03-18,92.93916894909415
2022-03-21,91.74052802122333
2022-03-22,93.1840314733634
2022-03-23,92.39973150809388
2022-03-24,93.09232837382145
2022-03-25,92.56109840448977
2022-03-28,92.57126502329696
2022-03-29,93.45638407089592
2022-03-30,93.44255427512846
2022-03-31,92.58205313387904
2022-04-01,92.9476214279965
2022-04-04,93.95804392537815
2022-04-05,92.67653152255048
2022-04-06,91.56673021952537
2022-04-07,90.22579462598318
2022-04-08,90.82134912639351
2022-04-11,89.70309877560555
2022-04-12,89.75574655615938
2022-04-13,91.02710014013566
2022-04-14,90.27649246140459
2022-04-18,89.98199505607093
2022-04-19,90.31574502326171
2022-04-20,90.7694072990356
2022-04-21,89.00516294834858
2022-04-22,88.59249477166429
2022-04-25,88.17978209390589
2022-04-26,86.97308433355252
2022-04-27,86.96769648790979
2022-04-28,87.77497827363487
2022-04-29,87.58063719327681
2022-05-02,87.36222859982848
2022-05-03,88.2127960388654
2022-05-04,89.18950100175715
2022-05-05,87.16912012480074
2022-05-06,85.82546062406458
2022-05-09,84.23925560443827
2022-05-10,85.00984597416166
2022-05-11,83.72453454451849
2022-05-12,82.807659597614
2022-05-13,83.77204731417653
2022-05-16,83.76355360458004
2022-05-17,85.81866159229658
2022-05-18,85.26320236492884
2022-05-19,85.61392811138063
2022-05-20,86.05155115604353
2022-05-23,86.17702898664736
2022-05-24,84.61217348374234
2022-05-25,85.02018391480503
2022-05-26,85.90904334296039
2022-05-27,87.0963334955427
2022-05-30,87.57971723218193
2022-05-31,88.05169570686235
2022-06-01,87.40335605393516
2022-06-02,88.63090916021616
2022-06-03,87.54705689497357
2022-06-06,88.59283616667406
2022-06-07,89.20374960906938
2022-06-08,89.3872889957506
2022-06-09,88.43813866012235
2022-06-10,86.80708562995223
2022-06-13,84.64536634636625
2022-06-14,85.9172955948337
2022-06-15,85.67867403935908
2022-06-16,84.30925309521054
2022-06-17,84.60175388565882
2022-06-20,84.61371479628946
2022-06-21,85.9783481514668
2022-06-22,84.55158361306417
2022-06-23,84.41139529324468
2022-06-24,86.76727346142351
2022-06-27,87.03494088405571
2022-06-28,87.2212997018203
2022-06-29,86.84057175759061
2022-06-30,86.12317244226739
2022-07-01,85.78620787961948
2022-07-04,85.87803007762244
2022-07-05,86.28755847787983
2022-07-06,86.76550142426112
2022-07-07,88.09483648516593
2022-07-08,88.15803245006614
2022-07-11,86.48218971242977
2022-07-12,86.46140452804467
2022-07-13,85.93519400431425
2022-07-14,85.80617233427813
2022-07-15,85.50237609530988
2022-07-18,86.26520077253602
2022-07-19,87.42557870870522
2022-07-20,86.79340163289865
2022-07-21,87.34495262626
2022-07-22,86.73665127138256
2022-07-25,86.35993388593883
2022-07-26,85.72289839058445
2022-07-27,86.47799936443656
2022-07-28,87.2063988988468
2022-07-29,86.80720223726547
2022-08-01,85.53152689602663
2022-08-02,85.82706864411239
2022-08-03,86.90954113862759
2022-08-04,87.65310556176469
2022-08-05,87.08083131959586
2022-08-08,87.00283425841405
2022-08-09,86.88249886040882
2022-08-10,87.60910426889936
2022-08-11,88.73823675642006
2022-08-12,89.28547164697937
2022-08-15,89.41565221207564
2022-08-16,90.31922781442546
2022-08-17,89.69741037997073
2022-08-18,89.53020656735352
2022-08-19,89.04461813324085
2022-08-22,87.84567738025824
2022-08-23,87.85972351372445
2022-08-24,87.81166511993334
2022-08-25,89.47137477222657
2022-08-26,88.75595950127618
2022-08-29,88.34953902321126
2022-08-30,87.75087455091827
2022-08-31,87.70147919095896
2022-09-01,87.20356573266918
2022-09-02,87.64977124860778
2022-09-05,87.56629273056875
2022-09-06,87.2418583470965
2022-09-07,87.0822397061851
2022-09-08,86.99194726313705
2022-09-09,87.92670548035
2022-09-12,88.78604897336962
2022-09-13,87.14870740784477
2022-09-14,86.97747433634586
2022-09-15,86.24255385256737
2022-09-16,86.0301849277033
2022-09-19,85.6134945929399
2022-09-20,85.29058038950123
2022-09-21,84.16343888334443
2022-09-22,83.91644238171291
2022-09-23,82.88207619073147
2022-09-26,82.75506627110671
2022-09-27,81.72589708548459
2022-09-28,81.21169373045353
2022-09-29,79.89477276874248
2022-09-30,78.54142962175696
2022-10-03,79.35672783915038
2022-10-04,82.32188770260908
2022-10-05,82.1141305878612
2022-10-06,81.58157588193939
2022-10-07,80.58479811045044
2022-10-10,79.29745684959482
2022-10-11,78.65086801101845
2022-10-12,78.69939085579529
2022-10-13,78.81460940689578
2022-10-14,78.39246234343531
2022-10-17,79.81924793025229
2022-10-18,80.40766661983565
2022-10-19,79.40843447736785
2022-10-20,79.46182643940409
2022-10-21,79.40661968823431
2022-10-24,77.36392936040075
2022-10-25,78.11231978658893
2022-10-26,79.14399999383417
2022-10-27,78.76597456415166
2022-10-28,78.12577209543261
2022-10-31,77.5394821923451
2022-11-01,78.61659740093731
2022-11-02,78.71870968514972
2022-11-03,79.09463956619672
2022-11-04,81.6911093680929
2022-11-07,81.86659359692759
2022-11-08,82.06790543059132
2022-11-09,81.0002394201775
2022-11-10,82.82913998826727
2022-11-11,84.1463161218481
2022-11-14,84.22603735880043
2022-11-15,86.06516793193582
2022-11-16,85.22191562778758
2022-11-17,85.72275460941242
2022-11-18,85.41308562165065
2022-11-21,84.16819357728987
2022-11-22,84.64660130703471
2022-11-23,85.36725241599461
2022-11-24,85.46872383447351
2022-11-25,85.00570151289523
2022-11-28,85.22069492027418
2022-11-29,87.0305219803073
2022-11-30,88.65699587432192
2022-12-01,88.26414832200113
2022-12-02,86.90704572006248
2022-12-05,85.97229718413836
2022-12-06,87.31182687639158
2022-12-07,86.06481763136921
2022-12-08,86.36899568445347
2022-12-09,86.46216967095025
2022-12-12,86.37065366876533
2022-12-13,87.25234683061655
2022-12-14,87.26094022782769
2022-12-15,85.85468171003592
2022-12-16,85.87870295963313
2022-12-19,84.9840740919672
2022-12-20,84.8909832736691
2022-12-21,85.22941840311152
2022-12-22,84.94640289635132
2022-12-23,85.21098316270418
2022-12-27,86.17636294018615
2022-12-28,85.62505502103016
2022-12-29,87.09378131502405
2022-12-30,85.86005501827883
2023-01-03,86.77286971240817
2023-01-04,89.41211320438663
2023-01-05,89.4859466769629
2023-01-06,89.88177487555797
2023-01-09,90.51619304860614
2023-01-10,89.86756622574143
2023-01-11,89.80467746183841
2023-01-12,90.992194760422
2023-01-13,92.00473154018765
2023-01-16,92.47685867094616
2023-01-17,91.51324763747053
2023-01-18,91.66828153946493
2023-01-19,92.0319488496002
2023-01-20,92.96354125035668
2023-01-23,93.30842375898308
2023-01-24,92.87234221275386
2023-01-25,93.51783327367971
2023-01-26,93.84409517028578
2023-01-27,93.47280543213512
2023-01-30,91.90343112266507
2023-01-31,90.92481288396164
2023-02-01,93.05390758460891
2023-02-02,91.84595868496396
2023-02-03,90.66676437659885
2023-02-06,89.21908063737692
2023-02-07,90.48923464791037
2023-02-08,90.88612797958282
2023-02-09,90.61048485451491
2023-02-10,90.02613909627894
2023-02-13,89.96375282527617
2023-02-14,89.84807157548771
2023-02-15,89.54250602021955
2023-02-16,90.05540101246055
2023-02-17,89.07468017988512
2023-02-20,88.89927884887885
2023-02-21,88.28463901074163
2023-02-22,87.66440777799687
2023-02-23,87.76418155316333
2023-02-24,86.364137124681
2023-02-27,86.1454352223584
2023-02-28,86.0564769656776
2023-03-01,87.56079223183889
2023-03-02,87.44850004871337
2023-03-03,88.11927738957448
2023-03-06,88.43438959183081
2023-03-07,87.30774534018248
2023-03-08,87.58632944977703
2023-03-09,85.95040790032348
2023-03-10,85.40501668294097
2023-03-13,85.39409843649321
2023-03-14,84.79317686752407
2023-03-15,84.00954594335664
2023-03-16,84.61800472776163
2023-03-17,84.35137264073019
2023-03-20,84.3947285548478
2023-03-21,84.87577060612024
2023-03-22,85.29404144192674
2023-03-23,86.27507417463144
2023-03-24,86.31726512012432
2023-03-27,85.90236870143289
2023-03-28,86.43555824851009
2023-03-29,86.93541002584851
2023-03-30,87.47908545054321
2023-03-31,86.69234839275757
2023-04-03,86.99581615513594
2023-04-04,86.8762560720249
2023-04-05,86.27632915429834
2023-04-06,86.75137275234611
2023-04-10,86.94477625753822
2023-04-11,87.19505889388401
2023-04-12,86.82752291264825
2023-04-13,87.74751348688551
2023-04-14,87.4972574632464
2023-04-17,88.08249605603811
2023-04-18,88.47817621060167
2023-04-19,88.0845107767144
2023-04-20,88.37102458776343
2023-04-21,87.47756733800742
2023-04-24,87.54670389849794
2023-04-25,86.10723572841049
2023-04-26,86.12099845384354
2023-04-27,87.14354605950143
2023-04-28,87.69699169779616
2023-05-01,87.3502297004117
2023-05-02,87.13316909343041
2023-05-03,86.63222497681201
2023-05-04,87.36893592407554
2023-05-05,88.01479107773443
2023-05-08,87.55995482307486
2023-05-09,87.30370863038145
2023-05-10,87.78974932035987
2023-05-11,87.50167503769893
2023-05-12,86.4120657054124
2023-05-15,87.41684898830019
2023-05-16,87.43877338595786
2023-05-17,87.9554139972179
2023-05-18,87.48329971998254
2023-05-19,87.58536735594274
2023-05-22,87.66483781823878
2023-05-23,86.60914832385248
2023-05-24,86.48147428398252
2023-05-25,85.97452785807826
2023-05-26,87.16360572321314
2023-05-29,87.4800324237743
2023-05-30,86.43531198384161
2023-05-31,86.09400172139718
2023-06-01,86.69284729486047
2023-06-02,87.83125509048998
2023-06-05,87.67974603136257
2023-06-06,87.8895841172679
2023-06-07,88.08111557039764
2023-06-08,88.38015868196877
2023-06-09,88.28464993918526
2023-06-12,88.49301926358343
2023-06-13,89.15929931598086
2023-06-14,88.89327658213368
2023-06-15,89.49408596670256
2023-06-16,89.4320520747484
2023-06-19,89.1405533450912
2023-06-20,87.74816564876295
2023-06-21,87.142960209306
2023-06-22,87.01296001736145
2023-06-23,86.03467791791208
2023-06-26,87.05925641855505
2023-06-27,87.55356214155094
2023-06-28,86.72251626761994
2023-06-29,86.45218805279976
2023-06-30,86.82766055514934
2023-07-03,87.50078106179016
2023-07-04,87.5322440973247
2023-07-05,87.09575595915139
2023-07-06,86.06864769642081
2023-07-07,86.27071831276557
2023-07-10,86.23470593594978
2023-07-11,86.92137347928721
2023-07-12,88.14149897952589
2023-07-13,88.7192909632045
2023-07-14,88.49283690734589
2023-07-17,88.12077258556647
2023-07-18,87.51672726256123
2023-07-19,87.47131206742608
2023-07-20,87.70161890290801
2023-07-21,87.77068590388691
2023-07-24,88.47554861683443
2023-07-25,88.87890772322467
2023-07-26,89.32374977360104
2023-07-27,88.71013658823352
2023-07-28,90.23573828418006
2023-07-31,90.23425202173058
2023-08-01,89.38377021186065
2023-08-02,87.53602078039616
2023-08-03,88.8909044764158
2023-08-04,88.44701264355649
2023-08-07,88.07930586067283
2023-08-08,88.21753949278785
2023-08-09,88.75764012854981
2023-08-10,88.4435618309025
2023-08-11,87.1515180954064
2023-08-14,86.888403343049
2023-08-15,86.46179232215167
2023-08-16,86.29037356203466
2023-08-17,86.00180154729142
2023-08-18,85.1916226745389
2023-08-21,84.7341916972115
2023-08-22,84.31223624503625
2023-08-23,84.80065442744146
2023-08-24,85.1176382868001
2023-08-25,85.06753986456103
2023-08-28,85.6038103330433
2023-08-29,86.8847966619611
2023-08-30,86.96777507123386
2023-08-31,85.92848792188792
2023-09-01,86.52811573679315
2023-09-04,86.69708507215665
2023-09-05,86.34264494221824
2023-09-06,86.5840974219069
2023-09-07,85.55366265363915
2023-09-08,85.53914388910724
2023-09-11,86.15177354747613
2023-09-12,86.00866942126585
2023-09-13,85.444983920766
2023-09-14,86.12960836510631
2023-09-15,85.58030276779678
2023-09-18,85.6456815486267
2023-09-19,84.5822245728083
2023-09-20,84.4285029921041
2023-09-21,83.71380402646628
2023-09-22,84.8019945772671
2023-09-25,84.75280302483533
2023-09-26,84.40822421021872
2023-09-27,85.49208711673033
2023-09-28,85.36341707375419
2023-09-29,84.80788300291928
2023-10-02,84.57661029725753
2023-10-03,84.00374798027656
2023-10-04,83.89970694181804
2023-10-05,83.45441290147805
2023-10-06,84.70207391652073
2023-10-09,84.45823189532115
2023-10-10,85.37628107418288
2023-10-11,85.5898200637501
2023-10-12,84.85334448906532
2023-10-13,84.89280448042186
2023-10-16,84.83020148598342
2023-10-17,84.85547220710329
2023-10-18,83.98299525587584
2023-10-19,83.60773343190813
2023-10-20,82.51457571901007
2023-10-23,82.27435390089458
2023-10-24,82.69966877678357
2023-10-25,81.97606753403375
2023-10-26,81.49298830677301
2023-10-27,81.35930348904775
2023-10-30,82.0174078145624
2023-10-31,81.37841927870879
2023-11-01,81.79803628968448
2023-11-02,82.48431426976309
2023-11-03,83.62205520728331
2023-11-06,83.39914194255736
2023-11-07,83.88437312937002
2023-11-08,83.81266170424344
2023-11-09,83.33244012676134
2023-11-10,83.65412631254725
2023-11-13,83.49533080864126
2023-11-14,84.6199130281592
2023-11-15,85.13838385763796
2023-11-16,84.85874894927323
2023-11-17,84.94546974277452
2023-11-20,85.23084963975646
2023-11-21,84.74788895784498
2023-11-22,85.04952828078092
2023-11-23,85.01444801457967
2023-11-24,85.03632389037305
2023-11-27,85.01230077050087
2023-11-28,85.44340620101522
2023-11-29,84.39340687038978
2023-11-30,84.52602302471772
2023-12-01,85.08065107890842
2023-12-04,84.3360478710471
2023-12-05,84.21006324981661
2023-12-06,83.98463128378201
2023-12-07,84.00617186329647
2023-12-08,83.91546013909512
2023-12-11,84.22446834323166
2023-12-12,84.77070054197347
2023-12-13,84.99414714706855
2023-12-14,86.45468230001525
2023-12-15,86.59893957209849
2023-12-18,86.6043064501128
2023-12-19,87.23083912583633
2023-12-20,86.08940462891093
2023-12-21,87.00943477157936
2023-12-22,86.47657899417715
2023-12-26,86.98528209405984
2023-12-27,87.01012007522102
2023-12-28,88.16527995012538
2023-12-29,87.64284728934786
2024-01-02,87.29973630382838
2024-01-03,87.01093403906393
2024-01-04,87.3221240324414
2024-01-05,87.29590003090033
2024-01-08,87.2566330232093
2024-01-09,86.67717067950421
2024-01-10,86.63368607909813
2024-01-11,87.27282454979203
2024-01-12,87.53926630638838
2024-01-15,87.7265794675549
2024-01-16,85.89498725500265
2024-01-17,84.8284941477504
2024-01-18,85.05157554476375
2024-01-19,85.4586983810461
2024-01-22,85.44322576298859
2024-01-23,86.59868119321463
2024-01-24,87.62847062524528
2024-01-25,87.49975621606887
2024-01-26,87.87325680825523
2024-01-29,87.35669980102261
2024-01-30,86.89681841005763
2024-01-31,86.64116593621624
2024-02-01,86.82688172067901
2024-02-02,86.88116138625503
2024-02-05,87.30263280585038
2024-02-06,88.94987287177842
2024-02-07,89.15669493442381
2024-02-08,88.80253079727143
2024-02-09,89.09506063864927
2024-02-12,89.23259793215155
2024-02-13,88.2236371955203
2024-02-14,89.33430338951106
2024-02-15,89.72563706105035
2024-02-16,89.678538301381
2024-02-19,89.30350951919087
2024-02-20,89.81240843138397
2024-02-21,90.0723546937144
2024-02-22,90.7340415151743
2024-02-23,90.7524667945492
2024-02-26,90.42936939683284
2024-02-27,90.5054826647561
2024-02-28,89.86928385410494
2024-02-29,90.42497851892873
2024-03-01,91.00297853813662
2024-03-04,90.90823327270485
2024-03-05,90.12199840917313
2024-03-06,90.84962684034521
2024-03-07,90.87567180344003
2024-03-08,91.33717508386745
2024-03-11,91.06112036596534
2024-03-12,91.51494771179654
2024-03-13,91.84140127697981
2024-03-14,91.43987931236418
2024-03-15,90.458266978915
2024-03-18,90.82622335241163
2024-03-19,90.52075852439717
2024-03-20,91.26637830995472
2024-03-21,92.08478621945989
2024-03-22,91.204568901708
2024-03-25,91.44939030302987
2024-03-26,91.60974031678415
2024-03-27,91.66571379072994
2024-03-28,91.86113124373294
2024-04-01,92.4376897002314
2024-04-02,92.56531318378053
2024-04-03,92.1179821662679
2024-04-04,91.66254780743759
2024-04-05,91.66212270943481
2024-04-08,91.76301686088328
2024-04-09,92.09525420774014
2024-04-10,91.23535433931428
2024-04-11,91.62013128656952
2024-04-12,90.01343636988653
2024-04-15,89.32683089305048
2024-04-16,88.15133631820763
2024-04-17,88.575777032496
2024-04-18,89.37046078039182
2024-04-19,88.57275814682507
2024-04-22,89.58077208152572
2024-04-23,90.47763834065675
2024-04-24,91.05422238157462
2024-04-25,91.78554633207114
2024-04-26,92.46912443258276
2024-04-29,93.71579840109496
2024-04-30,92.5841181746279
2024-05-01,92.75682418189396
2024-05-02,94.03813155535302
2024-05-03,94.20578090091107
2024-05-06,94.1384945915917
2024-05-07,93.5573401273466
2024-05-08,93.74081044123128
2024-05-09,93.68858114447359
2024-05-10,93.67765041423297
2024-05-13,94.8833568752398
2024-05-14,95.65901508359173
2024-05-15,96.0032206573988
2024-05-16,96.21593791077993
2024-05-17,96.46287850122727
2024-05-20,96.83125077686249
2024-05-21,96.45466862754066
2024-05-22,96.37598694771893
2024-05-23,96.09988168814763
2024-05-24,96.27237108704902
2024-05-27,96.0296730690867
2024-05-28,95.54674442427361
2024-05-29,93.89619676105266
2024-05-30,94.12854948284931
2024-05-31,93.81540551437472
2024-06-03,94.99874477545914
2024-06-04,93.80886226853976
2024-06-05,95.48071597698208
2024-06-06,95.96912232247817
2024-06-07,95.29311178327514
2024-06-10,95.43564447549693
2024-06-11,95.00246674622898
2024-06-12,95.68035544742844
2024-06-13,94.94023810698287
2024-06-14,95.41400524680822
2024-06-17,95.88852890895177
2024-06-18,96.08547905056196
2024-06-19,96.0715573751398
2024-06-20,96.08972739532989
2024-06-21,94.84864742181037
2024-06-24,95.40794286869496
2024-06-25,95.22797326802183
2024-06-26,95.28403613965503
2024-06-27,95.86792378631691
2024-06-28,95.72401243707965
2024-07-01,95.67435011635223
2024-07-02,96.10924946918499
2024-07-03,97.50209309724436
2024-07-04,97.79088013091328
2024-07-05,97.44536163259204
2024-07-08,97.74655146945773
2024-07-09,98.08522572558371
2024-07-10,98.1973849116859
2024-07-11,98.91363664991836
2024-07-12,99.29233849999912
2024-07-15,98.97434849086343
2024-07-16,99.12263277025357
2024-07-17,98.06436459174962
2024-07-18,97.37149863845981
2024-07-19,97.17754548503527
2024-07-22,97.34934259490475
2024-07-23,97.04849127239476
2024-07-24,96.1697847235736
2024-07-25,95.5363792596641
2024-07-26,96.53805965385337
2024-07-29,95.80127982391735
2024-07-30,95.52172930917732
2024-07-31,96.96887150181144
2024-08-01,95.94292438569607
2024-08-02,94.52426278779326
2024-08-05,91.7182543634404
2024-08-06,91.58112334213058
2024-08-07,92.55270734849961
2024-08-08,93.79562060541295
2024-08-09,94.16311935996197
2024-08-12,94.41809841146215
2024-08-13,95.15938309658867
2024-08-14,94.61597887818495
2024-08-15,95.21331271881331
2024-08-16,97.12652834730594
2024-08-19,97.8895277097639
2024-08-20,97.09685277706276
2024-08-21,96.74722652377125
2024-08-22,96.19372007802852
2024-08-23,97.60353598365296
2024-08-26,96.94993713868027
2024-08-27,96.65452397849467
2024-08-28,96.38801281694612
2024-08-29,96.21203159564627
2024-08-30,96.28945886005238
2024-09-02,96.41947793412547
2024-09-03,95.36651539891467
2024-09-04,95.23977416387089
2024-09-05,95.44049654789052
2024-09-06,93.94122810858178
2024-09-09,95.17477043437871
2024-09-10,94.86435563168999
2024-09-11,95.09678633253043
2024-09-12,95.92900990158331
2024-09-13,96.2078250085586
2024-09-16,96.75379414103502
2024-09-17,96.82562710837718
2024-09-18,96.57419517590496
2024-09-19,98.13005900013046
2024-09-20,98.2163615271565
2024-09-23,99.82472682487425
2024-09-24,102.57985749927627
2024-09-25,101.32279418265611
2024-09-26,104.30674801349579
2024-09-27,104.19209022598284
2024-09-30,102.74266261678723
2024-10-01,104.20718874371642
2024-10-02,106.02603051484294
2024-10-03,104.94585187337856
2024-10-04,106.13984353208377
2024-10-07,107.61813904882523
2024-10-08,105.64004742882368
2024-10-09,104.82178431293639
2024-10-10,105.09640295710146
2024-10-11,105.41734133830779
2024-10-14,104.96543504679457
2024-10-15,104.15928253043828
2024-10-16,105.04630696264685
2024-10-17,104.75999953950007
2024-10-18,105.53745571651862
2024-10-21,104.690021201235
2024-10-22,104.7623295561562
2024-10-23,104.30438563462764
2024-10-24,104.03614213567678
2024-10-25,104.03759191922295
2024-10-28,105.13016994832128
2024-10-29,103.95139446561984
2024-10-30,103.381507251627
2024-10-31,102.39313885243037
2024-11-01,102.76348048871948
2024-11-04,103.03176485652948
2024-11-05,104.85201706762561
2024-11-06,103.18780183598062
2024-11-07,104.80338186732672
2024-11-08,102.08969036387245
2024-11-11,101.54726563861567
2024-11-12,99.82624058074536
2024-11-13,99.09145499172072
2024-11-14,97.81784818639677
2024-11-15,98.56251322472755
2024-11-18,99.53445134161852
2024-11-19,99.7371892330689
2024-11-20,100.8722435811618
2024-11-21,100.30076412342628
2024-11-22,99.64511638882577
2024-11-25,100.03573964194544
2024-11-26,99.53916872896393
2024-11-27,99.35563934088603
2024-11-28,99.03373525983089
2024-11-29,98.75989252772104
2024-12-02,99.56775578961684
2024-12-03,99.75648368137163
2024-12-04,99.5298014648823
2024-12-05,99.50983739738643
2024-12-06,99.00240208389431
2024-12-09,100.52538222993806
2024-12-10,99.65671755413213
2024-12-11,99.41542265363455
2024-12-12,99.53247114904998
2024-12-13,99.36731782729676
2024-12-16,99.34327146221764
2024-12-17,98.66081843076091
2024-12-18,97.42991008190421
2024-12-19,97.86782183226603
2024-12-20,97.44784265518982
2024-12-23,98.54353001028308
2024-12-24,98.50146796410324
2024-12-26,97.79184332928256
2024-12-27,97.4301617571457
2024-12-30,96.77959640264957
2024-12-31,96.78142145980365
2025-01-02,95.73926884603142
2025-01-03,97.68921330354063
2025-01-06,97.97200721646892
2025-01-07,96.74240446407063
2025-01-08,96.26504289344253
2025-01-09,96.33967465669629
2025-01-10,95.07423649703881
2025-01-13,94.2212955871672
2025-01-14,94.69592610774748
2025-01-15,95.46151761187964
2025-01-16,94.9676428341354
2025-01-17,96.18700310656769
2025-01-20,96.17579558115732
2025-01-21,96.2945191907699
2025-01-22,96.50350097313641
2025-01-23,96.79290595352151
2025-01-24,96.72930469384883
2025-01-27,94.74689064268213
2025-01-28,95.33084354902192
2025-01-29,94.9052468622397
2025-01-30,96.17103947885998
2025-01-31,94.19150177700249
2025-02-03,93.79540619751369
2025-02-04,96.20202175088187
2025-02-05,96.26249683849667
2025-02-06,95.93580047486218
2025-02-07,95.76661926274821
2025-02-10,95.25746856346052
2025-02-11,95.20827341051962
2025-02-12,96.25419942679942
2025-02-13,96.7762470767452
2025-02-14,96.93836280246809
2025-02-17,96.59735905636613
2025-02-18,97.6925443809858
2025-02-19,98.17380433081061
2025-02-20,98.39542242262795
2025-02-21,98.20012107772877
2025-02-24,96.83927348800235
2025-02-25,96.98385654523732
2025-02-26,98.10664121858181
2025-02-27,96.63638047551787
2025-02-28,95.37221715410226
2025-03-03,94.67544886657092
2025-03-04,95.37047455429648
2025-03-05,97.66131129399224
2025-03-06,97.41360908448507
2025-03-07,97.90651317826475
2025-03-10,96.46095491406768
2025-03-11,96.63634486431961
2025-03-12,96.54857160016653
2025-03-13,96.63328019743003
2025-03-14,97.95385599700082
2025-03-17,99.06400101358487
2025-03-18,98.60272373484696
2025-03-19,98.8821319001882
2025-03-20,97.93069495485248
2025-03-21,97.58145478393604
2025-03-24,97.69345396194137
2025-03-25,97.19495815972033
2025-03-26,97.03249856377664
2025-03-27,97.58613501606801
2025-03-28,95.78763047283766
2025-03-31,95.89914227409946
2025-04-01,95.90753292822913
2025-04-02,96.41207512375155
2025-04-03,94.31536534818733
2025-04-04,90.4581217962731
2025-04-07,87.05808214989793
2025-04-08,87.05788322059315
2025-04-09,91.33562480391872
2025-04-10,89.87645705204538
2025-04-11,92.17642751993861
2025-04-14,93.00530041391357
2025-04-15,92.98885840436424
2025-04-16,91.36967097386189
2025-04-17,91.80762248717984
2025-04-21,91.79006147721942
2025-04-22,92.70259847766232
2025-04-23,93.65684413232839
2025-04-24,94.17607125034127
2025-04-25,94.4203541209032
2025-04-28,94.23931026346222
2025-04-29,94.59003354178631
2025-04-30,95.0360410772202
2025-05-01,94.83902146678341
2025-05-02,97.26914493239525
2025-05-05,97.4802382381811
2025-05-06,97.3464497535625
2025-05-07,96.62136845375653
2025-05-08,96.09113490142228
2025-05-09,96.77990364312502
2025-05-12,98.4908178762548
2025-05-13,99.39030335973672
2025-05-14,99.99008825610919
2025-05-15,99.56216880243744
2025-05-16,99.31220698184735
2025-05-19,99.59428973232534
2025-05-20,98.80762718076147
2025-05-21,98.63503385097299
2025-05-22,98.09334572399702
2025-05-23,98.9451748719008
2025-05-26,98.82877562835706
2025-05-27,98.33568601428368
2025-05-28,98.40356173504993
2025-05-29,98.65113284758553
2025-05-30,97.6353176975482
2025-06-02,98.56591570304494
2025-06-03,98.67991555299771
2025-06-04,99.56211819588341
2025-06-05,99.89300200931997
2025-06-06,100.09606321863681
2025-06-09,100.92000578658536
2025-06-10,100.959043300164
2025-06-11,101.81069415950958
2025-06-12,101.90989700967069
2025-06-13,98.96813650096992
2025-06-16,102.46472513431948
2025-06-17,101.53094395505158
2025-06-18,100.96690878023833
2025-06-19,101.06531266931871
2025-06-20,101.11425558525222
2025-06-23,101.82109991299721
2025-06-24,103.71160850335292
2025-06-25,103.03792478440462
2025-06-26,103.67421665921235
2025-06-27,103.75458486982018
2025-06-30,103.83992681550117
2025-07-01,102.91005220845335
2025-07-02,103.36660772106214
2025-07-03,104.42656009126699
2025-07-04,104.05761237935644
2025-07-07,103.53245794045901
2025-07-08,104.11405400335413
2025-07-09,104.079874272391
2025-07-10,104.4823599182096
2025-07-11,104.22721908580674
2025-07-14,104.83331739312422
2025-07-15,105.38712667714515
2025-07-16,105.25573877327257
2025-07-17,104.55785069349895
2025-07-18,106.14246483680094
2025-07-21,106.58735629219836
2025-07-22,106.59531155111053
2025-07-23,107.62843811691714
2025-07-24,106.90685217533417
2025-07-25,106.84695848186706
2025-07-28,106.75333708827381
2025-07-29,106.28755710876854
2025-07-30,105.96665235054093
2025-07-31,105.14564649078768
2025-08-01,105.85447600095677
2025-08-04,106.2804733758595
2025-08-05,106.06781985879871
2025-08-06,106.58152201497498
2025-08-07,106.92409004913486
2025-08-08,106.4514332626567
2025-08-11,105.52866835303165
2025-08-12,106.92399754810754
2025-08-13,107.97646111229672
2025-08-14,106.42863109597346
2025-08-15,107.17292797953618
2025-08-18,107.50848252149962
2025-08-19,106.79025974116632
2025-08-20,106.82901309055909
2025-08-21,106.70650844446153
2025-08-22,108.25002057552075
2025-08-25,106.9313248753139
2025-08-26,106.4257914844296
2025-08-27,106.79447466367968
2025-08-28,106.26433942977397
2025-08-29,106.1105764801657
2025-09-01,106.03408456708469
2025-09-02,104.67567424004578
2025-09-03,106.4695834599776
2025-09-04,106.26574875979502
2025-09-05,106.91258526600924
2025-09-08,107.21758272798924
2025-09-09,107.85743127850895
2025-09-10,108.86131073729378
2025-09-11,110.0713571245519
2025-09-12,109.94610621040064
2025-09-15,110.34823904126554
2025-09-16,111.22480501548566
2025-09-17,111.28685150065272
2025-09-18,111.20274836681196
2025-09-19,111.63480153071728
2025-09-22,111.61679270550454
2025-09-23,110.46960383142067
2025-09-24,110.70870184972627
2025-09-25,110.6981099018758
2025-09-26,110.67598547031722
2025-09-29,111.45853143092907
2025-09-30,111.37904505736361
2025-10-01,112.86559745062227
2025-10-02,113.416523871211
2025-10-03,113.69789420119325
2025-10-06,113.49316509357855
2025-10-07,113.8367936918244
2025-10-08,114.0646609129337
2025-10-09,113.0714551659727
2025-10-10,110.32549709861077
2025-10-13,112.55368823754745
2025-10-14,111.62962044125192
2025-10-15,113.10222685555091
2025-10-16,113.45216316282571
2025-10-17,113.52989783885387
2025-10-20,114.74386788799747
2025-10-21,114.08852433762051
2025-10-22,113.48308692220418
2025-10-23,114.6265637219596
2025-10-24,115.23625289287939
2025-10-27,116.1745102176141
2025-10-28,115.3479427646773
2025-10-29,115.59533101798398
2025-10-30,112.87023999821952
2025-10-31,115.58099360203308
2025-11-03,115.31318808818693
2025-11-04,114.00628037006396
2025-11-05,114.42073111742215
2025-11-06,113.95236992652008
2025-11-07,113.38433758032465
2025-11-10,114.09754439560685
2025-11-11,114.28975473497655
2025-11-12,114.7760016918502
2025-11-13,114.16040931369902
2025-11-14,113.05834660080855
2025-11-17,113.18881859071735
2025-11-18,112.47085301124645
2025-11-19,112.2054304818584
2025-11-20,111.80670674621966
2025-11-21,112.18945363429694
2025-11-24,112.75838165845053
2025-11-25,113.17522477680419
2025-11-26,113.67258770751309
2025-11-27,113.49381700221551
2025-11-28,113.78580892352491
2025-12-01,113.3246930638068
2025-12-02,113.29586499865887
2025-12-03,112.72753070693057
2025-12-04,113.1575113344731
2025-12-05,114.63179940402861
2025-12-08,114.18051670625425
2025-12-09,114.39210883443117
2025-12-10,115.46440069365482
2025-12-11,114.54152786788342
2025-12-12,113.40279723375599
2025-12-15,113.6995470887671
2025-12-16,112.689964167115
2025-12-17,111.86138263373206
2025-12-18,112.79617365974917
2025-12-19,113.06726865739279
2025-12-22,114.02646787193491
2025-12-23,114.79770628813607
2025-12-24,114.94287627625494
2025-12-26,115.83066839216151
2025-12-29,115.34344483854628
2025-12-30,116.00958624870873
2025-12-31,115.78650573816046
2026-01-02,118.90736463753365
2026-01-05,119.80780918822218
2026-01-06,121.83700062914224
2026-01-07,121.3186965243207
2026-01-08,121.51696617271287
2026-01-09,121.7434806154606
2026-01-12,123.41628956227046
2026-01-13,122.60951414861263
2026-01-14,123.20448407022788
2026-01-15,124.5113461165461
2026-01-16,123.771962799002
2026-01-19,123.63681726979814
2026-01-20,122.06435519266464
2026-01-21,123.2250789319572
2026-01-22,123.8322279726684
2026-01-23,123.86473473180894
2026-01-26,123.42021885646336
2026-01-27,125.47790124139921
2026-01-28,125.78795602831657
2026-01-29,124.70673257233734
2026-01-30,123.64843576552741
2026-02-02,123.34554875253168
2026-02-03,124.56911503990239
2026-02-04,123.33336811266543
2026-02-05,123.01065688734501
2026-02-06,125.10172845820905
2026-02-09,124.65318110326734
2026-02-10,125.96244866115802
2026-02-11,127.84743185875958
2026-02-12,126.28767711748071
2026-02-13,125.55238510766134
2026-02-16,125.47181951553912
2026-02-17,125.2322141380821
2026-02-18,125.4973976659852
2026-02-19,125.80539693089892
2026-02-20,128.23380466276953
2026-02-23,127.05778703258
2026-02-24,128.34254263867862
2026-02-25,129.94086917960493
2026-02-26,128.8328793311916
2026-02-27,128.76243978840415
2026-03-02,126.43294049725665
2026-03-03,122.83923117121475
2026-03-04,123.02194762530334
2026-03-05,121.58591549887302
2026-03-06,121.4290148009812
2026-03-09,121.93293292468735
2026-03-10,122.94577772125535
2026-03-11,121.70721842180205
2026-03-12,120.73755766874818
2026-03-13,120.72189851687324
2026-03-16,121.02581925269452
2026-03-17,123.94688831805601
2026-03-18,121.7198917785285
2026-03-19,122.51132756116678
2026-03-20,118.94332842835911
2026-03-23,120.62867544419112
2026-03-24,119.43538322836909
2026-03-25,121.64571380696634
2026-03-26,118.35118538128509
2026-03-27,118.13432689185547
2026-03-30,117.12424647504938
2026-03-31,120.91801789032921
2026-04-01,121.81143292974029
2026-04-02,120.18828741833788
2026-04-06,120.88387378474015
2026-04-07,121.01260627947053
2026-04-08,126.38344480634096
2026-04-09,125.51565897301039
2026-04-10,125.94562244392131
2026-04-13,126.92520878709709
2026-04-14,129.00165941115003
2026-04-15,128.5557420227324
2026-04-16,129.70662404947473
2026-04-17,131.1093018453962
2026-04-20,129.93362437613428
2026-04-21,129.19354966539123
2026-04-22,131.54837475041063
2026-04-23,129.85993651473834
2026-04-24,132.52109045004704
2026-04-27,132.52827714687723
2026-04-28,131.4661706293364
2026-04-29,131.9570953290588
2026-04-30,134.92868409818266
2026-05-01,134.46281701153623
2026-05-04,135.00969179693246
2026-05-05,137.70672211301326
2026-05-06,141.34887651597688
2026-05-07,139.14195877918317
2026-05-08,140.6506902765177
2026-05-11,140.83807955219933
2026-05-12,138.15559661446702
2026-05-13,141.40569800434565
2026-05-14,141.93820014116613
2026-05-15,138.10277392033646
2026-05-18,137.9701467128413
2026-05-19,136.07849441410426
2026-05-20,138.43758055522613
2026-05-21,137.92680869900178
2026-05-22,138.43280090056572
2026-05-25,138.6739406135936
2026-05-26,143.0044738825574
2026-05-27,142.86247393891168
2026-05-28,142.93341183708426
2026-05-29,141.54727161933164
2026-06-01,146.21471849162936
2026-06-02,148.4351381582894
2026-06-03,147.23435170921644
2026-06-04,145.43683430991405
2026-06-05,136.87107533866876
2026-06-08,139.56078679536856
2026-06-09,139.43971882883372
2026-06-10,137.22656530517781
2026-06-11,141.47067024376668
2026-06-12,141.49417647134638
2026-06-15,147.8383845162787
2026-06-16,143.66580656867387
2026-06-17,142.482731026068
2026-06-18,146.6443795003707
2026-06-19,146.55235607243918
2026-06-22,148.02978994539882
2026-06-23,142.14403558115123
2026-06-24,142.51941931704044
2026-06-25,143.7775940088893
2026-06-26,142.48290118790666
2026-06-29,143.31970784032012
2026-06-30,144.14921415058907
2026-07-01,141.50618561601624
2026-07-02,140.3243192278405
2026-07-03,140.63747716907463
2026-07-06,144.18302613046274
2026-07-07,140.8682360917503
2026-07-08,142.1841560084538
2026-07-09,143.19491826112989
2026-07-10,142.95299763812784
2026-07-13,138.97500147844576
2026-07-14,141.1874932462756
2026-07-15,141.20381376151917
2026-07-16,138.8625966754325
2026-07-17,137.761618322309
2026-07-20,138.2931860186851
2026-07-21,141.5063759228166
2026-07-22,140.87273687433589
2026-07-23,140.53901758610164
2026-07-24,137.94874391721117
2026-07-27,138.39694631679737
2026-07-28,136.1032279998797
2026-07-29,133.5820908957528
2026-07-30,137.67203271780215
2026-07-31,138.60365770887893
