,NAVPS
2021-08-09,100.0
2021-08-10,99.02637756938087
2021-08-11,99.35520422438537
2021-08-12,98.87055458706617
2021-08-13,98.67016062491533
2021-08-16,99.1873657397752
2021-08-17,99.39518614393337
2021-08-18,98.74672267527474
2021-08-19,97.92317963307887
2021-08-20,97.53937460262678
2021-08-23,97.87369956153258
2021-08-24,98.34830299442268
2021-08-25,98.81231071652871
2021-08-26,99.12082405909864
2021-08-27,99.7156862931495
2021-08-30,100.73063822223516
2021-08-31,101.43326264592861
2021-09-01,101.68775591328192
2021-09-02,101.9585748655482
2021-09-03,102.66366561743934
2021-09-06,103.21812466882596
2021-09-07,103.24962659636287
2021-09-08,102.63108719986374
2021-09-09,103.13523601827752
2021-09-10,103.33062934265935
2021-09-13,102.93646148699153
2021-09-14,102.91425889790673
2021-09-15,102.74544386375955
2021-09-16,104.11235130376504
2021-09-17,103.47442384934324
2021-09-20,102.2430236172946
2021-09-21,101.92569653545173
2021-09-22,103.77320536451431
2021-09-23,104.54497784432388
2021-09-24,104.91451689768392
2021-09-27,106.55395828273255
2021-09-28,104.22278837248156
2021-09-29,103.87879337615666
2021-09-30,103.600681791331
2021-10-01,104.42622774190076
2021-10-04,102.91675449032165
2021-10-05,103.93688351739412
2021-10-06,103.19588678003771
2021-10-07,103.94748799347518
2021-10-08,102.87818046398075
2021-10-11,102.3229362409384
2021-10-12,102.24859119324069
2021-10-13,102.10513798014024
2021-10-14,101.79229875208438
2021-10-15,103.67535105462242
2021-10-18,103.28226683814354
2021-10-19,104.55947216310271
2021-10-20,103.84806051454251
2021-10-21,104.77958463890391
2021-10-22,104.55233729292557
2021-10-25,105.74957953352717
2021-10-26,106.38595230389159
2021-10-27,107.14630701370207
2021-10-28,107.63705730501026
2021-10-29,107.51114939086872
2021-11-01,106.83492205103897
2021-11-02,106.29900107598844
2021-11-03,106.2988694356233
2021-11-04,108.08115014977318
2021-11-05,108.36783055010477
2021-11-08,108.70310245601655
2021-11-09,110.86264288306158
2021-11-10,110.13540648030245
2021-11-11,110.88321047019818
2021-11-12,110.0991273995311
2021-11-15,108.61953715585058
2021-11-16,109.12189289191998
2021-11-17,108.07922539540371
2021-11-18,108.34218773672065
2021-11-19,108.5854250135008
2021-11-22,108.89180848408976
2021-11-23,108.83278335465643
2021-11-24,107.73670139983516
2021-11-25,107.32486624192445
2021-11-26,105.70592273646344
2021-11-29,106.20179952928656
2021-11-30,105.20635783474988
2021-12-01,104.07889516188027
2021-12-02,103.60565501838217
2021-12-03,102.49934141455358
2021-12-06,102.94837449787977
2021-12-07,103.46520227287286
2021-12-08,103.54118623183062
2021-12-09,103.00099020762428
2021-12-10,102.05800204932214
2021-12-13,100.22431301146733
2021-12-14,100.78986020028327
2021-12-15,101.17162267829562
2021-12-16,101.12338369701274
2021-12-17,101.01449787479395
2021-12-20,99.86125630258931
2021-12-21,100.3063710179088
2021-12-22,100.86558587763477
2021-12-23,102.20358387406623
2021-12-24,102.23607387056386
2021-12-27,102.64480558910276
2021-12-28,103.52699800638005
2021-12-29,103.9671984065476
2021-12-30,105.017181547465
2021-12-31,104.98119939903839
2022-01-03,104.6018691491449
2022-01-04,105.21102947492136
2022-01-05,103.63029990744408
2022-01-06,102.03511110095238
2022-01-07,101.84972255302979
2022-01-10,101.70182101129568
2022-01-11,102.32692568562835
2022-01-12,101.96493517369714
2022-01-13,102.77829476863016
2022-01-14,102.47091774539389
2022-01-17,102.5587304787323
2022-01-18,101.9332353341462
2022-01-19,101.28155897904317
2022-01-20,101.00092196169399
2022-01-21,99.3173078381441
2022-01-24,98.58914532056173
2022-01-25,98.42205113874523
2022-01-26,98.11158097380772
2022-01-27,97.44148901598295
2022-01-28,96.87913372884181
2022-01-31,98.02774770268586
2022-02-01,98.85124490222779
2022-02-02,98.30993621736522
2022-02-03,97.51628694537584
2022-02-04,97.79243238551413
2022-02-07,97.91963691044172
2022-02-08,99.36795889115449
2022-02-09,100.52037778985667
2022-02-10,100.45088107936324
2022-02-11,98.45028110483646
2022-02-14,96.86356007471967
2022-02-15,98.25540513307429
2022-02-16,98.56807093092793
2022-02-17,98.24953170048637
2022-02-18,97.51501219556641
2022-02-21,96.43433720426154
2022-02-22,96.52385249408749
2022-02-23,94.5058066731476
2022-02-24,92.8009289838225
2022-02-25,94.2214318610784
2022-02-28,94.27881387153978
2022-03-01,93.6538758090927
2022-03-02,92.8233879362751
2022-03-03,91.77020827476473
2022-03-04,90.29547869114357
2022-03-07,89.30860560089195
2022-03-08,88.72113134168181
2022-03-09,89.93530664250758
2022-03-10,90.60723867380081
2022-03-11,90.41821650326708
2022-03-14,89.123124134962
2022-03-15,90.59425442925233
2022-03-16,92.04774585592216
2022-03-17,92.82111546395946
2022-03-18,92.87419292498872
2022-03-21,92.65997926182435
2022-03-22,93.37617340191574
2022-03-23,92.91008452688199
2022-03-24,93.117477414925
2022-03-25,92.51632503522484
2022-03-28,92.65757965443781
2022-03-29,93.45561438757449
2022-03-30,93.55982132091549
2022-03-31,93.76288486205954
2022-04-01,93.54043440929895
2022-04-04,94.77476504871515
2022-04-05,93.64910164767505
2022-04-06,92.83605490118609
2022-04-07,91.96806313763003
2022-04-08,92.43273336014191
2022-04-11,91.72459001338532
2022-04-12,90.96510660855746
2022-04-13,91.92549457100955
2022-04-14,91.15944576820159
2022-04-18,90.16450102520425
2022-04-19,91.25464706092237
2022-04-20,91.18731521431994
2022-04-21,90.13839165150097
2022-04-22,89.69248873412913
2022-04-25,89.35847637065439
2022-04-26,88.32941590507201
2022-04-27,87.92231049033667
2022-04-28,88.65623175506096
2022-04-29,88.27333439157282
2022-05-02,88.65534119777054
2022-05-03,88.85419637365301
2022-05-04,89.1118666071695
2022-05-05,88.24873424939842
2022-05-06,87.34032630160246
2022-05-09,85.73196173116429
2022-05-10,85.26285178098979
2022-05-11,84.18987745916183
2022-05-12,84.41019839706661
2022-05-13,84.7580891905501
2022-05-16,84.23590435164841
2022-05-17,85.50224952684798
2022-05-18,85.69767032236561
2022-05-19,85.98379485345983
2022-05-20,86.21298987257995
2022-05-23,85.85137957476351
2022-05-24,84.78926823536766
2022-05-25,84.78725658158064
2022-05-26,85.20047974989234
2022-05-27,86.15284125840711
2022-05-30,86.4501923298497
2022-05-31,86.74591404932883
2022-06-01,85.89463531319869
2022-06-02,86.6464183980158
2022-06-03,85.98870820049008
2022-06-06,86.57110264133844
2022-06-07,87.08034812091373
2022-06-08,87.23240087282278
2022-06-09,86.39986056771977
2022-06-10,85.35184468036309
2022-06-13,83.71844574189905
2022-06-14,83.83339469158302
2022-06-15,84.07990266887312
2022-06-16,83.23309046547656
2022-06-17,83.6304470870389
2022-06-20,83.62514011364648
2022-06-21,84.9955626763294
2022-06-22,84.42515521830323
2022-06-23,84.63468879559379
2022-06-24,85.80316969900878
2022-06-27,85.90838209201273
2022-06-28,85.79130441735195
2022-06-29,85.15173384091365
2022-06-30,84.26013365861246
2022-07-01,84.02984196302292
2022-07-04,83.83960246499343
2022-07-05,85.20553441521932
2022-07-06,85.57246700842228
2022-07-07,86.34114385013345
2022-07-08,86.28372259505855
2022-07-11,85.77890794715181
2022-07-12,86.3071658307945
2022-07-13,85.82190200527717
2022-07-14,85.62401059280916
2022-07-15,85.77148397263412
2022-07-18,86.2108164455653
2022-07-19,87.78195471007116
2022-07-20,88.22440248011361
2022-07-21,89.17857463990103
2022-07-22,88.38975948789034
2022-07-25,87.7093792142139
2022-07-26,87.688885906987
2022-07-27,88.33963202846992
2022-07-28,89.51259887296773
2022-07-29,89.84583931591158
2022-08-01,88.73457909293242
2022-08-02,89.74409639885229
2022-08-03,90.94947014718329
2022-08-04,92.56616886955872
2022-08-05,92.74197788476519
2022-08-08,92.35918683368898
2022-08-09,91.1617885509404
2022-08-10,92.2231736636462
2022-08-11,92.69632324888583
2022-08-12,93.16548711341083
2022-08-15,93.39976335543915
2022-08-16,92.8694658379894
2022-08-17,92.13855635559361
2022-08-18,92.01196819959357
2022-08-19,91.24303894301883
2022-08-22,90.25742456488479
2022-08-23,90.25759771814256
2022-08-24,90.2391246319473
2022-08-25,90.37519926698869
2022-08-26,89.02156353018923
2022-08-29,88.41448715036647
2022-08-30,88.50290390210496
2022-08-31,87.55467701183241
2022-09-01,87.1491190859791
2022-09-02,87.76498871965694
2022-09-05,87.37493418943042
2022-09-06,87.21717698411582
2022-09-07,87.46093423264283
2022-09-08,88.02623050176808
2022-09-09,89.17968307083348
2022-09-12,90.249157573264
2022-09-13,89.14965033818531
2022-09-14,88.85516463458126
2022-09-15,88.2136340230398
2022-09-16,87.89701224818492
2022-09-19,88.01598416760392
2022-09-20,87.59021792679572
2022-09-21,87.09722411448287
2022-09-22,86.09253036972298
2022-09-23,85.41882378202753
2022-09-26,85.43718982854136
2022-09-27,84.79020880695371
2022-09-28,84.59675845720118
2022-09-29,83.71075008736592
2022-09-30,83.53338684989848
2022-10-03,84.20920129251192
2022-10-04,86.36706689342029
2022-10-05,86.77365577398966
2022-10-06,87.01602343439284
2022-10-07,85.88766058652813
2022-10-10,85.16360579444121
2022-10-11,84.54377536140892
2022-10-12,84.57995164048018
2022-10-13,84.69128313674541
2022-10-14,83.79408226035261
2022-10-17,84.66785462994106
2022-10-18,85.73219534040976
2022-10-19,85.25381615569738
2022-10-20,85.14635528998372
2022-10-21,84.95649063089422
2022-10-24,85.44386831059879
2022-10-25,85.66202318457069
2022-10-26,86.10270629328049
2022-10-27,85.88999256056807
2022-10-28,86.34091481384225
2022-10-31,86.00927936967359
2022-11-01,86.28712114721088
2022-11-02,85.81742429746043
2022-11-03,85.9601810038186
2022-11-04,86.7440296793415
2022-11-07,87.54974069174676
2022-11-08,87.21715525812431
2022-11-09,86.58478542130477
2022-11-10,87.83813979651525
2022-11-11,88.70720892766587
2022-11-14,88.61003706373582
2022-11-15,90.52052900262404
2022-11-16,90.9442725870855
2022-11-17,91.43593742089077
2022-11-18,91.47816130548652
2022-11-21,90.86548789878601
2022-11-22,90.7968708285731
2022-11-23,91.00184567054612
2022-11-24,90.61632695560911
2022-11-25,90.64702427803886
2022-11-28,90.46946829725478
2022-11-29,90.44473140889257
2022-11-30,91.24862377745993
2022-12-01,91.4178885740848
2022-12-02,91.28256259051413
2022-12-05,90.80155030429336
2022-12-06,90.49103440570958
2022-12-07,90.12225311176118
2022-12-08,90.26460064756743
2022-12-09,90.34978037942221
2022-12-12,90.29657660839767
2022-12-13,91.38389610195065
2022-12-14,91.92234794091583
2022-12-15,90.78776441856101
2022-12-16,90.09098690934442
2022-12-19,88.87829796936026
2022-12-20,89.26154893854316
2022-12-21,89.44783670223183
2022-12-22,89.1035665642241
2022-12-23,90.07649410036501
2022-12-27,90.01645350759495
2022-12-28,89.86833833052596
2022-12-29,91.23522462730193
2022-12-30,90.75527554686785
2023-01-02,90.9715349627474
2023-01-03,91.32469784937986
2023-01-04,92.3197471750096
2023-01-05,92.33787849367764
2023-01-06,92.05383232377353
2023-01-09,92.75536964443577
2023-01-10,91.99273161190702
2023-01-11,91.92376183430768
2023-01-12,92.70307496168913
2023-01-13,93.43561881774193
2023-01-16,93.29593268447029
2023-01-17,93.84343881544605
2023-01-18,93.91721644359045
2023-01-19,93.07958827084161
2023-01-20,93.90282270353212
2023-01-23,94.73167206380998
2023-01-24,94.19284553684616
2023-01-25,94.44362145076451
2023-01-26,94.49085011420388
2023-01-27,94.77777630643803
2023-01-30,94.2353170261499
2023-01-31,94.44997115429682
2023-02-01,95.63511068950908
2023-02-02,95.56153567518967
2023-02-03,94.99444819467895
2023-02-06,93.6933913813101
2023-02-07,94.90177424259466
2023-02-08,95.58947399130172
2023-02-09,95.1507896483108
2023-02-10,94.18003803565503
2023-02-13,94.36354979902292
2023-02-14,94.71702369933939
2023-02-15,94.96462012693425
2023-02-16,95.18312639675248
2023-02-17,94.69110677162537
2023-02-20,94.86328251660801
2023-02-21,93.46322564039139
2023-02-22,93.67606388472427
2023-02-23,93.57502158791931
2023-02-24,92.57071915963867
2023-02-27,91.990141299137
2023-02-28,92.7752796603737
2023-03-01,92.5474333179073
2023-03-02,92.77607545731435
2023-03-03,93.34144631028934
2023-03-06,93.83796647176118
2023-03-07,94.47828349518879
2023-03-08,94.7247192162317
2023-03-09,94.19573065928077
2023-03-10,92.48545199992189
2023-03-13,92.18378486883555
2023-03-14,92.14448917581474
2023-03-15,91.18233623214726
2023-03-16,91.6142686098042
2023-03-17,91.05877516835736
2023-03-20,91.00298390906364
2023-03-21,92.19597047494199
2023-03-22,91.92452686865867
2023-03-23,92.7154355633538
2023-03-24,92.34669269812355
2023-03-27,92.38619046207226
2023-03-28,92.63120001842398
2023-03-29,93.73337839848006
2023-03-30,93.9699426373345
2023-03-31,94.3116376738454
2023-04-03,93.95344308113742
2023-04-04,93.79525646484977
2023-04-05,93.17489195158134
2023-04-06,92.98507731853371
2023-04-10,93.14025079089141
2023-04-11,92.95816272464398
2023-04-12,92.86192617352486
2023-04-13,93.43844731932478
2023-04-14,93.653937487474
2023-04-17,94.0473474395164
2023-04-18,94.40308145043913
2023-04-19,94.78058252960312
2023-04-20,94.37250585043239
2023-04-21,93.73261300770793
2023-04-24,93.9117394788468
2023-04-25,93.4106400232616
2023-04-26,93.10378354470586
2023-04-27,94.17184940753299
2023-04-28,94.63132411599516
2023-05-01,94.48202936791668
2023-05-02,94.35113377946438
2023-05-03,94.0660966583108
2023-05-04,94.26320183979512
2023-05-05,94.9542846742884
2023-05-08,95.73462207167962
2023-05-09,95.47938115291296
2023-05-10,95.79739610378677
2023-05-11,95.81243092139351
2023-05-12,95.29458719430914
2023-05-15,95.6661760705653
2023-05-16,94.95490591603004
2023-05-17,95.65159673610113
2023-05-18,94.76647523576831
2023-05-19,94.47654778726607
2023-05-22,95.00894965000627
2023-05-23,94.30421207185124
2023-05-24,93.82655403540305
2023-05-25,94.58220859623846
2023-05-26,95.4185314949511
2023-05-29,95.62756658898807
2023-05-30,95.54499369196793
2023-05-31,94.8081293907381
2023-06-01,95.55015669503284
2023-06-02,96.03098913084469
2023-06-05,96.0146610202278
2023-06-06,96.84284095368997
2023-06-07,96.52090451611907
2023-06-08,97.45172020583061
2023-06-09,97.67991029971425
2023-06-12,98.32513594088095
2023-06-13,98.49001082336332
2023-06-14,98.41494945508592
2023-06-15,97.79796939690972
2023-06-16,97.83265109490546
2023-06-19,97.32815000499453
2023-06-20,97.21450052205157
2023-06-21,96.57607873413589
2023-06-22,96.83769105333586
2023-06-23,96.2788729212445
2023-06-26,96.48727311531712
2023-06-27,97.27225287496427
2023-06-28,96.88779747803332
2023-06-29,97.11281186329384
2023-06-30,97.96101814570383
2023-07-03,97.68518080075522
2023-07-04,97.47192244244346
2023-07-05,97.2125994285771
2023-07-06,95.61544998564851
2023-07-07,96.05190539239709
2023-07-10,97.18546183692192
2023-07-11,97.93762780201381
2023-07-12,99.20827661433414
2023-07-13,99.3771099667307
2023-07-14,99.92475881982864
2023-07-17,99.55123428376092
2023-07-18,99.39000459220966
2023-07-19,99.11007623741175
2023-07-20,98.91785694598492
2023-07-21,99.15542597195589
2023-07-24,98.82756001713902
2023-07-25,99.47361401172593
2023-07-26,99.51677077380613
2023-07-27,99.96315069641301
2023-07-28,100.97928661880671
2023-07-31,101.48301373396309
2023-08-01,100.70557695604579
2023-08-02,100.92715727058423
2023-08-03,101.87522796728499
2023-08-04,102.44860358163793
2023-08-07,101.98773173243482
2023-08-08,103.07334476103233
2023-08-09,102.60593359706188
2023-08-10,102.01642512265987
2023-08-11,100.91137161188762
2023-08-14,101.37532140420196
2023-08-15,99.48103307813436
2023-08-16,99.47003661176213
2023-08-17,98.57723861435407
2023-08-18,98.72056475487746
2023-08-21,98.43791134629396
2023-08-22,97.90667413604184
2023-08-23,98.72325893165659
2023-08-24,98.63714942282425
2023-08-25,99.69777235470193
2023-08-28,100.26996607989118
2023-08-29,101.39681243012315
2023-08-30,101.25346184962534
2023-08-31,101.28017652774093
2023-09-01,101.35756504190594
2023-09-04,101.31834507405044
2023-09-05,101.28038031433182
2023-09-06,101.16916717383373
2023-09-07,101.32294441298014
2023-09-08,100.72818746308974
2023-09-11,100.8347597114676
2023-09-12,100.33333527674668
2023-09-13,99.32314448806619
2023-09-14,100.34654829316607
2023-09-15,100.52357281352593
2023-09-18,100.38838614680606
2023-09-19,99.34258522716654
2023-09-20,99.51900606144382
2023-09-21,98.77487279861928
2023-09-22,98.3257689270385
2023-09-25,99.05324284071948
2023-09-26,98.1711418532424
2023-09-27,99.99002758381053
2023-09-28,100.48895074050978
2023-09-29,99.69797058354615
2023-10-02,100.25408012657063
2023-10-03,99.62627016677015
2023-10-04,99.79245170852501
2023-10-05,99.55978641963746
2023-10-06,100.14568800731334
2023-10-09,100.31284882160496
2023-10-10,102.13487608913809
2023-10-11,102.41978389801668
2023-10-12,102.04136493705956
2023-10-13,101.32723547507308
2023-10-16,101.7791263706457
2023-10-17,102.1696948670173
2023-10-18,100.75885379077711
2023-10-19,100.2941554341112
2023-10-20,99.05628790920699
2023-10-23,98.89991253769533
2023-10-24,99.00190119391864
2023-10-25,97.809511266998
2023-10-26,96.72111065636098
2023-10-27,97.11538954646889
2023-10-30,97.79264431261898
2023-10-31,97.99283236243271
2023-11-01,98.11359331228117
2023-11-02,98.81740098323549
2023-11-03,100.23305868681459
2023-11-06,100.18949734633962
2023-11-07,100.4710782955182
2023-11-08,100.34185076257418
2023-11-09,100.51364369600466
2023-11-10,101.03773294875151
2023-11-13,101.02907188655179
2023-11-14,99.81872133362147
2023-11-15,100.95786275493528
2023-11-16,100.79570644318878
2023-11-17,100.96052754766531
2023-11-20,100.93602474687535
2023-11-21,100.28038508474839
2023-11-22,100.92604962537324
2023-11-23,100.62104592500202
2023-11-24,100.02915204622678
2023-11-27,100.33074724299243
2023-11-28,100.45977186121
2023-11-29,99.79169093882783
2023-11-30,100.05899602449666
2023-12-01,101.29832042645783
2023-12-04,100.90259165079402
2023-12-05,101.23792509141984
2023-12-06,101.6307682962221
2023-12-07,101.81456757674479
2023-12-08,102.91976316850739
2023-12-11,102.30785991277442
2023-12-12,103.21672407622826
2023-12-13,103.38937421515435
2023-12-14,103.56093100243137
2023-12-15,103.66558382759075
2023-12-18,103.58201001537527
2023-12-19,104.33162183328568
2023-12-20,102.9291946677268
2023-12-21,102.85394682546611
2023-12-22,103.7370250604419
2023-12-26,104.29694503994824
2023-12-27,104.60237164810022
2023-12-28,105.57178724321656
2023-12-29,105.97466546415764
2024-01-02,105.01325433982494
2024-01-03,104.20072172097461
2024-01-04,103.836245254039
2024-01-05,104.27400395832629
2024-01-08,105.44610514919535
2024-01-09,105.46024104761224
2024-01-10,105.28996720284556
2024-01-11,105.24569545790408
2024-01-12,105.41746439050628
2024-01-15,105.5115678491919
2024-01-16,104.41515375345011
2024-01-17,103.35975585428938
2024-01-18,104.99697221630262
2024-01-19,105.01261915621632
2024-01-22,105.6473663099917
2024-01-23,106.69853268536085
2024-01-24,107.02924698687033
2024-01-25,107.00026080612642
2024-01-26,107.07781430428842
2024-01-29,107.2464738395607
2024-01-30,107.18000027062263
2024-01-31,106.95562126989704
2024-02-01,108.08745955233248
2024-02-02,109.79920172929366
2024-02-05,110.79603959804317
2024-02-06,111.83126803435918
2024-02-07,113.19306070767927
2024-02-08,114.22763752995864
2024-02-09,114.72851410662722
2024-02-12,113.50356105908193
2024-02-13,112.76587595249529
2024-02-14,113.81949754013121
2024-02-15,114.81824293872083
2024-02-16,115.29260252770057
2024-02-19,115.50717140175865
2024-02-20,115.44846454714165
2024-02-21,114.34949896079958
2024-02-22,114.61373976664349
2024-02-23,114.70665354581237
2024-02-26,115.6310803217659
2024-02-27,115.65995432612472
2024-02-28,115.27153494489097
2024-02-29,116.20374577417314
2024-03-01,117.65177278704975
2024-03-04,119.68474265110561
2024-03-05,118.70742567661175
2024-03-06,119.54146718408754
2024-03-07,120.90783714968651
2024-03-08,120.95196389764304
2024-03-11,119.26081364541925
2024-03-12,120.09438795098187
2024-03-13,121.36836209319075
2024-03-14,121.06487052746888
2024-03-15,120.25133333345298
2024-03-18,120.50919072240998
2024-03-19,120.21426563451718
2024-03-20,121.031443527157
2024-03-21,124.17649491912772
2024-03-22,122.52732602945413
2024-03-25,122.6919886403609
2024-03-26,124.24381761200448
2024-03-27,124.0988515228242
2024-03-28,123.72240629649562
2024-04-01,123.55249704853624
2024-04-02,124.06719166523594
2024-04-03,124.20840696338993
2024-04-04,123.33792177673017
2024-04-05,124.50317543967478
2024-04-08,124.59875782762009
2024-04-09,124.49141761745055
2024-04-10,124.99817085761372
2024-04-11,125.25159759805979
2024-04-12,123.88035933216581
2024-04-15,122.55205462453694
2024-04-16,121.77775910948974
2024-04-17,122.4304897611222
2024-04-18,124.56867916027723
2024-04-19,122.4145474960296
2024-04-22,123.61704651998018
2024-04-23,126.68179278325495
2024-04-24,127.09913319723734
2024-04-25,128.9144546125061
2024-04-26,130.07668512901103
2024-04-29,131.8852581219205
2024-04-30,131.61719720525724
2024-05-01,131.12395256918995
2024-05-02,131.66315470673163
2024-05-03,132.49839154718867
2024-05-06,132.81790478229232
2024-05-07,133.05632641208513
2024-05-08,133.88858216301378
2024-05-09,134.85795540537998
2024-05-10,134.5326008829819
2024-05-13,134.963018784085
2024-05-14,135.88786676757746
2024-05-15,137.75349206696683
2024-05-16,137.39101488924516
2024-05-17,136.78275277295805
2024-05-20,138.25687778832216
2024-05-21,138.92775598982917
2024-05-22,139.90514418306563
2024-05-23,139.55514402489564
2024-05-24,140.47958636202878
2024-05-27,140.39474170902247
2024-05-28,139.2152419013687
2024-05-29,137.1412992391276
2024-05-30,137.47507048079098
2024-05-31,138.2209427851259
2024-06-03,138.25268703386115
2024-06-04,137.50905756468654
2024-06-05,138.83315627770895
2024-06-06,138.9992235438508
2024-06-07,139.23462803624932
2024-06-10,139.2101011270848
2024-06-11,138.80039525160336
2024-06-12,139.88413675106744
2024-06-13,139.66837554521481
2024-06-14,138.7420812566263
2024-06-17,139.02063583170465
2024-06-18,140.04088564379342
2024-06-19,139.54393003489858
2024-06-20,138.72283951089625
2024-06-21,137.72781067229064
2024-06-24,138.37842734057017
2024-06-25,139.09488296883475
2024-06-26,138.91656485427865
2024-06-27,138.94681446197183
2024-06-28,138.61463787846944
2024-07-01,138.73121502404726
2024-07-02,139.8773317091205
2024-07-03,141.6885384826974
2024-07-04,142.192671866224
2024-07-05,140.73201563407662
2024-07-08,140.99281798364026
2024-07-09,141.42702556630925
2024-07-10,141.85332706844648
2024-07-11,141.96501902863068
2024-07-12,142.53842990380676
2024-07-15,142.2034785088251
2024-07-16,142.00522608242906
2024-07-17,140.4240196370695
2024-07-18,139.44527997262864
2024-07-19,138.92464923521047
2024-07-22,138.2533056048912
2024-07-23,139.56386304436901
2024-07-24,137.5845726953912
2024-07-25,136.1034211945282
2024-07-26,137.32381018801522
2024-07-29,137.45904212720606
2024-07-30,137.34178136040012
2024-07-31,139.5154614008401
2024-08-01,137.76183485672016
2024-08-02,134.11025615049417
2024-08-05,131.9182070870985
2024-08-06,132.30356795751257
2024-08-07,133.31887410084923
2024-08-08,135.3447604357193
2024-08-09,135.53833128543297
2024-08-12,137.01897591930992
2024-08-13,139.48154572935005
2024-08-14,140.72462304093952
2024-08-15,141.53126632295107
2024-08-16,143.04555341829683
2024-08-19,143.6232328342732
2024-08-20,143.02762060371182
2024-08-21,142.44837608590979
2024-08-22,141.83457400301828
2024-08-23,142.90645046214573
2024-08-26,142.7601407688092
2024-08-27,142.43802354786715
2024-08-28,142.77088794058443
2024-08-29,142.31178513514675
2024-08-30,142.712698437676
2024-09-02,143.15702104374853
2024-09-03,142.34068405459595
2024-09-04,141.92172536404627
2024-09-05,142.967352159751
2024-09-06,141.96767938709613
2024-09-09,143.5130895049666
2024-09-10,143.32297741627863
2024-09-11,144.2016600611886
2024-09-12,145.13730496732856
2024-09-13,145.49423502740885
2024-09-16,145.6677554521941
2024-09-17,145.64339047584141
2024-09-18,145.99300576070488
2024-09-19,147.7302688584991
2024-09-20,147.9871068218626
2024-09-23,149.8233473666166
2024-09-24,150.51292154273654
2024-09-25,150.85502009040042
2024-09-26,151.39347667045465
2024-09-27,150.7428279252932
2024-09-30,150.8049072921223
2024-10-01,150.8256006033779
2024-10-02,151.24243157688335
2024-10-03,151.01840030167898
2024-10-04,151.84088159570547
2024-10-07,152.3604115887918
2024-10-08,153.13525340914282
2024-10-09,153.08005746447844
2024-10-10,152.64449403703208
2024-10-11,153.8189439801909
2024-10-14,154.0758042415403
2024-10-15,153.6262793475603
2024-10-16,154.2086105880507
2024-10-17,156.49737170789456
2024-10-18,155.81971133481176
2024-10-21,156.22250041878232
2024-10-22,156.5748757425247
2024-10-23,155.52251446339739
2024-10-24,155.792875484347
2024-10-25,156.51928828469735
2024-10-28,157.14227663459786
2024-10-29,156.36651447292104
2024-10-30,155.84160907487123
2024-10-31,154.6349771404042
2024-11-01,155.2272018299709
2024-11-04,155.16042026939814
2024-11-05,156.86632101835548
2024-11-06,157.0156553283734
2024-11-07,158.87634021435707
2024-11-08,158.2299381471972
2024-11-11,158.47528033047874
2024-11-12,159.0529792139598
2024-11-13,158.56187640638856
2024-11-14,157.72709964958705
2024-11-15,158.2853834981067
2024-11-18,158.50608302823127
2024-11-19,162.52354874716121
2024-11-20,164.23908787030305
2024-11-21,165.18914086407494
2024-11-22,161.9528075418201
2024-11-25,161.94221835786794
2024-11-26,160.21355655412972
2024-11-27,159.78190044488588
2024-11-28,159.29953879322073
2024-11-29,159.0117177909085
2024-12-02,160.6789268488996
2024-12-03,162.41974161149346
2024-12-04,163.1802739742249
2024-12-05,162.98617802043535
2024-12-06,161.66727569803354
2024-12-09,161.3834162201909
2024-12-10,160.7575348658727
2024-12-11,160.85713642596434
2024-12-12,160.78626962689611
2024-12-13,161.4152828723267
2024-12-16,161.468533295272
2024-12-17,160.55439878991444
2024-12-18,158.63134495286522
2024-12-19,158.0546050381353
2024-12-20,158.16860633376467
2024-12-23,159.47211934680885
2024-12-24,159.36016242640747
2024-12-26,158.07293979208
2024-12-27,157.47653255316845
2024-12-30,157.143097637955
2024-12-31,156.6483946581306
2025-01-02,156.4490582823546
2025-01-03,159.22285328210768
2025-01-06,162.84304445832868
2025-01-07,160.96317526462596
2025-01-08,160.30726826194828
2025-01-09,161.38780979277104
2025-01-10,159.79517616824936
2025-01-13,158.14996790810306
2025-01-14,158.64040323022647
2025-01-15,158.440445539103
2025-01-16,159.42008737658452
2025-01-17,160.8049664424944
2025-01-20,160.27407276653616
2025-01-21,161.7642347398637
2025-01-22,163.6755800703388
2025-01-23,163.72167101339764
2025-01-24,162.31390296152645
2025-01-27,153.93677173176454
2025-01-28,153.22616533353587
2025-01-29,154.26301781486262
2025-01-30,155.96147250395182
2025-01-31,153.79921045579974
2025-02-03,153.22747441148545
2025-02-04,156.42295059380268
2025-02-05,155.49638260798662
2025-02-06,155.81000576049894
2025-02-07,155.35306734873785
2025-02-10,154.80216878642926
2025-02-11,154.24329870813963
2025-02-12,154.9249848093627
2025-02-13,155.15756695863166
2025-02-14,154.75937309927713
2025-02-17,154.21834976932135
2025-02-18,156.56410749151073
2025-02-19,156.65287531232107
2025-02-20,155.45711545568207
2025-02-21,154.7408940333189
2025-02-24,152.71135936034992
2025-02-25,151.98634765879743
2025-02-26,153.56044705426194
2025-02-27,152.04496235594704
2025-02-28,152.77270086805285
2025-03-03,150.78511588965887
2025-03-04,151.11703420790099
2025-03-05,153.09351427842012
2025-03-06,152.09569614178616
2025-03-07,152.45631594351497
2025-03-10,150.88508969197918
2025-03-11,150.16282707059872
2025-03-12,149.8866001705979
2025-03-13,149.43805074569804
2025-03-14,150.8478241456164
2025-03-17,151.63000973971467
2025-03-18,151.2643150491405
2025-03-19,151.99984284171126
2025-03-20,151.1794715746008
2025-03-21,151.27625066643904
2025-03-24,151.4487507687113
2025-03-25,151.13605838837495
2025-03-26,151.11634202569417
2025-03-27,150.6887853659677
2025-03-28,149.11911220435627
2025-03-31,148.3939406116038
2025-04-01,148.6715048397429
2025-04-02,148.80640665014369
2025-04-03,144.3811294397978
2025-04-04,140.25115407930505
2025-04-07,137.5951957180577
2025-04-08,139.1909966497499
2025-04-09,142.2928677331745
2025-04-10,141.5542618967396
2025-04-11,142.80103654657017
2025-04-14,144.37680220538894
2025-04-15,145.0867368980496
2025-04-16,143.0723112687903
2025-04-17,143.72540569058717
2025-04-21,143.29414485388358
2025-04-22,143.99688323125562
2025-04-23,145.40264569755252
2025-04-24,146.9422057495025
2025-04-25,148.67912671941488
2025-04-28,148.58582538927556
2025-04-29,148.2021185632737
2025-04-30,147.62240502985148
2025-05-01,148.18234227167588
2025-05-02,150.6370678906229
2025-05-05,150.61678591334032
2025-05-06,150.6769426253372
2025-05-07,151.20275924738073
2025-05-08,151.42568237927236
2025-05-09,151.18346345144178
2025-05-12,152.82874642982515
2025-05-13,155.69757157351833
2025-05-14,156.99760736301533
2025-05-15,156.17700340438475
2025-05-16,156.08535098743909
2025-05-19,156.00437869835105
2025-05-20,155.34123107020852
2025-05-21,154.61221347929745
2025-05-22,155.20516647205807
2025-05-23,155.104999555271
2025-05-26,155.29293669819793
2025-05-27,156.27445603081404
2025-05-28,156.15564556273324
2025-05-29,155.79363841415565
2025-05-30,155.97608124259983
2025-06-02,155.48415294288802
2025-06-03,156.24102923085232
2025-06-04,156.9933261629782
2025-06-05,157.7822448970732
2025-06-06,158.1341179008581
2025-06-09,157.5350377846643
2025-06-10,156.88501930722262
2025-06-11,157.05666256476465
2025-06-12,157.21682418837577
2025-06-13,155.12962913887938
2025-06-16,158.75926652381992
2025-06-17,158.9501388170472
2025-06-18,158.0901727575199
2025-06-19,158.38527139444687
2025-06-20,157.78676408201295
2025-06-23,157.5591783186044
2025-06-24,159.37700268520777
2025-06-25,158.33481862698213
2025-06-26,159.18599415350354
2025-06-27,161.14980587757915
2025-06-30,161.40513186834997
2025-07-01,159.30890973071726
2025-07-02,160.0748465113289
2025-07-03,161.1156713040056
2025-07-04,160.73098005068996
2025-07-07,161.31635762990223
2025-07-08,160.7376615290013
2025-07-09,161.77287905411032
2025-07-10,161.00912008532106
2025-07-11,161.25083291043404
2025-07-14,160.9189193830311
2025-07-15,162.3661281700338
2025-07-16,161.88578246701758
2025-07-17,162.98237256209492
2025-07-18,163.99315359408553
2025-07-21,163.468882214547
2025-07-22,163.35462970624772
2025-07-23,164.99033993654717
2025-07-24,164.90310749687094
2025-07-25,165.31303390979878
2025-07-28,165.82319610032664
2025-07-29,164.94965750091788
2025-07-30,165.1074704099753
2025-07-31,163.44766891621853
2025-08-01,163.09050703514615
2025-08-04,163.71945948326348
2025-08-05,163.03933018886912
2025-08-06,163.31435974788474
2025-08-07,164.77813437562367
2025-08-08,164.62340205837535
2025-08-11,163.6411669481887
2025-08-12,165.78939650533
2025-08-13,165.08410713385067
2025-08-14,164.8916680468671
2025-08-15,164.79832977961533
2025-08-18,164.59573794331527
2025-08-19,163.72014712297843
2025-08-20,163.36322630408637
2025-08-21,163.29148004391564
2025-08-22,164.29448063144213
2025-08-25,163.34842345677825
2025-08-26,162.27709213332088
2025-08-27,163.44261993175567
2025-08-28,163.81621493697966
2025-08-29,163.79770676205888
2025-09-01,163.50337930674215
2025-09-02,161.11498815476733
2025-09-03,163.18935193393017
2025-09-04,165.08818879369682
2025-09-05,165.53713623677754
2025-09-08,166.01991988633915
2025-09-09,166.73540529906475
2025-09-10,169.50336813169372
2025-09-11,170.13191156816228
2025-09-12,171.2884553776211
2025-09-15,171.30972976287939
2025-09-16,171.43234202315364
2025-09-17,171.87013289847206
2025-09-18,173.44754094293472
2025-09-19,173.89583977617912
2025-09-22,174.53715980415842
2025-09-23,173.43954864725794
2025-09-24,173.75044005615953
2025-09-25,173.13071686289774
2025-09-26,174.3545660619451
2025-09-29,174.47587384995717
2025-09-30,175.00877767868033
2025-10-01,179.0226541195436
2025-10-02,180.69978656164324
2025-10-03,181.67357425097993
2025-10-06,182.980070249312
2025-10-07,183.28303725507325
2025-10-08,184.1173537195062
2025-10-09,182.81202419138745
2025-10-10,180.60172534237594
2025-10-13,182.8520075655714
2025-10-14,181.63757436789382
2025-10-15,181.32996714812242
2025-10-16,180.7353879830717
2025-10-17,180.3869400167239
2025-10-20,181.3430801798698
2025-10-21,181.16189477496712
2025-10-22,179.76743621411558
2025-10-23,181.62133027530902
2025-10-24,182.73106407070912
2025-10-27,183.46682366048418
2025-10-28,182.165322248501
2025-10-29,182.72127110145377
2025-10-30,179.57521495869543
2025-10-31,182.14044368804446
2025-11-03,182.01458394802432
2025-11-04,180.36642155790327
2025-11-05,180.60975832613389
2025-11-06,181.45521613914747
2025-11-07,180.48093100880237
2025-11-10,181.15014989856815
2025-11-11,180.77238514091312
2025-11-12,182.05579049323532
2025-11-13,180.92604588646907
2025-11-14,180.32675320665794
2025-11-17,181.34377099019
2025-11-18,179.18156017923948
2025-11-19,179.902477522262
2025-11-20,178.14153806662353
2025-11-21,177.09287145698502
2025-11-24,178.63832937519936
2025-11-25,179.43454432531098
2025-11-26,180.2859615517198
2025-11-27,181.03088088556726
2025-11-28,182.24239066004952
2025-12-01,181.16232233031906
2025-12-02,182.1259487966634
2025-12-03,181.29721163690627
2025-12-04,182.6755637733298
2025-12-05,183.54897196710945
2025-12-08,183.51955589266322
2025-12-09,184.42236035213296
2025-12-10,184.4627872615349
2025-12-11,186.2297527337545
2025-12-12,184.82220249466877
2025-12-15,184.37730188337505
2025-12-16,184.10326572119052
2025-12-17,182.1050046422368
2025-12-18,182.29153393105906
2025-12-19,181.94229386912667
2025-12-22,183.32884316133178
2025-12-23,184.74434972886087
2025-12-24,184.99493613950574
2025-12-26,185.1551124493733
2025-12-29,184.75627687659318
2025-12-30,184.75718689196202
2025-12-31,184.76013471018518
2026-01-02,187.54180095733508
2026-01-05,189.93610314899368
2026-01-06,192.8665187734113
2026-01-07,191.97772702880192
2026-01-08,189.76043664394876
2026-01-09,190.06127318412405
2026-01-12,191.81814683892725
2026-01-13,191.2026539595779
2026-01-14,189.0850963610869
2026-01-15,190.81592129296567
2026-01-16,190.09106145965353
2026-01-19,190.00028553215247
2026-01-20,188.44611904872508
2026-01-21,189.87991927232062
2026-01-22,190.11198336404632
2026-01-23,190.46449057285787
2026-01-26,190.07171870156517
2026-01-27,192.80326180119133
2026-01-28,193.55370395212094
2026-01-29,191.4883216516998
2026-01-30,190.02911615429431
2026-02-02,189.61414628232345
2026-02-03,190.64367473754308
2026-02-04,189.81801899494982
2026-02-05,190.16682701881984
2026-02-06,191.83573795395003
2026-02-09,191.31527401290424
2026-02-10,193.43139255217687
2026-02-11,197.18677066544566
2026-02-12,195.89772654024102
2026-02-13,192.86172565592912
2026-02-16,192.679783202561
2026-02-17,193.54257742891548
2026-02-18,194.55950017408514
2026-02-19,195.1634735252168
2026-02-20,195.91759804797584
2026-02-23,195.256761055455
2026-02-24,196.20289617038563
2026-02-25,198.32796862009116
2026-02-26,198.3521977934265
2026-02-27,198.1559305607241
2026-03-02,194.08269357521803
2026-03-03,191.26338070684943
2026-03-04,191.024683706248
2026-03-05,191.8579218182515
2026-03-06,189.64072258957634
2026-03-09,186.7888985564338
2026-03-10,191.13304408682993
2026-03-11,190.7689196922232
2026-03-12,190.37303511930844
2026-03-13,189.64480488145168
2026-03-16,187.19003702834505
2026-03-17,191.38876135991316
2026-03-18,191.63695297088466
2026-03-19,191.17063476855304
2026-03-20,188.92033208180692
2026-03-23,190.13709735174226
2026-03-24,190.6204801111641
2026-03-25,194.52454356309983
2026-03-26,190.40005473470222
2026-03-27,189.7316689922924
2026-03-30,187.41881460947516
2026-03-31,191.6060987135131
2026-04-01,192.57866677864232
2026-04-02,191.68026790945575
2026-04-06,190.9498924680111
2026-04-07,190.36621185909556
2026-04-08,194.7054297679448
2026-04-09,194.3340498792203
2026-04-10,195.45430053436445
2026-04-13,196.15627528376706
2026-04-14,197.73972048022412
2026-04-15,197.51697231138732
2026-04-16,197.32799315341006
2026-04-17,199.06079116477267
2026-04-20,198.2757312514209
2026-04-21,197.85519854041794
2026-04-22,198.35058267474687
2026-04-23,197.6832111590018
2026-04-24,198.6667622814518
2026-04-27,198.65177546697376
2026-04-28,197.0056274384076
2026-04-29,197.6905894375399
2026-04-30,199.19611888893178
2026-05-01,198.654215527726
2026-05-04,198.8612717912817
2026-05-05,200.40168328037237
2026-05-06,204.69945738464128
2026-05-07,203.795166787717
2026-05-08,202.74696955902508
2026-05-11,204.25468153849303
2026-05-12,205.39484573834653
2026-05-13,204.9590384449018
2026-05-14,205.3394939993845
2026-05-15,204.3775235619143
2026-05-18,203.0059048677281
2026-05-19,202.37129774550064
2026-05-20,202.59362058363814
2026-05-21,202.11289211159755
2026-05-22,202.91161702549658
2026-05-25,204.43836715918974
2026-05-26,203.35985835129756
2026-05-27,203.74989904040427
2026-05-28,202.2146565669088
2026-05-29,201.9710016420745
2026-06-01,205.0320181287831
2026-06-02,207.30880870117696
2026-06-03,206.0826595665302
2026-06-04,205.93144063336592
2026-06-05,204.00261725489565
2026-06-08,203.1032734730668
2026-06-09,203.04522160164424
2026-06-10,200.7628033920986
2026-06-11,202.72120066730318
2026-06-12,202.63023272167428
2026-06-15,206.51561714955534
2026-06-16,205.42776618689246
2026-06-17,205.34527642158434
2026-06-18,207.80081035121597
2026-06-19,207.58823656684325
2026-06-22,207.35035138471173
2026-06-23,206.1452298647223
2026-06-24,205.57294699143873
2026-06-25,205.97682123947564
2026-06-26,205.16774070882394
2026-06-29,207.7855170406342
2026-06-30,209.41937424196695
2026-07-01,209.23947298555504
2026-07-02,209.50598551037754
2026-07-03,209.39306177900318
2026-07-06,211.5653730392153
2026-07-07,210.99191980603854
2026-07-08,211.57910703426563
2026-07-09,212.43344270660128
2026-07-10,212.61321405293617
2026-07-13,212.78753162308365
2026-07-14,212.55468583860045
2026-07-15,212.672913473151
2026-07-16,211.36615215169275
2026-07-17,210.29243124799984
2026-07-20,210.9622944786026
2026-07-21,210.84422107722546
2026-07-22,210.11914525459744
2026-07-23,208.75438209345432
2026-07-24,208.94007757082238
2026-07-27,209.37648811401735
2026-07-28,209.07353826111006
2026-07-29,207.0698421596592
2026-07-30,209.32367130212774
2026-07-31,210.18745194355745
2026-08-03,210.84056176830308
2026-08-04,211.4299353839406
2026-08-05,211.8698533930511
2026-08-06,211.82490452430233
2026-08-07,211.46256300053432
