,Util,Telcm,Hlth,Trans,ElcEq,Mach,Cnstr,BldMt,Chips,Banks,BusSv,cash
1990-01,0.1805,0.0893,0.1196,0.0715,0.043,0.0536,0.049,0.05,0.0543,0.0941,0.095,0.1
1990-04,0.1903,0.0828,0.0852,0.0917,0.0501,0.0527,0.0527,0.0496,0.0449,0.0937,0.1063,0.1
1990-07,0.1747,0.0875,0.0838,0.104,0.05,0.0502,0.0503,0.0491,0.0504,0.0882,0.1118,0.1
1990-10,0.1846,0.0893,0.0826,0.0935,0.0483,0.0524,0.0495,0.0492,0.0507,0.0849,0.1151,0.1
1991-01,0.1874,0.1079,0.0858,0.0947,0.0498,0.0511,0.0483,0.0496,0.0511,0.0682,0.106,0.1
1991-04,0.1969,0.1137,0.0827,0.09,0.05,0.0517,0.0469,0.0499,0.0514,0.0649,0.1019,0.1
1991-07,0.1937,0.119,0.0795,0.0904,0.0504,0.0517,0.0461,0.0506,0.0512,0.0662,0.1013,0.1
1991-10,0.1963,0.1183,0.0769,0.0897,0.0506,0.0517,0.0461,0.0503,0.0512,0.0665,0.1023,0.1
1992-01,0.2132,0.1144,0.0718,0.0845,0.0493,0.0522,0.0464,0.0499,0.0523,0.0653,0.1008,0.1
1992-04,0.2044,0.1156,0.0697,0.0872,0.0489,0.0529,0.0461,0.0495,0.0526,0.0687,0.1044,0.1
1992-07,0.2034,0.1213,0.068,0.0843,0.0502,0.0523,0.0456,0.049,0.0529,0.068,0.1049,0.1
1992-10,0.1889,0.1242,0.0767,0.0842,0.0498,0.052,0.047,0.05,0.0511,0.0709,0.105,0.1
1993-01,0.1912,0.1233,0.0744,0.0863,0.0492,0.0521,0.0475,0.0504,0.0507,0.0702,0.1047,0.1
1993-04,0.1881,0.1302,0.0759,0.0844,0.0491,0.0521,0.0463,0.052,0.0505,0.0683,0.1032,0.1
1993-07,0.1954,0.1312,0.0739,0.0808,0.0487,0.0511,0.0471,0.0524,0.0507,0.0685,0.1002,0.1
1993-10,0.1878,0.1317,0.072,0.0857,0.0495,0.051,0.0467,0.0525,0.0504,0.0732,0.0996,0.1
1994-01,0.1689,0.1225,0.0773,0.0895,0.0487,0.0521,0.0486,0.0532,0.0474,0.0838,0.108,0.1
1994-04,0.1602,0.1158,0.0838,0.0902,0.0485,0.0516,0.0501,0.0518,0.048,0.0885,0.1115,0.1
1994-07,0.155,0.116,0.0863,0.0927,0.0484,0.0513,0.0506,0.0513,0.0485,0.0907,0.1093,0.1
1994-10,0.1521,0.1172,0.0898,0.0909,0.0485,0.0512,0.0507,0.0516,0.048,0.0905,0.1095,0.1
1995-01,0.1395,0.1127,0.0981,0.0998,0.0493,0.0505,0.051,0.0515,0.0476,0.0931,0.1069,0.1
1995-04,0.1391,0.1157,0.1015,0.0937,0.0497,0.0502,0.0505,0.0517,0.0478,0.0919,0.1081,0.1
1995-07,0.1381,0.1142,0.103,0.0947,0.0493,0.0506,0.0508,0.0515,0.0477,0.091,0.109,0.1
1995-10,0.1427,0.1121,0.0937,0.1016,0.0495,0.0516,0.0503,0.05,0.0487,0.0905,0.1095,0.1
1996-01,0.1395,0.1132,0.0971,0.1003,0.0493,0.0511,0.0496,0.0501,0.0499,0.0908,0.1092,0.1
1996-04,0.1378,0.1119,0.0981,0.1022,0.0496,0.051,0.0493,0.0499,0.0503,0.0914,0.1086,0.1
1996-07,0.1392,0.1146,0.1021,0.1,0.0491,0.0509,0.0488,0.0499,0.0513,0.088,0.1061,0.1
1996-10,0.1428,0.1146,0.0946,0.0989,0.0494,0.0502,0.0484,0.0508,0.0511,0.0927,0.1064,0.1
1997-01,0.1563,0.1156,0.0899,0.0882,0.0492,0.05,0.0486,0.0507,0.0515,0.0915,0.1085,0.1
1997-04,0.1624,0.112,0.0826,0.0962,0.0499,0.0501,0.0492,0.0516,0.0492,0.0863,0.1105,0.1
1997-07,0.1791,0.1047,0.0806,0.0979,0.0496,0.0492,0.0487,0.0517,0.0509,0.0857,0.102,0.1
1997-10,0.1481,0.0994,0.1089,0.0946,0.0492,0.0512,0.0484,0.0512,0.05,0.0884,0.1106,0.1
1998-01,0.1223,0.106,0.1194,0.1022,0.0491,0.0509,0.0481,0.0489,0.0529,0.0952,0.1048,0.1
1998-04,0.1204,0.1045,0.1213,0.1037,0.0493,0.0507,0.0485,0.0491,0.0525,0.0948,0.1052,0.1
1998-07,0.1193,0.1062,0.1217,0.104,0.05,0.0514,0.0485,0.0502,0.0498,0.0956,0.1033,0.1
1998-10,0.1433,0.1109,0.1082,0.1014,0.0509,0.051,0.0475,0.0506,0.05,0.0878,0.0984,0.1
1999-01,0.1383,0.1092,0.1105,0.1037,0.0506,0.0513,0.0473,0.0506,0.0502,0.09,0.0983,0.1
1999-04,0.136,0.1137,0.1032,0.1061,0.0501,0.0514,0.0475,0.0509,0.0501,0.0917,0.0993,0.1
1999-07,0.1374,0.1152,0.1001,0.1045,0.0507,0.0509,0.047,0.051,0.0504,0.0918,0.1009,0.1
1999-10,0.1403,0.1171,0.1001,0.1035,0.0503,0.0509,0.0465,0.0506,0.0517,0.0874,0.1016,0.1
2000-01,0.1397,0.1171,0.1004,0.1037,0.0502,0.051,0.0464,0.0502,0.0522,0.0874,0.1018,0.1
2000-04,0.1442,0.1208,0.0931,0.0976,0.0486,0.0509,0.0459,0.0482,0.0564,0.0853,0.109,0.1
2000-07,0.1452,0.1162,0.0958,0.0978,0.0485,0.0512,0.0458,0.0483,0.0562,0.085,0.11,0.1
2000-10,0.1486,0.1263,0.0791,0.106,0.0474,0.0525,0.0437,0.0455,0.061,0.0844,0.1056,0.1
2001-01,0.1888,0.1137,0.0675,0.0928,0.0512,0.0549,0.0425,0.0488,0.0527,0.0803,0.1068,0.1
2001-04,0.1941,0.1129,0.0668,0.0937,0.0504,0.0556,0.0443,0.0495,0.0501,0.0792,0.1033,0.1
2001-07,0.2001,0.1104,0.0614,0.092,0.0519,0.0524,0.0454,0.0512,0.0491,0.0798,0.1063,0.1
2001-10,0.1703,0.1141,0.077,0.0886,0.0508,0.0526,0.047,0.0536,0.046,0.0909,0.1091,0.1
2002-01,0.176,0.1172,0.077,0.0812,0.0513,0.0514,0.0478,0.0546,0.0449,0.091,0.1075,0.1
2002-04,0.1713,0.1144,0.0817,0.0855,0.0515,0.0511,0.049,0.054,0.0444,0.0898,0.1073,0.1
2002-07,0.1582,0.11,0.0903,0.0943,0.0507,0.0522,0.0521,0.0524,0.0425,0.0956,0.1015,0.1
2002-10,0.1401,0.1106,0.1003,0.0996,0.0514,0.0518,0.0513,0.0525,0.0431,0.0984,0.1009,0.1
2003-01,0.1388,0.0981,0.1169,0.0987,0.0524,0.0511,0.0514,0.0532,0.0419,0.0959,0.1017,0.1
2003-04,0.1271,0.0967,0.1352,0.1001,0.0553,0.0485,0.0526,0.0555,0.0381,0.1015,0.0894,0.1
2003-07,0.1212,0.0945,0.1427,0.1019,0.0557,0.0496,0.0509,0.0557,0.038,0.1004,0.0893,0.1
2003-10,0.134,0.0862,0.1432,0.0989,0.0568,0.0471,0.0525,0.0573,0.0363,0.106,0.0816,0.1
2004-01,0.1291,0.0834,0.156,0.1021,0.053,0.0452,0.0532,0.0658,0.0328,0.1043,0.0751,0.1
2004-04,0.1261,0.0817,0.1583,0.1025,0.0549,0.0445,0.052,0.0654,0.0332,0.1052,0.0762,0.1
2004-07,0.1222,0.0803,0.1768,0.0961,0.0545,0.0453,0.0507,0.0658,0.0337,0.099,0.0756,0.1
2004-10,0.1192,0.0745,0.1635,0.1146,0.0529,0.0459,0.0541,0.0641,0.033,0.1027,0.0755,0.1
2005-01,0.1126,0.074,0.1539,0.1223,0.0525,0.0459,0.0544,0.063,0.0342,0.1067,0.0805,0.1
2005-04,0.1199,0.0701,0.1699,0.1053,0.053,0.0459,0.0524,0.0642,0.0345,0.1053,0.0795,0.1
2005-07,0.1277,0.0762,0.1631,0.0957,0.0523,0.0463,0.0476,0.0659,0.0378,0.1037,0.0835,0.1
2005-10,0.177,0.0698,0.1423,0.0798,0.0503,0.0456,0.0485,0.0708,0.0349,0.0995,0.0815,0.1
2006-01,0.1447,0.0979,0.1137,0.0937,0.0511,0.0487,0.0439,0.0658,0.0405,0.1117,0.0883,0.1
2006-04,0.1438,0.1028,0.1088,0.0946,0.0526,0.0485,0.0411,0.0691,0.0386,0.1097,0.0903,0.1
2006-07,0.1663,0.1023,0.0959,0.0855,0.0512,0.0448,0.0423,0.0727,0.0389,0.1114,0.0886,0.1
2006-10,0.1515,0.1129,0.1129,0.0727,0.0527,0.0478,0.0395,0.0669,0.0431,0.1153,0.0847,0.1
2007-01,0.1319,0.1246,0.1249,0.0686,0.0529,0.0476,0.0388,0.0664,0.0441,0.1234,0.0766,0.1
2007-04,0.135,0.1223,0.1273,0.0654,0.0525,0.0482,0.0379,0.0659,0.0455,0.1244,0.0756,0.1
2007-07,0.1357,0.1194,0.1285,0.0664,0.0529,0.0494,0.0375,0.0631,0.047,0.1281,0.0719,0.1
2007-10,0.1231,0.1177,0.1332,0.076,0.0544,0.0523,0.0369,0.0572,0.0492,0.1166,0.0834,0.1
2008-01,0.133,0.1063,0.1501,0.0799,0.0588,0.0516,0.0391,0.0521,0.0484,0.0957,0.085,0.1
2008-04,0.1173,0.1007,0.1442,0.0949,0.0554,0.0538,0.0426,0.05,0.0482,0.1049,0.088,0.1
2008-07,0.13,0.0932,0.1392,0.0917,0.0523,0.0526,0.0485,0.0484,0.0481,0.0974,0.0984,0.1
2008-10,0.1308,0.0905,0.1273,0.1014,0.0523,0.0506,0.0489,0.0502,0.048,0.1109,0.0891,0.1
2009-01,0.1469,0.0963,0.1065,0.1053,0.0529,0.0473,0.0507,0.047,0.0521,0.1082,0.0867,0.1
2009-04,0.1559,0.0993,0.1218,0.0981,0.0518,0.0479,0.0498,0.0463,0.0541,0.082,0.0929,0.1
2009-07,0.1733,0.1033,0.108,0.0948,0.051,0.049,0.051,0.0432,0.0558,0.0778,0.0927,0.1
2009-10,0.1721,0.1046,0.1081,0.0954,0.051,0.0487,0.0508,0.0428,0.0567,0.0741,0.0957,0.1
2010-01,0.1737,0.1042,0.1065,0.0936,0.0508,0.049,0.0518,0.043,0.0553,0.0753,0.0968,0.1
2010-04,0.1759,0.1027,0.106,0.0926,0.0507,0.0489,0.0523,0.0433,0.0548,0.0757,0.0972,0.1
2010-07,0.1788,0.1032,0.1046,0.0913,0.0509,0.0491,0.052,0.0429,0.055,0.0752,0.097,0.1
2010-10,0.1855,0.1008,0.1073,0.0872,0.0502,0.0479,0.053,0.0435,0.0553,0.0755,0.0937,0.1
2011-01,0.1843,0.1026,0.1037,0.0894,0.0497,0.0474,0.053,0.0438,0.0561,0.0756,0.0943,0.1
2011-04,0.192,0.1038,0.103,0.086,0.0502,0.0469,0.0518,0.0435,0.0576,0.0723,0.093,0.1
2011-07,0.196,0.1059,0.1008,0.0861,0.0508,0.0464,0.0513,0.0427,0.0588,0.0714,0.0899,0.1
2011-10,0.2329,0.1059,0.0864,0.0789,0.0494,0.047,0.0515,0.0409,0.0613,0.0603,0.0856,0.1
2012-01,0.2399,0.1064,0.0885,0.0686,0.0477,0.0486,0.0499,0.0403,0.0635,0.0559,0.0907,0.1
2012-04,0.25,0.1073,0.0742,0.071,0.0482,0.0488,0.0507,0.0406,0.0617,0.0639,0.0836,0.1
2012-07,0.2463,0.1073,0.0764,0.0722,0.0499,0.0472,0.0492,0.0452,0.0585,0.0653,0.0825,0.1
2012-10,0.25,0.1039,0.0726,0.0752,0.0498,0.047,0.0486,0.0464,0.0582,0.0681,0.0802,0.1
2013-01,0.25,0.1056,0.0701,0.0792,0.0506,0.0452,0.0475,0.0469,0.0599,0.0658,0.0791,0.1
2013-04,0.25,0.1106,0.0681,0.0789,0.0512,0.0462,0.0443,0.0466,0.0618,0.0648,0.0776,0.1
2013-07,0.25,0.1144,0.0652,0.0797,0.0506,0.0446,0.0463,0.0482,0.0603,0.0638,0.0769,0.1
2013-10,0.2441,0.1175,0.0603,0.0853,0.0506,0.0471,0.0453,0.0456,0.0615,0.0637,0.0792,0.1
2014-01,0.2417,0.1154,0.0643,0.0827,0.0497,0.0484,0.0465,0.046,0.0594,0.067,0.079,0.1
2014-04,0.2495,0.1122,0.0639,0.0802,0.0495,0.0483,0.0469,0.0452,0.0602,0.0665,0.0777,0.1
2014-07,0.2435,0.1152,0.0644,0.0817,0.0487,0.0477,0.0473,0.045,0.0613,0.0666,0.0785,0.1
2014-10,0.1588,0.1639,0.0914,0.0919,0.0522,0.0458,0.0438,0.0433,0.0649,0.0682,0.0758,0.1
2015-01,0.145,0.1571,0.0951,0.1121,0.0542,0.0512,0.0429,0.0471,0.0546,0.0669,0.0738,0.1
2015-04,0.1777,0.1251,0.1012,0.1013,0.0527,0.0487,0.0429,0.0491,0.0567,0.0642,0.0805,0.1
2015-07,0.1626,0.1219,0.116,0.0931,0.0524,0.0504,0.0415,0.048,0.0577,0.0723,0.0841,0.1
2015-10,0.1642,0.1123,0.1041,0.098,0.0477,0.0502,0.0459,0.0496,0.0566,0.0784,0.093,0.1
2016-01,0.1658,0.1063,0.1201,0.0891,0.0489,0.0496,0.0468,0.048,0.0568,0.0792,0.0896,0.1
2016-04,0.1873,0.1095,0.1204,0.0838,0.0483,0.0502,0.0483,0.0474,0.0558,0.068,0.081,0.1
2016-07,0.176,0.1091,0.1213,0.0879,0.0472,0.0494,0.0478,0.0474,0.0582,0.0713,0.0845,0.1
2016-10,0.1759,0.1074,0.1086,0.0863,0.0487,0.0487,0.0476,0.0498,0.0551,0.0832,0.0886,0.1
2017-01,0.1968,0.1005,0.1065,0.0764,0.048,0.046,0.0478,0.0484,0.0598,0.0759,0.0938,0.1
2017-04,0.1926,0.1064,0.1009,0.0781,0.048,0.0466,0.0481,0.0492,0.0582,0.0768,0.0953,0.1
2017-07,0.1988,0.1057,0.0968,0.0765,0.0477,0.0473,0.0473,0.0488,0.059,0.0756,0.0968,0.1
2017-10,0.2319,0.0931,0.0853,0.0733,0.0471,0.0473,0.0497,0.05,0.0559,0.0728,0.0937,0.1
2018-01,0.2258,0.0969,0.0885,0.0767,0.0477,0.0467,0.0488,0.0511,0.0558,0.0697,0.0924,0.1
2018-04,0.2159,0.1016,0.0855,0.0785,0.0473,0.0479,0.0503,0.0489,0.0557,0.0776,0.0909,0.1
2018-07,0.2291,0.0976,0.077,0.0797,0.0458,0.0484,0.0523,0.0487,0.0547,0.079,0.0875,0.1
2018-10,0.2349,0.1002,0.0785,0.0747,0.0475,0.0498,0.0521,0.0487,0.052,0.0783,0.0834,0.1
2019-01,0.2376,0.1195,0.0673,0.068,0.0461,0.0496,0.0533,0.0459,0.0551,0.076,0.0817,0.1
2019-04,0.2233,0.1219,0.0699,0.0708,0.0462,0.0495,0.0527,0.0454,0.0562,0.0802,0.0839,0.1
2019-07,0.229,0.1217,0.0708,0.0672,0.0464,0.0489,0.0558,0.0459,0.053,0.0767,0.0845,0.1
2019-10,0.2372,0.1228,0.0718,0.0657,0.0463,0.0486,0.0554,0.0449,0.0547,0.0697,0.0827,0.1
2020-01,0.215,0.1395,0.0679,0.0711,0.0461,0.0505,0.0567,0.0451,0.0517,0.0749,0.0816,0.1
2020-04,0.1696,0.1436,0.0853,0.0855,0.0487,0.0529,0.0462,0.0452,0.057,0.0753,0.0907,0.1
2020-07,0.171,0.1395,0.0853,0.0885,0.0488,0.0541,0.0444,0.0458,0.0568,0.0804,0.0853,0.1
2020-10,0.1742,0.1383,0.0823,0.0867,0.0488,0.0545,0.0444,0.0462,0.0561,0.082,0.0865,0.1
2021-01,0.1981,0.1236,0.0817,0.0833,0.0481,0.0532,0.0457,0.0464,0.0565,0.0782,0.085,0.1
2021-04,0.1919,0.1277,0.0868,0.081,0.0483,0.0526,0.0455,0.0462,0.0573,0.0764,0.0861,0.1
2021-07,0.1888,0.1285,0.0885,0.0819,0.0489,0.0526,0.0449,0.0463,0.0573,0.0762,0.0861,0.1
2021-10,0.1854,0.1279,0.0884,0.0841,0.0491,0.0524,0.0445,0.0464,0.0577,0.0781,0.0861,0.1
2022-01,0.1724,0.1256,0.0908,0.0901,0.0498,0.0518,0.0435,0.0471,0.0577,0.0813,0.0898,0.1
2022-04,0.1702,0.1296,0.087,0.0899,0.0492,0.0521,0.0435,0.0476,0.0577,0.0869,0.0866,0.1
2022-07,0.171,0.1258,0.084,0.0937,0.0492,0.0516,0.044,0.049,0.0561,0.0888,0.0868,0.1
2022-10,0.1655,0.1304,0.086,0.092,0.0483,0.052,0.0449,0.0493,0.0554,0.0912,0.0849,0.1
2023-01,0.1689,0.125,0.0895,0.0911,0.0492,0.0512,0.0455,0.0496,0.0545,0.0894,0.0863,0.1
2023-04,0.2037,0.107,0.0821,0.0862,0.0479,0.0496,0.0487,0.0514,0.0525,0.0937,0.0773,0.1
2023-07,0.2051,0.1053,0.0826,0.0836,0.0476,0.0481,0.0502,0.0503,0.0539,0.0917,0.0817,0.1
2023-10,0.1941,0.1108,0.0878,0.0849,0.0475,0.048,0.05,0.0501,0.0544,0.0903,0.0821,0.1
2024-01,0.1785,0.1261,0.0891,0.0842,0.0479,0.0493,0.0472,0.0494,0.0562,0.092,0.0801,0.1
2024-04,0.1723,0.1288,0.0831,0.0883,0.0479,0.0504,0.0471,0.05,0.0546,0.0968,0.0807,0.1
2024-07,0.1668,0.1275,0.0839,0.0895,0.0476,0.0509,0.0469,0.0504,0.0541,0.0974,0.0849,0.1
2024-10,0.1667,0.1269,0.0848,0.0911,0.0471,0.0518,0.0461,0.0491,0.0558,0.0953,0.0853,0.1
2025-01,0.1618,0.1194,0.0944,0.0937,0.0463,0.0524,0.0454,0.048,0.0579,0.0915,0.0892,0.1
2025-04,0.1686,0.1182,0.0981,0.0921,0.0463,0.0519,0.0459,0.0471,0.0588,0.0813,0.0916,0.1
2025-07,0.1612,0.1179,0.1088,0.0892,0.0448,0.0524,0.0456,0.0464,0.0609,0.0804,0.0924,0.1
2025-10,0.1624,0.1124,0.1099,0.0913,0.0442,0.0514,0.0438,0.0458,0.0648,0.076,0.0979,0.1
2026-01,0.1528,0.1214,0.1062,0.0936,0.042,0.0528,0.0413,0.0441,0.0698,0.0783,0.0976,0.1
2026-04,0.1408,0.133,0.1021,0.0909,0.0416,0.0528,0.0412,0.0444,0.0701,0.0833,0.0998,0.1
2026-07,0.1337,0.1529,0.1039,0.0851,0.0396,0.0527,0.0415,0.0486,0.0675,0.0769,0.0975,0.1
