month,capacity_fund_net_php,tech_fund_net_php,market_fund_same_cost_php,us_market_gross_php,usd_php_eom
1990-01,-0.067506,-0.028134,-0.061389,-0.068042,22.543000
1990-02,0.027512,0.040691,0.024312,0.026734,22.761000
1990-03,0.018832,0.048336,0.021089,0.024205,22.750000
1990-04,-0.031093,-0.024625,-0.022211,-0.024347,22.805000
1990-05,0.084448,0.123186,0.089463,0.099329,22.977000
1990-06,0.005561,0.011768,0.007927,0.008093,23.270000
1990-07,0.008198,-0.045784,0.013516,0.012845,23.860000
1990-08,-0.049879,-0.064636,-0.041945,-0.051341,25.000000
1990-09,-0.019524,-0.040260,-0.021693,-0.026753,25.750000
1990-10,-0.017903,-0.020730,-0.011725,-0.012400,25.750000
1990-11,0.149116,0.188836,0.154266,0.162625,28.000000
1990-12,0.030795,0.035761,0.026846,0.030600,28.000000
1991-01,0.057316,0.124794,0.046092,0.052100,28.000000
1991-02,0.062622,0.075231,0.068164,0.076700,28.000000
1991-03,0.023090,0.019644,0.027046,0.031000,28.000000
1991-04,-0.000144,-0.018397,-0.004134,-0.003157,27.842000
1991-05,0.034552,0.042730,0.034994,0.039954,27.806000
1991-06,-0.048045,-0.070616,-0.043398,-0.047123,27.750000
1991-07,0.037118,0.032715,0.041747,0.047300,27.750000
1991-08,-0.007530,0.005995,-0.003492,0.000022,27.000000
1991-09,-0.008515,-0.022136,-0.010956,-0.011300,27.000000
1991-10,0.011920,0.031474,0.014531,0.017100,27.000000
1991-11,-0.049677,-0.052241,-0.045837,-0.048788,26.700000
1991-12,0.101520,0.093878,0.098004,0.110217,26.650000
1992-01,-0.005499,0.054648,-0.007767,-0.007104,26.527000
1992-02,-0.009327,0.009044,-0.007129,-0.004817,26.045000
1992-03,-0.048007,-0.067633,-0.046549,-0.047930,25.383000
1992-04,0.030005,0.006851,0.028515,0.030920,25.804000
1992-05,0.018017,0.015536,0.021592,0.023184,26.250000
1992-06,-0.041600,-0.064811,-0.043896,-0.044961,25.584000
1992-07,0.010682,-0.001134,0.008526,0.013478,24.910000
1992-08,-0.083146,-0.094596,-0.083627,-0.084698,23.294000
1992-09,0.095432,0.121321,0.091367,0.094026,25.120000
1992-10,-0.005341,-0.004683,-0.009257,-0.007008,24.636000
1992-11,0.074133,0.092377,0.074327,0.079964,25.492000
1992-12,0.006537,-0.007209,-0.000481,0.002285,25.096000
1993-01,0.027168,0.050047,0.019534,0.021758,25.348000
1993-02,0.014209,-0.002443,-0.000671,0.000708,25.280000
1993-03,0.034944,0.029595,0.031512,0.035154,25.513000
1993-04,0.020062,0.005460,0.007003,0.005118,26.385000
1993-05,0.054514,0.104249,0.054510,0.058807,27.094000
1993-06,0.024985,0.001397,0.010530,0.012106,27.272000
1993-07,0.031100,-0.016685,0.013563,0.014495,27.695000
1993-08,0.047641,0.073601,0.047677,0.052764,28.043000
1993-09,0.066359,0.064450,0.063393,0.064606,29.813000
1993-10,-0.023727,-0.022919,-0.019688,-0.017079,28.831000
1993-11,-0.054517,-0.033968,-0.045379,-0.045989,27.958000
1993-12,0.017895,0.022469,0.006459,0.009362,27.699000
1994-01,0.027720,0.035881,0.026183,0.030344,27.676000
1994-02,-0.024470,0.018207,-0.021199,-0.022518,27.701000
1994-03,-0.043234,-0.044221,-0.046323,-0.049888,27.565000
1994-04,-0.007201,-0.025508,-0.002977,-0.001047,27.277000
1994-05,-0.016070,0.001668,-0.007729,-0.005907,26.874000
1994-06,-0.023575,-0.043221,-0.024183,-0.025997,26.910000
1994-07,0.006134,0.004655,0.000899,0.004909,26.229000
1994-08,0.037701,0.091377,0.048668,0.054049,26.484000
1994-09,-0.041770,-0.021685,-0.036003,-0.037026,26.000000
1994-10,-0.032442,0.010426,-0.027164,-0.024644,24.928000
1994-11,-0.081145,-0.063440,-0.074447,-0.077141,23.879000
1994-12,0.031947,0.046603,0.033683,0.035866,24.418000
1995-01,0.036168,0.002348,0.025585,0.028689,24.573000
1995-02,0.087850,0.107982,0.084199,0.089366,25.732000
1995-03,0.022863,0.051589,0.033159,0.036672,25.987000
1995-04,0.022517,0.069178,0.023439,0.026842,26.021000
1995-05,0.010151,0.017868,0.021333,0.025495,25.797000
1995-06,0.015228,0.076206,0.019039,0.023020,25.575000
1995-07,0.048033,0.063053,0.036989,0.042007,25.585000
1995-08,0.026662,0.012600,0.021031,0.022874,25.906000
1995-09,0.039875,0.016566,0.039579,0.044270,26.065000
1995-10,-0.013114,0.009092,-0.012910,-0.013172,25.992000
1995-11,0.044411,0.011604,0.046163,0.051470,26.183000
1995-12,0.021208,-0.024318,0.014183,0.016502,26.214000
1996-01,0.021569,0.015330,0.022218,0.025764,26.185000
1996-02,0.005408,0.042819,0.014281,0.016889,26.177000
1996-03,0.012382,-0.021295,0.010059,0.012073,26.197000
1996-04,0.016240,0.078169,0.020916,0.024261,26.173000
1996-05,0.018054,0.032877,0.026067,0.029724,26.222000
1996-06,-0.003662,-0.037360,-0.008140,-0.008019,26.203000
1996-07,-0.059517,-0.068437,-0.049431,-0.054198,26.228000
1996-08,0.027433,0.036462,0.026716,0.030777,26.202000
1996-09,0.036348,0.085283,0.050369,0.056713,26.257000
1996-10,0.006919,-0.021354,0.011834,0.013980,26.285000
1996-11,0.049791,0.106856,0.059096,0.066681,26.287000
1996-12,-0.002940,-0.020745,-0.011908,-0.012362,26.288000
1997-01,0.038604,0.077840,0.050052,0.056345,26.344000
1997-02,-0.008285,-0.056398,-0.002095,-0.001317,26.333000
1997-03,-0.043503,-0.055591,-0.040850,-0.044668,26.367000
1997-04,0.029341,0.072423,0.039429,0.044779,26.369000
1997-05,0.064033,0.088014,0.064331,0.072403,26.374000
1997-06,0.040849,0.013488,0.039684,0.045096,26.384000
1997-07,0.158902,0.235890,0.173414,0.182919,28.968000
1997-08,0.015810,0.032545,0.005898,0.002897,30.165000
1997-09,0.178485,0.159455,0.180345,0.187829,33.873000
1997-10,0.006704,-0.046667,-0.000762,-0.003422,34.938000
1997-11,0.021638,0.003123,0.021173,0.025426,34.655000
1997-12,0.190131,0.122862,0.171381,0.174392,39.975000
1998-01,0.050822,0.098203,0.065564,0.067066,42.410000
1998-02,0.008004,0.039283,0.014408,0.022377,40.364000
1998-03,-0.030058,-0.070626,-0.039607,-0.034024,37.081000
1998-04,0.072846,0.114388,0.088598,0.090768,39.979000
1998-05,-0.063683,-0.088894,-0.051226,-0.053017,38.898000
1998-06,0.099177,0.139963,0.116183,0.121042,42.091000
1998-07,-0.033973,-0.011488,-0.020764,-0.021946,42.016000
1998-08,-0.107054,-0.118142,-0.103256,-0.118886,43.874000
1998-09,0.039400,0.111528,0.057407,0.064920,43.809000
1998-10,-0.013931,0.000673,-0.007695,0.000061,40.831000
1998-11,0.005176,0.048951,0.020979,0.028132,39.462000
1998-12,0.047611,0.095268,0.047014,0.054421,39.059000
1999-01,-0.010969,0.093973,0.018514,0.023228,38.492000
1999-02,-0.032385,-0.081387,-0.022772,-0.025670,38.957000
1999-03,0.012324,0.049058,0.029352,0.034112,38.770000
1999-04,0.059363,0.024028,0.020710,0.026250,37.998000
1999-05,-0.006367,-0.001614,-0.020671,-0.021895,37.971000
1999-06,0.016204,0.105201,0.046218,0.052309,37.993000
1999-07,-0.014371,0.006613,-0.016436,-0.018731,38.478000
1999-08,0.000062,0.075065,0.021181,0.021055,39.677000
1999-09,0.008098,0.028174,0.009280,0.007693,40.957000
1999-10,0.026625,-0.005193,0.037034,0.044314,40.169000
1999-11,0.025783,0.127732,0.053818,0.058625,40.979000
1999-12,0.030115,0.153415,0.052186,0.061031,40.222000
2000-01,-0.024041,0.002655,-0.031056,-0.034618,40.587000
2000-02,-0.024296,0.192399,0.034923,0.038711,40.974000
2000-03,0.090900,0.036271,0.054137,0.060695,41.125000
2000-04,0.008797,-0.075423,-0.051273,-0.056486,41.248000
2000-05,0.004625,-0.065101,-0.004002,-0.007281,42.605000
2000-06,0.014982,0.125639,0.058904,0.064982,43.180000
2000-07,0.054842,-0.022386,0.021716,0.020421,44.961000
2000-08,0.057950,0.132443,0.072146,0.080562,45.181000
2000-09,0.008999,-0.105834,-0.024815,-0.029142,46.139000
2000-10,0.108789,0.036074,0.084669,0.082957,51.101000
2000-11,-0.075345,-0.218053,-0.120461,-0.129721,49.518000
2000-12,0.056880,-0.009709,0.025034,0.027519,50.040000
2001-01,-0.006194,0.089864,0.010426,0.014877,48.930000
2001-02,-0.058488,-0.248206,-0.099199,-0.107967,48.309000
2001-03,-0.010199,-0.112933,-0.038685,-0.044906,49.522000
2001-04,0.097727,0.202520,0.114816,0.124453,51.408000
2001-05,-0.007621,-0.048438,-0.009638,-0.007721,50.506000
2001-06,0.018827,0.029484,0.021550,0.020823,52.428000
2001-07,0.005027,-0.039992,0.002870,0.001960,53.510000
2001-08,-0.080324,-0.141914,-0.100267,-0.105231,50.984000
2001-09,-0.086593,-0.174958,-0.073555,-0.081707,51.426000
2001-10,0.023303,0.158938,0.033358,0.037165,51.935000
2001-11,0.060678,0.149302,0.068494,0.077373,51.953000
2001-12,0.028854,-0.012125,0.006977,0.009844,51.557000
2002-01,-0.014849,-0.011385,-0.019046,-0.019241,51.231000
2002-02,-0.009240,-0.107050,-0.020328,-0.021394,51.247000
2002-03,0.055001,0.061307,0.033654,0.039179,51.025000
2002-04,-0.029063,-0.109239,-0.053953,-0.057931,50.631000
2002-05,-0.025270,-0.045834,-0.020826,-0.020940,50.183000
2002-06,-0.063977,-0.107792,-0.062209,-0.068279,50.330000
2002-07,-0.079770,-0.078522,-0.056016,-0.063170,51.273000
2002-08,0.008377,-0.012180,0.015802,0.017588,51.843000
2002-09,-0.070214,-0.128019,-0.082566,-0.091867,52.428000
2002-10,0.059426,0.159968,0.084905,0.094217,53.128000
2002-11,0.056330,0.169315,0.061444,0.068787,53.528000
2002-12,-0.036729,-0.117137,-0.048835,-0.053415,53.703000
2003-01,-0.023710,-0.017848,-0.020869,-0.022212,53.840000
2003-02,-0.011841,0.024219,-0.004609,-0.005259,54.533000
2003-03,-0.009289,-0.031126,-0.009123,-0.006804,53.525000
2003-04,0.041716,0.067763,0.053276,0.062631,52.528000
2003-05,0.088744,0.115637,0.068991,0.076474,53.274000
2003-06,0.003781,0.008825,0.015184,0.017887,53.415000
2003-07,0.051551,0.084384,0.044893,0.048596,54.698000
2003-08,0.035522,0.061459,0.023686,0.027314,54.875000
2003-09,-0.014323,-0.018910,-0.011353,-0.011348,54.889000
2003-10,0.075253,0.092746,0.062599,0.070067,55.332000
2003-11,0.031523,0.027968,0.018888,0.021532,55.732000
2003-12,0.028390,0.015359,0.034879,0.040460,55.559000
2004-01,0.013437,0.057522,0.025404,0.028860,55.921000
2004-02,0.011698,-0.025250,0.018946,0.021640,56.309000
2004-03,-0.004451,-0.022346,-0.014891,-0.014966,56.157000
2004-04,-0.021492,-0.054274,-0.018463,-0.019032,56.058000
2004-05,0.003113,0.036925,0.005209,0.007650,55.795000
2004-06,0.029531,0.037691,0.022180,0.025329,56.125000
2004-07,-0.038210,-0.088455,-0.039698,-0.042515,55.943000
2004-08,0.011819,-0.039030,0.004618,0.005955,56.175000
2004-09,0.021326,0.028964,0.016081,0.018965,56.278000
2004-10,0.022379,0.048501,0.013450,0.016148,56.325000
2004-11,0.048202,0.044655,0.038094,0.043919,56.170000
2004-12,0.034953,0.027746,0.031099,0.035818,56.171000
2005-01,-0.033736,-0.071344,-0.042912,-0.044404,55.104000
2005-02,0.012787,-0.003608,0.009060,0.012197,54.661000
2005-03,0.001839,-0.027561,-0.011922,-0.012626,54.921000
2005-04,-0.031634,-0.059181,-0.036787,-0.038146,54.125000
2005-05,0.039219,0.086093,0.041493,0.046482,54.520000
2005-06,0.041822,0.010532,0.033106,0.035004,55.975000
2005-07,0.035838,0.060659,0.038781,0.044019,56.105000
2005-08,-0.005518,-0.000691,-0.006576,-0.006527,56.245000
2005-09,0.006206,0.000552,0.002017,0.003758,56.025000
2005-10,-0.050985,-0.041327,-0.036728,-0.037513,54.895000
2005-11,0.023459,0.043029,0.019496,0.024339,54.110000
2005-12,-0.019075,-0.033261,-0.017681,-0.016678,53.165000
2006-01,0.017037,0.020073,0.009818,0.014063,52.150000
2006-02,-0.004501,-0.012196,-0.012442,-0.011494,51.530000
2006-03,0.002874,0.016739,0.007766,0.010495,51.130000
2006-04,0.025938,0.005686,0.022080,0.024107,51.798000
2006-05,-0.002372,-0.038803,-0.008305,-0.010691,52.900000
2006-06,0.008406,-0.012834,0.003558,0.004472,53.110000
2006-07,-0.047943,-0.061508,-0.034748,-0.034277,51.480000
2006-08,0.005721,0.051226,0.007694,0.010967,50.800000
2006-09,-0.005237,0.014785,0.006332,0.009417,50.150000
2006-10,0.020575,0.033896,0.025402,0.029894,49.840000
2006-11,0.016259,0.024133,0.013722,0.016692,49.620000
2006-12,-0.000991,-0.017176,-0.002044,0.000053,49.010000
2007-01,0.013122,0.013287,0.012846,0.015499,48.880000
2007-02,-0.005205,-0.026013,-0.021731,-0.022445,48.550000
2007-03,-0.005174,0.002338,0.002245,0.004213,48.205000
2007-04,0.016951,0.022424,0.018840,0.023561,47.475000
2007-05,0.011215,0.007053,0.005244,0.009658,46.250000
2007-06,-0.021201,0.008322,-0.014882,-0.015600,46.250000
2007-07,-0.055802,-0.025195,-0.050611,-0.053059,45.300000
2007-08,0.029978,0.054030,0.039070,0.041345,46.540000
2007-09,-0.016953,0.004989,-0.002677,0.001695,45.025000
2007-10,-0.023235,0.020931,-0.012384,-0.009403,43.680000
2007-11,-0.058018,-0.081142,-0.060988,-0.064504,42.770000
2007-12,-0.046146,-0.027950,-0.041694,-0.041326,41.250000
2008-01,-0.065228,-0.129929,-0.073222,-0.078269,40.500000
2008-02,-0.042008,-0.024481,-0.032056,-0.033913,40.320000
2008-03,0.025636,0.034356,0.022497,0.022817,41.560000
2008-04,0.066167,0.068855,0.058524,0.064541,42.220000
2008-05,0.060643,0.089265,0.053854,0.057119,43.735000
2008-06,-0.061473,-0.048356,-0.049542,-0.057009,44.955000
2008-07,-0.012399,-0.017203,-0.024602,-0.024109,44.136000
2008-08,0.061922,0.060550,0.056286,0.059212,45.986000
2008-09,-0.068412,-0.097086,-0.062546,-0.070932,47.053000
2008-10,-0.137264,-0.142466,-0.124592,-0.141309,48.750000
2008-11,-0.060874,-0.092600,-0.066699,-0.073295,48.951000
2008-12,-0.017678,-0.024329,-0.018037,-0.015086,47.374000
2009-01,-0.111096,-0.040020,-0.090064,-0.096867,46.551000
2009-02,-0.061514,-0.013921,-0.050342,-0.059754,48.703000
2009-03,0.062526,0.087584,0.071703,0.081995,48.332000
2009-04,0.120383,0.104390,0.086241,0.097742,48.154000
2009-05,0.003080,0.004741,0.024445,0.030841,47.181000
2009-06,0.027901,0.060602,0.020339,0.022053,48.015000
2009-07,0.075657,0.072738,0.069326,0.078420,48.056000
2009-08,0.044089,0.033101,0.045001,0.049700,48.814000
2009-09,-0.001745,0.017304,0.004225,0.009447,47.339000
2009-10,-0.034008,-0.017126,-0.018165,-0.019473,47.622000
2009-11,0.038197,0.030959,0.040181,0.047073,47.206000
2009-12,0.024539,0.031458,0.001449,0.005450,46.166000
2010-01,-0.031869,-0.061633,-0.024657,-0.026801,46.486000
2010-02,0.019926,0.040358,0.021287,0.025938,46.128000
2010-03,0.036283,0.041383,0.034144,0.041620,45.196000
2010-04,0.016913,0.012271,-0.000008,0.003209,44.452000
2010-05,-0.029495,-0.031944,-0.034682,-0.041685,46.248000
2010-06,-0.053443,-0.054279,-0.049105,-0.053478,46.347000
2010-07,0.042578,0.033132,0.042797,0.050912,45.550000
2010-08,-0.049901,-0.066564,-0.049119,-0.052676,45.312000
2010-09,0.048570,0.083260,0.050092,0.060661,43.867000
2010-10,0.008435,0.035184,0.015861,0.020945,43.113000
2010-11,0.033219,0.025905,0.027855,0.029754,44.131000
2010-12,0.050583,0.047710,0.048133,0.056196,43.631000
2011-01,0.037155,0.050463,0.032973,0.036286,44.332000
2011-02,0.013235,0.010086,0.011625,0.016318,43.536000
2011-03,0.007044,-0.014495,-0.001859,-0.000153,43.330000
2011-04,0.003757,0.014263,0.010263,0.014395,42.715000
2011-05,0.004770,0.000748,0.001587,0.001561,43.332000
2011-06,-0.016376,-0.022803,-0.017035,-0.017536,43.326000
2011-07,-0.068518,-0.048882,-0.048579,-0.049667,42.165000
2011-08,-0.056782,-0.063846,-0.053005,-0.057782,42.242000
2011-09,-0.040863,-0.020217,-0.036766,-0.043398,43.723000
2011-10,0.084674,0.078673,0.074203,0.086615,42.675000
2011-11,0.030295,0.005907,0.019054,0.020062,43.649000
2011-12,0.010368,-0.009722,0.010412,0.012440,43.863000
2012-01,0.013797,0.067335,0.020877,0.027101,42.886000
2012-02,0.026724,0.046306,0.034621,0.040329,42.727000
2012-03,0.020241,0.044525,0.030655,0.035086,42.888000
2012-04,-0.016645,-0.040499,-0.025907,-0.025515,42.152000
2012-05,-0.012829,-0.040798,-0.027010,-0.032147,43.475000
2012-06,0.009276,-0.013459,0.001989,0.007022,42.141000
2012-07,-0.002541,-0.009382,-0.004302,-0.002265,41.716000
2012-08,0.022087,0.049964,0.032987,0.036857,42.178000
2012-09,0.012676,-0.003583,0.012583,0.016560,41.733000
2012-10,-0.013520,-0.062392,-0.029604,-0.030119,41.197000
2012-11,-0.010210,0.007182,-0.003719,-0.001690,40.805000
2012-12,0.026236,0.013375,0.014494,0.016959,41.009000
2013-01,0.047909,0.015376,0.040292,0.047128,40.676000
2013-02,0.012927,0.007038,0.010694,0.013248,40.694000
2013-03,0.044507,0.028111,0.038769,0.044133,40.840000
2013-04,0.021804,0.004550,0.020550,0.023408,41.154000
2013-05,0.031117,0.072055,0.052721,0.056926,42.312000
2013-06,0.010022,-0.005635,0.007615,0.007661,43.154000
2013-07,0.048869,0.058242,0.057042,0.064065,43.463000
2013-08,-0.005582,0.010862,-0.000666,-0.002186,44.576000
2013-09,0.012031,0.007834,0.008027,0.012977,43.514000
2013-10,0.029870,0.021613,0.029485,0.034925,43.231000
2013-11,0.025329,0.036092,0.037264,0.041714,43.676000
2013-12,0.043245,0.055119,0.041935,0.046108,44.441000
2014-01,0.005483,0.015181,-0.010237,-0.012381,45.398000
2014-02,0.014698,0.022617,0.023460,0.029333,44.649000
2014-03,0.013120,0.000880,0.005279,0.006977,44.768000
2014-04,0.000486,-0.015166,-0.007019,-0.005947,44.582000
2014-05,-0.000684,0.013909,0.000034,0.003309,43.831000
2014-06,0.026339,0.020218,0.018497,0.022372,43.676000
2014-07,-0.033962,-0.006904,-0.023255,-0.024046,43.509000
2014-08,0.041254,0.039164,0.040523,0.046090,43.663000
2014-09,0.001859,0.014112,0.010695,0.009949,44.979000
2014-10,0.037691,0.013509,0.021734,0.025533,44.998000
2014-11,0.015814,0.043462,0.021298,0.025144,44.978000
2014-12,-0.002084,-0.011367,-0.004838,-0.003633,44.837000
2015-01,-0.047517,-0.050028,-0.043566,-0.045415,44.170000
2015-02,0.039112,0.064016,0.050430,0.057864,44.027000
2015-03,0.008201,-0.011631,0.003137,0.003275,44.667000
2015-04,-0.000513,0.006241,0.003932,0.005787,44.662000
2015-05,0.007474,0.020860,0.010128,0.012769,44.621000
2015-06,-0.003408,-0.021612,-0.004126,-0.004408,45.110000
2015-07,0.020712,0.030818,0.026640,0.029525,45.724000
2015-08,-0.029809,-0.037127,-0.033120,-0.038064,46.801000
2015-09,-0.038194,-0.021255,-0.030320,-0.032153,46.726000
2015-10,0.044051,0.081557,0.068701,0.077800,46.739000
2015-11,0.010951,0.020227,0.013530,0.015383,47.189000
2015-12,-0.040611,-0.029180,-0.027646,-0.028555,46.844000
2016-01,-0.023469,-0.049631,-0.035566,-0.040194,47.694000
2016-02,0.003868,0.000695,-0.007648,-0.006457,47.405000
2016-03,0.038462,0.041812,0.028252,0.036281,45.924000
2016-04,0.029443,-0.013029,0.028975,0.031212,46.921000
2016-05,0.007375,0.038476,0.011229,0.014277,46.754000
2016-06,0.011637,-0.009571,0.005101,0.006337,47.055000
2016-07,0.035037,0.065976,0.037104,0.042362,47.180000
2016-08,-0.019294,0.003764,-0.007075,-0.005339,46.690000
2016-09,0.046022,0.061370,0.037957,0.039545,48.396000
2016-10,-0.020859,-0.021253,-0.017484,-0.018260,48.477000
2016-11,0.077576,0.036586,0.069989,0.076325,49.754000
2016-12,0.014903,0.004289,0.011862,0.014941,49.585000
2017-01,0.025598,0.044505,0.019634,0.022864,49.734000
2017-02,0.043103,0.060265,0.041914,0.046814,50.258000
2017-03,-0.000308,0.011448,-0.000785,0.000644,50.190000
2017-04,0.001764,0.021272,0.007200,0.009547,50.103000
2017-05,-0.001581,0.018979,0.002253,0.004579,49.770000
2017-06,0.024346,-0.005527,0.020213,0.022299,50.451000
2017-07,0.011045,0.024777,0.016903,0.020066,50.479000
2017-08,0.013216,0.044653,0.016273,0.017737,51.236000
2017-09,0.010085,0.007555,0.014602,0.018352,50.864000
2017-10,0.032924,0.065359,0.034593,0.038189,51.594000
2017-11,0.005588,-0.007205,0.002291,0.006597,50.324000
2017-12,-0.007925,-0.014517,-0.000177,0.002134,49.858000
2018-01,0.050944,0.101305,0.079817,0.086917,51.274000
2018-02,-0.025929,0.017167,-0.017205,-0.019665,52.105000
2018-03,-0.002283,-0.021547,-0.018516,-0.019636,52.247000
2018-04,-0.017145,-0.016360,-0.007872,-0.006355,51.703000
2018-05,0.044316,0.057534,0.041321,0.045338,52.575000
2018-06,0.019463,0.009819,0.019008,0.020789,53.332000
2018-07,0.028564,0.021721,0.024626,0.029104,53.100000
2018-08,0.031934,0.072175,0.038867,0.043651,53.487000
2018-09,0.006103,0.012303,0.012604,0.013941,54.119000
2018-10,-0.067066,-0.091264,-0.080006,-0.086399,53.429000
2018-11,0.004246,-0.013892,-0.003409,-0.000475,52.413000
2018-12,-0.085590,-0.077143,-0.083684,-0.092095,52.500000
2019-01,0.068196,0.074468,0.067711,0.077362,52.092000
2019-02,0.027920,0.054581,0.023144,0.027826,51.681000
2019-03,0.024217,0.047757,0.028124,0.030539,52.581000
2019-04,0.024528,0.025198,0.021404,0.026603,51.814000
2019-05,-0.045424,-0.077330,-0.054099,-0.059880,52.215000
2019-06,0.042071,0.058973,0.043941,0.052119,51.261000
2019-07,0.002326,0.006188,0.003268,0.005752,50.834000
2019-08,0.011109,-0.016587,0.001145,-0.000205,52.068000
2019-09,0.023253,0.021467,0.010644,0.013325,51.936000
2019-10,-0.005297,-0.002505,-0.002713,0.000570,50.837000
2019-11,0.023879,0.034686,0.034889,0.040064,50.845000
2019-12,0.017913,0.035024,0.021107,0.025153,50.650000
2020-01,0.012872,0.013038,0.006250,0.007408,51.015000
2020-02,-0.075383,-0.077145,-0.072864,-0.079849,51.040000
2020-03,-0.156826,-0.080294,-0.121101,-0.133350,50.990000
2020-04,0.089477,0.107384,0.107137,0.121964,50.360000
2020-05,0.065016,0.075362,0.051720,0.058630,50.495000
2020-06,-0.008362,0.022189,0.008046,0.011735,49.861000
2020-07,0.049033,0.047372,0.034315,0.041355,49.058000
2020-08,0.035785,0.034840,0.053889,0.062741,48.440000
2020-09,-0.010462,-0.041343,-0.032840,-0.035265,48.492000
2020-10,-0.012466,-0.015985,-0.021432,-0.022275,48.414000
2020-11,0.108514,0.101084,0.104808,0.118584,48.155000
2020-12,0.034832,0.051286,0.041064,0.047008,48.183000
2021-01,-0.007881,0.012472,-0.004312,-0.003127,48.066000
2021-02,0.046719,0.023690,0.038571,0.042730,48.750000
2021-03,0.047343,0.020605,0.022600,0.027044,48.530000
2021-04,0.030739,0.038881,0.037044,0.043272,48.242000
2021-05,-0.012373,-0.011663,-0.010851,-0.009308,47.650000
2021-06,0.022913,0.076918,0.049314,0.053446,48.858000
2021-07,0.031224,0.059626,0.034826,0.037502,50.020000
2021-08,0.005805,0.033891,0.017749,0.021950,49.658000
2021-09,-0.023137,-0.030190,-0.014674,-0.017952,51.011000
2021-10,0.022643,0.049468,0.044996,0.052859,50.368000
2021-11,-0.030317,0.019044,-0.014816,-0.015155,50.401000
2021-12,0.063023,0.053564,0.040091,0.044670,51.000000
2022-01,-0.056044,-0.087497,-0.055149,-0.060128,51.080000
2022-02,-0.011767,-0.029747,-0.017865,-0.018916,51.283000
2022-03,0.029024,0.038676,0.036974,0.041393,51.810000
2022-04,-0.073393,-0.095901,-0.075926,-0.084273,52.372000
2022-05,0.023456,-0.009859,-0.000174,0.000745,52.574000
2022-06,-0.042953,-0.029611,-0.033165,-0.040738,55.021000
2022-07,0.095874,0.109544,0.090672,0.101662,55.280000
2022-08,-0.015576,-0.038084,-0.017981,-0.020573,56.153000
2022-09,-0.055412,-0.055282,-0.040806,-0.049370,58.757000
2022-10,0.064117,0.056251,0.063283,0.072412,58.301000
2022-11,0.020175,0.031167,0.012455,0.018243,56.570000
2022-12,-0.063026,-0.077267,-0.071242,-0.076344,55.616000
2023-01,0.053192,0.046095,0.043021,0.050830,54.640000
2023-02,-0.010217,0.002123,-0.008511,-0.009864,55.335000
2023-03,-0.022252,0.055833,0.005445,0.009146,54.299000
2023-04,0.027699,-0.003682,0.029730,0.031661,55.480000
2023-05,-0.017918,0.061404,0.018694,0.020323,56.214000
2023-06,0.059924,0.035260,0.043442,0.051111,55.294000
2023-07,0.024364,0.023074,0.024828,0.029307,54.905000
2023-08,-0.004706,0.036119,0.012875,0.011718,56.630000
2023-09,-0.051931,-0.056041,-0.044363,-0.048387,56.607000
2023-10,-0.030798,-0.035152,-0.021899,-0.023826,56.780000
2023-11,0.062637,0.062207,0.057779,0.067786,55.460000
2023-12,0.063857,0.049590,0.046631,0.052800,55.460000
2024-01,0.010530,0.039941,0.025477,0.027510,56.310000
2024-02,0.035667,0.055923,0.046740,0.053120,56.215000
2024-03,0.044016,0.030637,0.028948,0.033086,56.236000
2024-04,-0.018929,-0.017860,-0.013533,-0.017060,57.688000
2024-05,0.054086,0.073317,0.058711,0.064445,58.610000
2024-06,-0.012787,0.044110,0.025023,0.029106,58.440000
2024-07,0.051480,0.000331,0.013230,0.015726,58.384000
2024-08,-0.018514,-0.037428,-0.020161,-0.017386,56.200000
2024-09,0.025588,0.022022,0.015262,0.018256,56.038000
2024-10,0.036347,0.015914,0.032480,0.032742,58.228000
2024-11,0.077571,0.050087,0.068635,0.076518,58.643000
2024-12,-0.080629,-0.011831,-0.036022,-0.037945,58.043000
2025-01,0.043546,0.029834,0.033695,0.037815,58.387000
2025-02,-0.011086,-0.055805,-0.026862,-0.028058,57.972000
2025-03,-0.046881,-0.089492,-0.067017,-0.072152,57.253000
2025-04,-0.041008,-0.035664,-0.029393,-0.028990,55.867000
2025-05,0.050070,0.071771,0.054700,0.062076,55.745000
2025-06,0.052633,0.096690,0.059067,0.065323,56.451000
2025-07,0.042344,0.081597,0.053974,0.057348,58.335000
2025-08,0.011624,-0.005603,-0.000700,0.002364,57.203000
2025-09,0.038015,0.070559,0.051154,0.055930,58.236000
2025-10,0.017599,0.075808,0.028375,0.031647,58.711000
2025-11,0.008135,-0.016102,-0.000198,0.000932,58.666000
2025-12,-0.002589,-0.000648,0.003737,0.004640,58.950000
2026-01,0.028501,0.015867,0.010258,0.012561,58.907000
2026-02,0.011777,-0.029543,-0.029571,-0.029494,57.683000
2026-03,-0.001835,0.004352,0.004848,0.000664,60.689000
2026-04,0.077689,0.173892,0.104900,0.116369,61.458000
2026-05,0.007616,0.123605,0.047912,0.054152,61.572000
2026-06,0.035099,0.009789,-0.011428,-0.011248,61.358000
2026-07,-0.015711,-0.033074,-0.004891,-0.004246,61.269000
2026-08,0.026365,0.050359,0.043513,0.047435,62.397000
