month,Hlth,MedEq,Cnstr,BldMt,Mach,ElcEq,Util,Telcm,Trans,Hardw,Softw,Chips,LabEq,BusSv,Banks,MktRF,RF,DevExUS,APxJ,EM,USDPHP
1989-01,0.084800,0.052600,0.052900,0.065800,0.040900,0.076900,0.026700,0.083600,0.095100,0.075700,0.084400,0.063300,0.024100,0.065300,0.065300,0.060700,0.005500,,,,21.350000
1989-02,0.035900,-0.020900,-0.024000,0.019900,-0.016000,-0.047700,-0.017800,-0.013700,-0.005800,-0.045500,-0.023500,-0.029600,-0.006000,-0.022600,-0.006600,-0.022300,0.006100,,,,21.350000
1989-03,0.058600,0.029900,0.020000,0.015100,0.016700,-0.010100,0.005500,0.052900,-0.010500,-0.082200,-0.025100,-0.011300,0.009400,-0.005100,0.057800,0.015700,0.006700,,,,21.330000
1989-04,0.074800,0.071100,0.042100,0.066700,0.043000,0.078100,0.039700,0.095400,0.056700,0.041900,0.086600,0.059200,0.073000,0.065800,0.037300,0.043500,0.006700,,,,21.564000
1989-05,0.025100,0.059000,0.054300,0.031000,0.050600,0.115800,0.052800,0.059200,0.031700,0.004700,0.059200,0.051400,0.036200,0.054900,0.063000,0.032800,0.007900,,,,21.608000
1989-06,0.011500,-0.043900,0.027200,-0.020700,-0.034100,-0.043100,0.034200,0.001800,-0.012800,-0.022600,-0.068700,-0.039300,-0.039300,0.006200,0.001800,-0.013300,0.007100,,,,21.807000
1989-07,0.105000,0.088500,0.079800,0.098700,0.072700,0.110500,0.058100,0.091300,0.079000,0.022600,0.014800,0.044100,0.061700,0.053100,0.077300,0.071800,0.007000,,,0.013000,21.880000
1989-08,0.023500,0.029600,0.053000,0.023300,0.034600,0.000000,-0.008000,0.008000,0.123800,0.028300,0.034100,0.011400,0.011000,0.013400,0.014400,0.014300,0.007400,,,0.023700,21.880000
1989-09,-0.003700,0.010800,-0.026300,-0.014500,-0.022900,-0.014100,0.004800,0.040300,-0.040200,-0.056600,0.026900,0.013300,-0.033300,0.002500,0.028200,-0.007600,0.006500,,,0.150600,21.945000
1989-10,-0.007500,-0.024800,-0.087200,-0.075800,-0.054100,-0.028900,0.010100,-0.019600,-0.104700,-0.051300,-0.012500,-0.033500,-0.083900,-0.047700,-0.086100,-0.036500,0.006800,,,-0.015000,22.100000
1989-11,0.023900,0.055900,0.062000,0.022200,0.052500,0.095200,0.032400,0.021100,-0.005200,-0.022100,0.020900,-0.046200,-0.005400,-0.037700,-0.028300,0.010400,0.006900,,,0.014100,22.234000
1989-12,0.059100,0.014300,0.032200,-0.007800,0.018200,0.039900,0.048000,0.058500,0.026200,-0.029600,0.018100,0.013700,0.033600,0.027900,-0.028900,0.011800,0.006100,,,0.075400,22.440000
1990-01,-0.153600,-0.095700,-0.005800,-0.079200,-0.035200,-0.038300,-0.053500,-0.130400,-0.084800,0.010400,-0.043600,-0.031700,-0.085500,-0.072400,-0.096200,-0.078000,0.005700,,,0.015900,22.543000
1990-02,-0.015000,0.017100,0.071900,0.025600,0.052600,0.017600,0.002100,-0.002600,0.057600,0.043000,0.063400,0.023800,0.006900,0.022900,0.038000,0.011200,0.005700,,,0.043300,22.761000
1990-03,0.054400,0.032400,0.010600,0.048100,0.036800,0.041200,-0.007500,0.042200,0.028500,0.037100,0.081500,0.048600,0.056400,0.032900,-0.030100,0.018300,0.006400,,,-0.044300,22.750000
1990-04,-0.013700,-0.027400,-0.056400,-0.026700,-0.025400,-0.007200,-0.055200,-0.032900,-0.039800,-0.000300,-0.035500,-0.048200,-0.036200,-0.025000,-0.043100,-0.033600,0.006900,,,-0.004300,22.805000
1990-05,0.149800,0.137700,0.133800,0.084200,0.058400,0.099600,0.054300,0.092000,0.046000,0.116100,0.184800,0.121800,0.098000,0.071300,0.105500,0.084300,0.006800,,,0.088100,22.977000
1990-06,0.054500,0.043900,-0.032300,-0.029400,-0.023800,0.000200,0.007500,-0.047400,-0.015900,-0.019500,0.032900,-0.035000,0.032100,0.019100,-0.036500,-0.010900,0.006300,,,0.042800,23.270000
1990-07,-0.001700,-0.000700,0.026800,0.019400,-0.017800,0.015400,0.009000,-0.044200,-0.024700,-0.068800,-0.155300,-0.060000,-0.039600,-0.032100,-0.076300,-0.019000,0.006800,0.026700,0.048800,0.078100,23.860000
1990-08,-0.078000,-0.072400,-0.128200,-0.122600,-0.132100,-0.134700,-0.066400,-0.103800,-0.129200,-0.121100,-0.115300,-0.126700,-0.114700,-0.090900,-0.114600,-0.101200,0.006600,-0.104900,-0.080200,-0.126300,25.000000
1990-09,-0.060800,-0.024100,-0.067200,-0.102400,-0.095000,-0.101000,0.004800,0.018200,-0.077600,-0.058700,-0.094800,-0.055900,-0.105300,-0.058300,-0.125500,-0.061100,0.006000,-0.139500,-0.082000,-0.110300,25.750000
1990-10,-0.013400,0.009100,-0.110100,-0.040900,-0.109000,-0.030200,0.072200,0.030200,-0.025100,-0.035900,0.002400,-0.053400,0.006100,-0.041900,-0.091400,-0.019200,0.006800,0.157200,-0.012700,0.016900,25.750000
1990-11,0.082200,0.124800,0.109200,0.070300,0.088000,0.063800,0.023100,0.021200,0.054600,0.122400,0.157300,0.061900,0.091100,0.069600,0.162100,0.063500,0.005700,-0.074500,-0.024100,-0.037300,28.000000
1990-12,0.027900,0.037000,-0.010000,0.052200,0.052000,0.055200,0.007900,0.015100,0.052700,0.041100,0.051300,0.039500,0.031800,0.050600,0.075000,0.024600,0.006000,0.010400,-0.005000,0.007400,28.000000
1991-01,0.108100,0.093100,0.071400,0.104600,0.060300,0.115600,-0.013700,0.000200,0.124100,0.154800,0.199100,0.127100,0.094700,0.094400,0.082900,0.046900,0.005200,0.019200,0.058000,0.025400,28.000000
1991-02,0.078500,0.097200,0.225100,0.070200,0.076300,0.070700,0.048400,0.030300,0.056000,0.050900,0.061400,0.055900,0.164000,0.048700,0.123800,0.071900,0.004800,0.104900,0.095600,0.127900,28.000000
1991-03,0.121700,0.090000,-0.062200,0.028800,-0.021500,0.022000,0.017200,0.023000,-0.018900,-0.029900,0.048800,0.043700,0.030400,0.052100,0.047900,0.026600,0.004400,-0.043200,0.027200,0.028000,28.000000
1991-04,-0.019800,-0.022700,-0.042100,0.006100,-0.028500,0.009700,-0.000500,0.011300,0.037900,-0.056200,-0.023900,0.024200,-0.003900,0.007700,0.060700,-0.002800,0.005300,0.014800,0.026200,0.005900,27.842000
1991-05,0.058700,0.053700,0.047300,0.076900,0.084800,0.104600,0.001500,-0.014600,0.079200,0.020100,0.060600,0.061000,0.057600,0.025500,0.070400,0.036600,0.004700,-0.003700,-0.000800,0.049600,27.806000
1991-06,-0.071800,-0.047200,-0.100900,-0.045900,-0.069100,-0.046900,-0.023700,-0.014900,-0.052300,-0.098100,-0.076300,-0.097800,-0.030600,-0.052100,-0.067600,-0.049400,0.004200,-0.063000,-0.002200,-0.034500,27.750000
1991-07,0.099700,0.081000,0.009600,0.071000,0.008700,0.003700,0.040000,0.031100,0.056100,0.061500,0.073000,0.020600,0.005800,0.015300,0.094000,0.042400,0.004900,0.035200,0.062700,0.014800,27.750000
1991-08,-0.002300,0.036000,0.005200,0.038300,0.000700,0.020300,0.035200,0.006600,0.013600,0.001800,0.100200,0.029700,0.035000,0.019200,0.079800,0.023200,0.004600,-0.028700,-0.011300,0.005500,27.000000
1991-09,-0.019600,0.000000,-0.048100,-0.049500,-0.033500,-0.059100,0.037200,0.003700,-0.002700,0.003400,0.013200,-0.072700,-0.028800,0.001600,-0.010700,-0.015900,0.004600,0.060000,0.012700,-0.030400,27.000000
1991-10,-0.014800,0.090200,-0.015100,-0.029700,-0.008400,0.005000,0.012500,0.019300,0.074500,-0.024500,0.107100,0.032100,0.042900,0.026100,0.008300,0.012900,0.004200,0.018300,0.041900,0.051900,27.000000
1991-11,-0.064700,-0.019500,-0.084800,-0.018200,-0.093800,-0.058500,0.019000,-0.047500,-0.084900,-0.051000,-0.025600,-0.043600,-0.057000,-0.030200,-0.084100,-0.042000,0.003900,-0.051800,0.000400,-0.001000,26.700000
1991-12,0.195300,0.163300,0.126700,0.186300,0.085500,0.181100,0.050100,0.098500,0.142800,0.037500,0.166000,0.106700,0.123000,0.121100,0.154700,0.108500,0.003800,0.042000,0.017400,0.089000,26.650000
1992-01,-0.009200,-0.028600,0.079200,0.024600,0.057700,-0.011600,-0.045700,-0.028800,-0.010700,0.063100,0.054000,0.108200,0.039200,0.005500,0.016600,-0.005900,0.003400,-0.026700,0.016400,0.090000,26.527000
1992-02,-0.053200,-0.053900,-0.004400,0.018900,0.049500,0.034400,-0.012400,-0.014500,0.051100,0.058100,0.026400,0.040100,0.000100,0.027600,0.050800,0.010800,0.002800,-0.034400,0.022800,0.047500,26.045000
1992-03,-0.059300,-0.045800,-0.087700,-0.012300,-0.016300,-0.030900,-0.005300,-0.008700,-0.024200,-0.049900,-0.066700,-0.062300,-0.010000,-0.018900,-0.016500,-0.026500,0.003400,-0.069800,0.000700,-0.023100,25.383000
1992-04,-0.057800,-0.045200,-0.004600,0.007400,0.025400,-0.000300,0.026900,0.071000,0.027700,0.007400,-0.048100,-0.002300,-0.005000,-0.011800,0.028200,0.010900,0.003200,-0.008100,0.057100,-0.006400,25.804000
1992-05,-0.035400,0.030900,0.005800,0.005000,-0.001300,-0.002800,0.025400,-0.026100,-0.003700,-0.005300,0.035100,-0.010200,-0.012700,0.003200,0.030900,0.003000,0.002800,0.069000,0.082000,-0.003300,26.250000
1992-06,-0.061800,-0.045700,-0.061600,-0.053100,-0.057900,0.012000,0.005400,0.014900,-0.039700,-0.021200,-0.097500,-0.024100,-0.047000,-0.024500,0.004900,-0.023300,0.003200,-0.042900,-0.008600,-0.073900,25.584000
1992-07,0.062100,0.039400,0.072500,0.044700,0.022200,-0.005700,0.067300,0.054600,0.007800,0.017700,0.032200,0.048400,0.021700,0.035900,0.016700,0.037800,0.003100,-0.031500,-0.030600,-0.001800,24.910000
1992-08,-0.033900,-0.028600,-0.010000,0.003600,-0.037500,-0.028100,-0.004700,-0.009700,-0.059800,-0.080500,-0.017100,-0.018600,-0.016900,-0.017100,-0.041800,-0.023800,0.002600,0.061200,-0.058100,-0.033800,23.294000
1992-09,-0.058000,-0.025400,0.023000,0.030900,0.020500,0.067700,0.008300,0.019100,0.042000,-0.011300,0.064500,0.069900,0.058800,0.016000,0.016500,0.011900,0.002600,-0.027600,-0.022500,-0.009600,25.120000
1992-10,0.048500,0.041500,-0.002800,0.012400,-0.013200,-0.013400,-0.004200,-0.005500,0.060700,-0.035200,0.081200,0.058300,-0.016600,0.036100,0.028000,0.010200,0.002300,-0.054700,0.031200,0.046300,24.636000
1992-11,0.106100,0.043500,0.037500,0.015200,0.027500,0.082800,-0.002300,0.038800,0.053600,0.072100,0.062500,0.063200,0.054300,0.048200,0.074000,0.041400,0.002300,0.004700,-0.017500,-0.004900,25.492000
1992-12,-0.004700,0.022600,-0.024200,0.003900,0.023100,0.025300,0.027100,0.056400,0.013000,-0.046800,-0.009500,0.065700,0.025400,0.022800,0.046600,0.015300,0.002800,0.005000,0.009100,0.022500,25.096000
1993-01,-0.016900,-0.031000,0.036700,0.001700,0.040300,0.009400,0.024600,0.013300,0.028400,0.041500,0.052600,0.080100,0.009200,-0.010100,0.043800,0.009300,0.002300,0.001300,0.012600,-0.006300,25.348000
1993-02,-0.153900,-0.121900,0.039400,0.067800,0.039200,-0.021600,0.062300,0.056000,0.004600,-0.018900,-0.051600,0.040200,0.022100,-0.000300,0.018900,0.001200,0.002200,0.034100,0.082800,0.033400,25.280000
1993-03,0.053000,-0.010000,-0.011500,0.024800,0.022900,0.061500,0.017600,0.033500,0.040900,-0.010900,0.044700,0.046300,0.017000,0.020200,0.036900,0.023200,0.002500,0.102600,0.030100,0.034500,25.513000
1993-04,0.000000,-0.096900,-0.009500,-0.023200,0.032600,-0.002200,-0.001500,-0.028800,0.004300,-0.034500,-0.060000,-0.019900,-0.012800,-0.044900,-0.048100,-0.030500,0.002400,0.096100,0.057500,0.043300,26.385000
1993-05,0.099200,0.069300,0.023900,0.012200,0.043800,0.029900,-0.000400,0.041600,0.025300,0.098300,0.090000,0.096900,0.059200,0.031100,-0.009400,0.028900,0.002200,0.035200,0.051100,0.043300,27.094000
1993-06,0.013300,-0.010800,0.004700,-0.007200,0.019800,0.028300,0.031900,0.046400,-0.012900,-0.047700,-0.004800,0.041800,-0.008800,-0.004100,0.051200,0.003000,0.002500,-0.032900,-0.025400,0.004900,27.272000
1993-07,0.023300,-0.045700,0.015600,-0.007900,-0.000300,0.021000,0.019400,0.021400,0.037600,-0.081400,-0.082600,0.014900,-0.001900,0.021300,0.011900,-0.003400,0.002400,0.041700,0.024500,0.036900,27.695000
1993-08,-0.037100,-0.003000,0.070300,0.045700,0.080300,0.004900,0.037000,0.052500,0.043300,0.044300,0.038800,0.109700,0.068900,0.044800,0.010800,0.037200,0.002500,0.050600,0.066200,0.085100,28.043000
1993-09,0.060100,-0.016800,-0.035600,-0.005500,-0.014400,-0.012700,-0.006400,-0.004800,-0.011000,-0.029800,0.048000,0.027900,-0.026700,0.023400,0.033100,-0.001200,0.002600,-0.028100,0.002700,0.048700,29.813000
1993-10,0.091600,0.058300,-0.009200,0.038000,0.026100,0.013500,-0.019700,0.024200,0.032300,0.063000,0.029700,-0.024600,-0.009100,0.028700,-0.047200,0.014200,0.002200,0.011600,0.160400,0.096400,28.831000
1993-11,-0.006200,-0.014200,-0.015600,0.041900,-0.021100,0.002200,-0.055200,-0.059600,0.015500,0.060500,-0.003700,-0.047300,-0.021300,-0.029200,-0.031600,-0.018700,0.002500,-0.088700,-0.021300,0.062700,27.958000
1993-12,0.118800,0.021500,0.034800,0.009700,0.048100,0.065500,0.016100,-0.005300,0.021100,0.046300,-0.005800,0.030000,0.067500,0.032100,0.034200,0.016500,0.002300,0.059700,0.207500,0.184700,27.699000
1994-01,0.090800,0.064000,0.052600,0.028700,0.061500,0.021800,-0.012000,0.021700,0.047300,0.050300,0.049500,0.046400,0.024400,0.029100,0.048300,0.028700,0.002500,0.104400,0.011100,-0.011000,27.676000
1994-02,0.021200,-0.064800,-0.039700,-0.008100,0.011200,-0.015200,-0.049800,-0.055000,-0.045200,0.005700,0.031800,0.022900,0.023500,-0.024000,-0.037200,-0.025500,0.002100,-0.001300,-0.063100,-0.010000,27.701000
1994-03,-0.045400,-0.066200,-0.035000,-0.062000,-0.031900,-0.042900,-0.039400,-0.036100,-0.060300,-0.045700,-0.043000,-0.023500,-0.056100,-0.049900,-0.027900,-0.047900,0.002700,-0.028400,-0.097200,-0.113500,27.565000
1994-04,-0.005100,-0.020000,-0.023100,0.003000,-0.016100,-0.035300,0.021300,0.015900,-0.002800,-0.022800,0.007500,-0.027100,-0.017800,0.004500,0.045700,0.006800,0.002700,0.035300,0.024100,-0.002500,27.277000
1994-05,0.028100,0.037900,-0.038000,0.021000,-0.029900,0.030500,-0.053600,0.016300,-0.020100,0.002200,0.066500,0.009000,0.008100,0.012500,0.053800,0.005800,0.003200,-0.004000,0.045600,0.018800,26.874000
1994-06,-0.067100,-0.031700,0.004900,-0.041600,-0.022800,-0.049300,-0.031500,0.006200,-0.022100,-0.072500,-0.056200,-0.035000,-0.029300,-0.028200,-0.019600,-0.030400,0.003100,0.021500,-0.060800,-0.029900,26.910000
1994-07,0.035700,0.021700,0.024100,0.049400,0.042600,0.071900,0.051900,0.031000,0.015600,0.041200,-0.000200,0.064400,0.033000,0.025000,0.020300,0.028200,0.002800,0.004700,0.050300,0.065200,26.229000
1994-08,0.082800,0.112600,-0.012200,0.066200,0.042900,0.004500,0.006600,0.010200,0.019300,0.123600,0.097400,0.072600,0.067600,0.048900,0.036900,0.040200,0.003700,0.014400,0.040000,0.121800,26.484000
1994-09,0.021800,0.021200,-0.050400,-0.023600,-0.029000,-0.017900,-0.027900,-0.011500,-0.069000,0.003900,0.012900,-0.024200,-0.003800,-0.001400,-0.063000,-0.022800,0.003700,-0.027700,-0.021600,0.025800,26.000000
1994-10,-0.016000,-0.016300,0.010700,-0.013200,0.040400,0.008700,0.015900,-0.001300,0.022400,0.097500,0.089000,0.060500,0.003500,0.016500,0.001400,0.013500,0.003800,0.028900,0.013200,-0.028400,24.928000
1994-11,-0.059700,0.010000,-0.080100,-0.040300,-0.075400,-0.055600,0.002800,-0.054200,-0.044600,-0.015600,-0.013600,-0.026200,-0.038600,-0.041300,-0.068400,-0.040300,0.003700,-0.054800,-0.080600,-0.043300,23.879000
1994-12,-0.006200,0.033700,-0.004400,0.013300,0.020200,0.089100,0.003500,0.008600,-0.002400,0.028800,0.018600,0.024200,0.035000,0.022200,-0.002400,0.008600,0.004400,0.011400,-0.010000,-0.090700,24.418000
1995-01,0.051800,0.048900,0.040700,0.007800,-0.008100,0.009300,0.062200,0.041600,0.033500,-0.028100,-0.015400,0.008400,0.019000,0.001800,0.060200,0.018000,0.004200,-0.042300,-0.072200,-0.123700,24.573000
1995-02,0.026300,0.027400,0.045400,0.056600,0.055500,0.058500,0.008200,0.015100,0.073100,0.052800,0.069600,0.081300,0.060500,0.058300,0.066600,0.036300,0.004000,-0.008600,0.062300,0.005400,25.732000
1995-03,0.050500,0.063100,-0.022600,0.015100,0.060200,-0.002500,-0.017500,0.002400,0.031900,0.054400,0.059200,0.033200,0.041000,0.028700,0.004800,0.021900,0.004600,0.060100,0.009700,-0.001300,25.987000
1995-04,-0.022900,0.034200,0.038900,0.021900,0.048500,0.029300,0.023800,0.016200,0.026500,0.095500,0.061500,0.101600,0.048300,0.010200,0.040600,0.021100,0.004400,0.033900,0.014600,0.025900,26.021000
1995-05,-0.050200,0.007300,0.042300,0.016300,0.036600,0.030800,0.060400,0.009100,-0.005800,0.017100,0.019300,0.048800,0.035400,-0.008300,0.080900,0.029000,0.005400,-0.014700,0.046900,0.058100,25.797000
1995-06,0.017700,0.066100,0.011600,0.045100,0.030300,-0.005500,-0.004600,0.038700,0.043600,0.081200,0.099000,0.123000,0.079000,0.032300,0.014500,0.027200,0.004700,-0.012600,-0.018800,0.005300,25.575000
1995-07,0.104000,0.066700,0.058600,0.019900,0.084200,0.036700,-0.003700,0.050700,0.092300,0.085500,0.055200,0.095800,0.049300,0.043800,0.047700,0.037100,0.004500,0.052500,0.052800,0.030200,25.585000
1995-08,-0.003800,0.038900,0.037400,0.002900,-0.011400,0.000600,0.009900,0.043800,0.003400,0.005600,0.005000,-0.008900,0.002000,0.025000,0.052500,0.005500,0.004700,-0.028400,-0.010000,-0.023900,25.906000
1995-09,0.026600,0.082600,-0.008400,0.033500,-0.026400,0.061200,0.063000,0.057500,0.027800,0.005600,0.011700,0.016200,0.015900,0.046500,0.055300,0.033600,0.004300,0.009500,0.021800,-0.004500,26.065000
1995-10,-0.031400,-0.016500,0.006600,-0.017300,-0.033800,-0.005700,0.014800,0.001500,-0.017000,0.065000,0.050800,-0.049400,-0.007900,-0.001200,-0.023000,-0.015100,0.004700,-0.018400,-0.003100,-0.034900,25.992000
1995-11,0.060700,0.034100,0.043300,0.048500,0.049900,0.056300,0.015800,0.027900,0.062200,-0.000800,0.016500,-0.040300,0.038900,0.054300,0.071100,0.039600,0.004200,0.021500,0.012300,-0.011200,26.183000
1995-12,0.026800,0.047700,0.079700,-0.019400,-0.002500,0.065500,0.051000,0.041200,-0.014600,-0.040800,-0.025900,-0.066800,0.012700,0.032700,0.008800,0.010400,0.004900,0.034500,0.033100,0.034400,26.214000
1996-01,0.072900,0.052100,0.019400,0.034700,0.020600,0.052500,0.018600,0.022800,-0.001800,0.053700,0.015600,-0.007300,0.012500,0.014900,0.042800,0.022600,0.004300,0.006900,0.087600,0.088800,26.185000
1996-02,0.014800,-0.009000,0.003700,-0.019300,0.035600,-0.006400,-0.026700,-0.023800,0.041500,0.113600,0.059800,0.040900,-0.015600,0.021100,0.026800,0.013300,0.003900,0.004900,0.007300,-0.023200,26.177000
1996-03,0.019400,0.002200,0.018300,0.021400,0.017400,0.029700,-0.005200,-0.020100,0.032700,-0.079200,-0.007700,-0.022100,0.019900,0.035400,0.031600,0.007400,0.003900,0.018800,-0.005900,0.012100,26.197000
1996-04,0.005800,-0.015900,-0.002600,0.045500,0.036000,0.006300,-0.026600,0.028800,0.026000,0.099300,0.087100,0.122300,0.054700,0.054200,-0.012200,0.020600,0.004600,0.037100,0.020400,0.025400,26.173000
1996-05,0.013400,0.026300,0.012100,0.021600,0.008800,0.061800,0.013200,-0.000200,-0.004200,0.037700,0.028000,0.052500,0.024600,0.040600,0.020200,0.023600,0.004200,-0.009400,0.011400,-0.013500,26.222000
1996-06,-0.019100,-0.033200,-0.011900,0.006100,-0.046200,0.029700,0.052700,0.005500,-0.014200,-0.070400,-0.008100,-0.067800,-0.015700,-0.011100,-0.000500,-0.011300,0.004000,0.001700,-0.017300,0.011200,26.203000
1996-07,-0.099400,-0.094800,-0.080200,-0.041600,-0.082700,-0.048100,-0.058100,-0.084900,-0.072000,-0.060400,-0.084000,-0.086500,-0.074400,-0.067200,-0.004400,-0.059600,0.004500,-0.031100,-0.048900,-0.054100,26.228000
1996-08,0.072500,0.053600,0.032400,0.030000,0.046700,0.017000,0.028900,-0.013200,0.035600,0.051200,0.026800,0.057100,0.040500,0.026800,0.045800,0.027700,0.004100,0.000600,0.043000,0.030300,26.202000
1996-09,0.036400,0.099900,-0.009800,0.075300,0.062800,0.099600,0.006800,0.016200,0.010300,0.122100,0.109900,0.105900,0.043800,0.044800,0.064400,0.050100,0.004400,0.022900,0.027500,0.015100,26.257000
1996-10,-0.069600,-0.052600,0.025200,0.009700,-0.005600,0.053700,0.036100,-0.003100,0.021200,-0.009200,-0.036500,-0.006300,-0.038100,-0.037200,0.071000,0.008700,0.004200,-0.012100,0.027600,-0.017800,26.285000
1996-11,0.052600,0.022400,0.048300,0.023100,0.091700,0.069100,0.026000,0.054900,0.068000,0.149500,0.084000,0.143100,0.111000,0.011100,0.092700,0.062500,0.004100,0.033300,0.068900,0.015000,26.287000
1996-12,0.020000,0.016400,-0.009400,0.028700,-0.009500,-0.028900,0.001300,0.029000,-0.013200,-0.053800,-0.033200,-0.002000,0.000700,-0.014300,-0.034100,-0.017000,0.004600,-0.014400,0.000100,0.006600,26.288000
1997-01,0.029800,0.044400,0.108200,0.047700,0.056400,0.040800,0.009200,0.022900,0.022100,0.066600,0.078500,0.155600,0.048400,0.008900,0.077100,0.049600,0.004500,-0.035500,-0.017200,0.070700,26.344000
1997-02,0.021300,-0.012600,-0.075300,-0.020000,-0.019300,-0.008800,-0.005700,0.025700,-0.011300,-0.081700,-0.064900,-0.094800,-0.009500,-0.020400,0.041700,-0.004800,0.003900,0.012700,0.012600,0.051700,26.333000
1997-03,-0.104900,-0.074900,-0.045600,-0.055400,-0.017300,-0.029800,-0.027900,-0.078300,-0.001200,-0.072100,-0.072400,-0.025700,-0.074900,-0.041600,-0.077900,-0.050200,0.004300,-0.005200,-0.042800,-0.021500,26.367000
1997-04,0.018100,0.019600,0.020400,0.088800,0.040400,0.098600,-0.013900,0.024900,0.057400,0.066100,0.126300,0.054900,0.070200,0.018100,0.062000,0.040400,0.004300,0.005200,0.004200,-0.020000,26.369000
1997-05,0.093100,0.092800,0.067800,0.066000,0.119700,0.090800,0.036300,0.065600,0.061600,0.129000,0.101200,0.078600,0.084500,0.114800,0.042700,0.067300,0.004900,0.079200,0.073900,0.031800,26.374000
1997-06,0.072800,0.058800,0.051100,0.056600,0.068900,0.066200,0.031400,0.034600,0.022400,0.006900,0.023200,0.007700,0.020200,0.057500,0.054100,0.041000,0.003700,0.043800,0.025900,0.047400,26.384000
1997-07,-0.032600,0.064800,0.136000,0.086400,0.103800,0.087100,0.028300,0.022500,0.080600,0.226800,0.107700,0.185200,0.065300,0.035500,0.118900,0.073100,0.004300,0.010800,0.021200,0.007900,28.968000
1997-08,-0.021400,-0.015100,0.024500,-0.076500,0.013800,-0.092900,-0.011600,-0.024100,-0.041400,-0.011500,-0.026600,-0.008000,0.012800,-0.014500,-0.052400,-0.041000,0.004100,-0.065300,-0.080200,-0.112100,30.165000
1997-09,0.026200,0.033400,0.050400,0.044400,0.011400,0.082200,0.046200,0.096500,0.086500,0.051900,0.025200,0.024700,0.044600,0.042700,0.077100,0.053400,0.004400,0.050800,0.041900,0.017400,33.873000
1997-10,-0.027000,-0.069100,-0.019300,-0.033700,-0.085700,-0.052100,0.008900,0.028800,-0.014500,-0.089800,-0.016800,-0.126900,-0.109000,-0.055100,-0.011200,-0.038000,0.004200,-0.068700,-0.219300,-0.158800,34.938000
1997-11,0.005500,0.040000,-0.022200,0.035600,-0.030800,0.117100,0.071800,0.106800,-0.007600,0.026500,0.032100,-0.012900,0.004400,0.011900,0.037200,0.029900,0.003900,-0.019300,-0.011400,-0.054000,34.655000
1997-12,0.011600,0.022300,0.034300,0.040000,-0.009000,-0.001800,0.080100,0.041600,0.020000,-0.047000,-0.039600,-0.064500,0.025800,0.059300,0.061400,0.013300,0.004800,-0.002800,-0.009900,0.000400,39.975000
1998-01,-0.100400,0.032400,0.076000,-0.009300,-0.033000,0.048500,-0.043800,0.050900,-0.001700,0.041100,0.063200,0.073000,-0.010900,-0.008800,-0.035800,0.001500,0.004300,0.042700,-0.081800,-0.061700,42.410000
1998-02,0.112600,0.070800,0.081400,0.087000,0.116200,0.015900,0.026400,0.024100,0.039500,0.100400,0.118000,0.094500,0.096300,0.090400,0.086200,0.070300,0.003900,0.064100,0.122600,0.105600,40.364000
1998-03,0.051100,0.021200,0.068300,0.088500,0.023400,0.096000,0.067000,0.100900,0.068500,-0.031800,0.088100,-0.020400,0.000400,0.065700,0.058200,0.047600,0.003900,0.032300,-0.014800,0.040900,37.081000
1998-04,0.016700,0.006300,-0.036500,-0.014700,0.013600,-0.008700,-0.024900,-0.032100,-0.029900,0.106400,0.006800,0.064300,-0.004800,0.002600,0.020200,0.007400,0.004300,0.009900,-0.052600,0.007700,39.979000
1998-05,-0.062300,-0.018300,-0.062100,-0.025600,-0.062200,-0.025300,-0.010900,-0.018200,-0.047100,-0.043900,-0.069700,-0.101900,-0.063500,-0.039500,-0.028400,-0.030700,0.004000,0.000100,-0.106700,-0.104100,38.898000
1998-06,-0.041500,0.047300,0.067300,-0.020400,-0.056800,0.059900,0.030000,0.029300,0.010000,0.053000,0.178000,0.051200,-0.042400,0.061200,0.027200,0.031900,0.004100,-0.003800,-0.056000,-0.102000,42.091000
1998-07,-0.079700,0.013000,-0.005000,-0.062700,-0.102100,-0.023100,-0.054100,0.038400,-0.061000,0.060200,-0.050300,0.043400,-0.067900,-0.060400,0.009000,-0.024200,0.004000,0.005100,-0.033200,0.022500,42.016000
1998-08,-0.234600,-0.161700,-0.238300,-0.183100,-0.197700,-0.113600,0.019600,-0.123600,-0.168100,-0.138800,-0.187500,-0.212200,-0.150700,-0.171100,-0.240800,-0.160500,0.004300,-0.116200,-0.129300,-0.245300,43.874000
1998-09,-0.030300,0.081700,0.090700,-0.029800,0.022000,0.000200,0.081700,0.102700,0.016200,0.172600,0.192400,0.092300,0.060700,0.081500,0.043700,0.061900,0.004600,-0.030800,0.112200,0.040500,43.809000
1998-10,0.034800,0.053900,0.090900,0.130000,0.139600,0.099500,-0.017700,0.067400,0.081300,0.078900,-0.009800,0.129100,0.136600,0.048500,0.088200,0.069800,0.003200,0.096400,0.183900,0.080800,40.831000
1998-11,0.072200,0.058800,0.047900,0.036300,0.029800,0.039600,0.013300,0.036600,0.030200,0.089400,0.151300,0.135300,0.020600,0.042300,0.056400,0.060700,0.003100,0.043800,0.049300,0.064300,39.462000
1998-12,0.018100,0.090600,0.140100,0.027900,0.003000,0.116900,0.028600,0.143900,0.037800,0.161400,0.175500,0.136700,0.010200,0.077600,0.039600,0.061500,0.003800,0.028700,-0.022900,-0.017300,39.059000
1999-01,-0.168900,0.019400,0.068500,0.106000,0.058900,0.022600,-0.062500,0.091300,0.008700,0.161800,0.190100,0.114500,0.037500,0.027900,-0.003400,0.034800,0.003500,0.004900,-0.000500,-0.015500,38.492000
1999-02,-0.112800,-0.047200,-0.055900,-0.070300,-0.032600,-0.043900,-0.036300,-0.028900,-0.012000,-0.140300,-0.106700,-0.112500,-0.046700,-0.059800,-0.004300,-0.040800,0.003500,-0.020300,-0.009300,0.002200,38.957000
1999-03,-0.020900,0.059000,0.055600,0.058900,0.028700,0.090600,-0.016400,-0.006800,0.029900,0.057600,0.146900,0.050300,-0.012700,0.031500,0.018000,0.034800,0.004300,0.042300,0.085700,0.091200,38.770000
1999-04,0.199000,0.006000,0.158800,0.010300,0.162100,-0.024000,0.073500,0.077500,0.117300,0.039400,-0.043100,0.084500,0.117500,0.033400,0.080100,0.043400,0.003700,0.048800,0.172000,0.106900,37.998000
1999-05,0.027100,-0.013500,0.007900,-0.020800,-0.022200,-0.025800,0.067300,0.006600,-0.049100,0.016200,-0.022000,-0.022800,0.023900,-0.025400,-0.062700,-0.024600,0.003400,-0.039200,-0.050800,0.011800,37.971000
1999-06,-0.035700,0.045800,-0.096200,-0.062600,0.094600,0.103700,-0.044900,0.058800,0.009900,0.105100,0.096500,0.161900,0.105100,0.061500,0.045800,0.047700,0.004000,0.049200,0.095800,0.106100,37.993000
1999-07,-0.084200,0.003100,-0.056600,-0.004000,-0.013700,-0.027600,-0.005800,-0.017200,-0.021900,0.015500,-0.066300,0.037500,-0.005900,-0.041600,-0.056400,-0.034900,0.003800,0.034400,-0.018100,-0.013900,38.478000
1999-08,-0.043900,-0.006400,-0.078600,-0.019100,-0.018200,0.022800,0.005800,-0.082500,-0.082700,0.079200,0.030300,0.086700,0.003100,-0.036300,-0.050000,-0.013700,0.003900,0.018000,-0.018900,0.028000,39.677000
1999-09,-0.085500,-0.086000,-0.016400,-0.115600,-0.014600,0.045700,-0.042800,0.046500,-0.064800,-0.020600,0.034200,-0.037000,0.012100,0.034400,-0.036700,-0.027700,0.003900,0.020600,-0.019100,-0.030100,40.957000
1999-10,0.028200,-0.037100,-0.063300,0.016600,0.025700,0.121900,0.021600,0.083000,0.077600,0.008400,0.025000,0.059900,-0.020300,0.025900,0.149000,0.060900,0.003900,0.035000,0.015800,0.033300,40.169000
1999-11,0.106700,0.067000,0.024800,0.028400,0.002700,-0.034100,-0.073600,0.046100,-0.051100,0.179300,0.119300,0.112300,0.070100,0.047400,-0.056700,0.034100,0.003600,0.047900,0.074400,0.086800,40.979000
1999-12,0.062600,-0.010500,0.040900,0.036800,0.117000,0.173300,-0.023700,0.045300,-0.003200,0.184800,0.261300,0.157600,0.169200,0.178500,-0.051900,0.076600,0.004400,0.080500,0.094200,0.118200,40.222000
2000-01,0.003400,0.088600,-0.076400,-0.113200,-0.005500,-0.124700,0.055400,-0.038500,-0.093300,-0.030400,-0.102500,-0.003600,0.097200,-0.076000,-0.025300,-0.047400,0.004100,-0.058200,-0.064200,0.008300,40.587000
2000-02,-0.185100,0.065400,0.016700,-0.076100,0.093300,-0.007200,-0.070700,-0.036900,-0.053000,0.211300,0.108800,0.265600,0.213900,0.006200,-0.113100,0.024600,0.004300,0.036400,-0.003100,0.029400,40.974000
2000-03,0.207200,0.007400,0.147600,0.118900,0.059900,0.169800,0.058900,0.082700,0.126900,0.078800,0.017100,0.044000,0.011900,0.005800,0.150900,0.052100,0.004700,0.028700,0.010800,0.006500,41.125000
2000-04,0.088000,0.010500,0.018000,0.011300,0.051300,0.006500,0.074200,-0.083300,0.034400,-0.060100,-0.190300,-0.050800,-0.042700,-0.042100,-0.028500,-0.063900,0.004600,-0.061900,-0.059900,-0.108700,41.248000
2000-05,-0.060900,-0.010100,-0.040200,-0.075800,-0.098800,0.002400,0.039600,-0.099700,-0.036400,-0.149200,-0.102300,-0.091500,-0.084900,-0.029000,0.079600,-0.043900,0.005000,-0.024700,-0.079500,-0.026000,42.605000
2000-06,0.101600,0.008100,-0.003800,-0.018300,0.010800,0.006800,-0.046800,0.039900,-0.018600,0.177600,0.138600,0.084200,0.115000,0.028300,-0.098900,0.046800,0.004000,0.035800,0.111900,0.022200,43.180000
2000-07,0.116300,0.011100,-0.024400,-0.021300,-0.063900,0.000200,0.038700,-0.072700,0.097000,0.010100,-0.090300,-0.054900,-0.121700,-0.023300,0.083600,-0.024800,0.004800,-0.038900,-0.001700,-0.046500,44.961000
2000-08,0.067300,0.068000,0.144300,0.032200,0.091500,0.073000,0.116600,-0.014900,-0.028400,0.133200,0.124300,0.123800,0.188200,0.022000,0.102300,0.070300,0.005000,0.017500,0.027100,0.000200,45.181000
2000-09,0.105000,-0.014800,-0.024800,-0.039200,-0.164400,-0.106100,0.088000,-0.044500,-0.029100,-0.122800,-0.095800,-0.241400,-0.090600,-0.029000,0.038200,-0.054400,0.005100,-0.047500,-0.069400,-0.092400,46.139000
2000-10,0.061800,-0.012900,0.039700,0.067500,-0.048700,-0.109300,-0.016700,-0.001700,0.080200,-0.053500,-0.090300,-0.076700,-0.065000,-0.002900,-0.011300,-0.027800,0.005600,-0.039100,-0.055300,-0.086400,51.101000
2000-11,0.050000,-0.004500,0.001300,-0.033300,-0.100300,-0.095300,0.029600,-0.165300,0.014300,-0.239500,-0.229000,-0.253700,-0.151400,-0.063900,-0.035000,-0.107000,0.005100,-0.037000,-0.004700,-0.084400,49.518000
2000-12,0.119000,0.054900,0.116000,0.126200,0.099800,0.064100,0.064700,-0.042700,0.041800,-0.144100,-0.085500,-0.039700,0.135900,-0.002300,0.097500,0.011800,0.005000,0.018800,0.045900,0.013000,50.040000
2001-01,-0.135700,-0.043100,0.035900,-0.023600,0.111200,0.023200,-0.102300,0.155000,0.058600,0.100300,0.214900,0.183500,0.030200,0.034400,0.018700,0.032500,0.005400,0.009400,0.033400,0.120100,48.930000
2001-02,0.062000,-0.001400,-0.003000,0.009600,-0.090800,-0.142400,0.061800,-0.103000,-0.051900,-0.339100,-0.190500,-0.316200,-0.206800,-0.052400,-0.044800,-0.100300,0.003800,-0.074800,-0.033200,-0.065200,48.309000
2001-03,-0.060000,-0.060500,0.051300,-0.036800,-0.021000,-0.118800,0.010500,-0.060000,-0.022200,-0.187100,-0.144500,-0.090100,-0.186100,-0.100300,-0.017700,-0.072500,0.004200,-0.078500,-0.128200,-0.081700,49.522000
2001-04,0.045000,-0.000100,0.070300,0.014600,0.153700,0.096900,0.054100,0.040100,0.036500,0.125000,0.215300,0.184600,0.180500,0.079200,0.028200,0.079300,0.003900,0.079900,0.068900,0.039300,51.408000
2001-05,0.020200,0.026400,-0.021900,0.036000,-0.001800,0.044700,0.004700,-0.016300,0.049500,-0.037100,0.003000,-0.091400,-0.013400,0.046200,0.044300,0.006800,0.003200,-0.028100,0.001700,0.010600,50.506000
2001-06,0.150300,0.026200,-0.019700,0.008000,-0.048300,-0.080700,-0.061500,-0.026800,-0.034500,-0.023800,0.049400,-0.003700,-0.052700,-0.021200,0.008100,-0.019400,0.002800,-0.034500,0.016400,-0.017900,52.428000
2001-07,0.023800,0.014500,0.013700,-0.001200,-0.023500,-0.058300,-0.038400,-0.009600,0.002400,-0.080300,-0.114200,-0.013700,-0.051900,-0.033500,0.008000,-0.021300,0.003000,-0.027800,-0.036700,-0.066400,53.510000
2001-08,-0.018800,-0.014400,-0.071300,0.024700,-0.052700,-0.022600,0.005300,-0.086400,-0.047800,-0.163900,-0.150500,-0.084200,-0.055800,-0.044900,-0.060400,-0.064000,0.003100,-0.019500,-0.007700,-0.015300,50.984000
2001-09,-0.012700,-0.015400,-0.173300,-0.126200,-0.198800,-0.133800,-0.066000,-0.023500,-0.178000,-0.250200,-0.137100,-0.250400,-0.186200,-0.122300,-0.059600,-0.092400,0.002800,-0.104000,-0.139000,-0.144000,51.426000
2001-10,-0.074100,-0.012500,0.050200,0.046100,0.105800,0.003600,0.017600,-0.095700,0.050700,0.253900,0.124500,0.175200,0.121500,0.058500,-0.017200,0.024800,0.002200,0.028400,0.060200,0.053000,51.935000
2001-11,0.018200,0.087900,0.106500,0.071900,0.079600,0.106200,-0.014300,0.058500,0.120100,0.235000,0.121200,0.195000,0.112400,0.093900,0.062800,0.075300,0.001700,0.032900,0.087400,0.098300,51.953000
2001-12,0.017900,0.046600,0.133100,0.064000,0.066200,0.043900,0.040400,0.026000,0.030900,-0.069800,0.026600,-0.038900,0.069700,0.064900,0.033200,0.016100,0.001500,-0.002900,0.024500,0.082400,51.557000
2002-01,0.009500,-0.014500,0.023600,0.014900,0.022700,0.018500,-0.043300,-0.071500,0.068600,0.056500,-0.045400,0.033600,-0.046100,-0.026400,-0.005500,-0.014400,0.001400,-0.045700,0.016600,0.030800,51.231000
2002-02,-0.051300,-0.047900,0.053600,0.046900,0.036100,-0.003400,-0.003600,-0.027500,0.018000,-0.209700,-0.099700,-0.163500,-0.013600,-0.004300,-0.013800,-0.023000,0.001300,0.013200,-0.015100,0.013100,51.247000
2002-03,0.130500,0.039000,0.008500,0.020100,0.103300,0.051000,0.102900,0.003600,0.029800,0.095200,0.027100,0.101300,0.084100,0.086400,0.079700,0.042400,0.001300,0.052200,0.046700,0.066100,51.025000
2002-04,0.085800,-0.029400,0.082000,0.024600,-0.026800,-0.014200,-0.004200,-0.127600,-0.060800,-0.089700,-0.160000,-0.081000,-0.110600,-0.056000,-0.006200,-0.052100,0.001500,0.011100,0.007900,0.002800,50.631000
2002-05,-0.005700,0.006200,-0.048200,-0.002700,-0.044700,0.034800,-0.069200,0.030000,-0.001100,0.001600,-0.051500,-0.035900,-0.069300,-0.018500,0.008400,-0.013600,0.001400,0.023200,0.021300,-0.021300,50.183000
2002-06,-0.048000,-0.087900,0.021300,-0.036400,-0.074800,-0.068800,-0.058100,-0.144000,-0.008800,-0.114000,-0.044300,-0.241500,-0.101700,-0.120600,-0.053200,-0.072300,0.001300,-0.032400,-0.053800,-0.073600,50.330000
2002-07,-0.082300,-0.056100,-0.179000,-0.078700,-0.142200,-0.091200,-0.121900,-0.116700,-0.083600,-0.067600,-0.106400,-0.093400,-0.142900,-0.115700,-0.073600,-0.081900,0.001500,-0.091100,-0.060000,-0.060800,51.273000
2002-08,-0.038400,0.011700,0.005800,-0.028600,-0.007900,0.000700,0.034000,0.002000,-0.021300,0.007100,0.021100,-0.064400,-0.064000,-0.003300,0.032600,0.005000,0.001400,-0.000300,0.001700,0.011300,51.843000
2002-09,0.021300,-0.022700,-0.076700,-0.105900,-0.099700,-0.097400,-0.108800,-0.098500,-0.063800,-0.191100,-0.161200,-0.175800,-0.093500,-0.104200,-0.110400,-0.103400,0.001400,-0.102700,-0.072600,-0.109900,52.428000
2002-10,-0.145600,0.025600,0.026500,0.034300,0.099500,0.053300,-0.006100,0.219400,0.045100,0.177000,0.239200,0.156300,0.080500,0.075700,0.080600,0.078400,0.001400,0.041100,0.046900,0.060800,53.128000
2002-11,-0.104700,0.045000,0.029300,0.057100,0.121300,0.112700,0.015800,0.118100,0.036500,0.210700,0.122500,0.228700,0.164200,0.068700,0.023700,0.059600,0.001200,0.043300,0.026900,0.061200,53.528000
2002-12,-0.016300,-0.002600,-0.030200,-0.016700,-0.092300,-0.044900,0.038300,-0.095100,-0.010000,-0.118300,-0.105200,-0.203900,-0.092700,-0.034500,-0.033700,-0.057600,0.001100,-0.024200,-0.030300,-0.027500,53.703000
2003-01,0.005000,-0.007200,0.025700,-0.055600,-0.057800,-0.046900,-0.032100,-0.041100,-0.051300,-0.000600,-0.014300,-0.011300,-0.053100,-0.040100,-0.005300,-0.025700,0.001000,-0.026000,0.017600,0.001000,53.840000
2003-02,-0.035900,0.025600,0.000600,0.002100,0.018600,-0.000900,-0.039800,-0.064500,-0.034200,0.027700,-0.005400,0.044400,-0.004000,-0.047800,-0.021100,-0.018800,0.000900,-0.016700,-0.013100,-0.029000,54.533000
2003-03,0.022600,-0.013700,0.026100,0.003500,-0.018200,-0.044600,0.043100,-0.004300,0.043400,-0.027300,0.003500,-0.021000,-0.010600,0.018800,-0.009700,0.010900,0.001000,-0.016700,-0.004200,-0.032100,53.525000
2003-04,-0.077100,0.053500,0.136300,0.054300,0.087300,0.100500,0.072300,0.112600,0.108100,0.111900,0.080500,0.100800,0.105800,0.079000,0.112100,0.081800,0.001000,0.093300,0.046400,0.093200,52.528000
2003-05,0.097100,0.061900,0.167000,0.080500,0.061500,0.058200,0.101600,0.063200,0.047000,0.133800,0.056100,0.145600,0.118000,0.076200,0.058100,0.060500,0.000900,0.071100,0.072600,0.071700,53.274000
2003-06,-0.035400,0.030300,0.017700,-0.007200,0.025400,-0.006800,0.010600,0.020900,-0.000300,0.022800,0.005100,-0.018300,0.020600,0.014600,0.009500,0.014200,0.001000,0.028900,0.038700,0.059800,53.415000
2003-07,0.105300,0.054700,-0.026000,0.022900,0.100100,0.065100,-0.054300,-0.017100,0.019900,0.064800,0.023600,0.107400,0.079400,0.033200,0.036400,0.023300,0.000700,0.021600,0.034500,0.051000,54.698000
2003-08,0.041100,-0.006300,0.069100,0.049800,0.076900,0.065700,0.019200,0.012600,0.011000,0.011100,0.035500,0.143100,0.073500,0.036400,-0.003700,0.023300,0.000700,0.032000,0.064200,0.065700,54.875000
2003-09,-0.011600,-0.000300,0.037500,-0.020300,-0.078900,-0.044200,0.038400,-0.055200,-0.014100,-0.002300,0.016300,-0.042900,-0.045500,-0.028200,0.012200,-0.012400,0.000800,0.041700,0.054200,0.016900,54.889000
2003-10,0.057100,0.035100,0.165700,0.074200,0.128100,0.100600,0.015100,0.068300,0.092900,0.100600,0.030900,0.160600,0.101700,0.050600,0.075300,0.060800,0.000700,0.058400,0.063100,0.074800,55.332000
2003-11,0.072800,0.035000,0.059600,0.026100,0.040000,0.073000,0.009500,-0.006300,-0.012300,0.019000,-0.000200,0.038200,0.038900,0.024700,0.008700,0.013500,0.000700,0.020500,0.002600,0.012200,55.732000
2003-12,0.011800,0.045500,-0.000400,0.073300,0.034500,0.060400,0.058600,0.075700,0.013800,0.023900,0.045400,-0.017700,0.031500,0.045300,0.033100,0.042900,0.000800,0.069300,0.052600,0.074200,55.559000
2004-01,0.046000,0.063500,-0.047700,-0.007800,-0.016000,-0.008400,0.019100,0.016500,-0.040000,0.048900,0.042000,0.042800,0.092300,0.016500,0.026000,0.021500,0.000700,0.024900,0.045100,0.036300,55.921000
2004-02,-0.029500,-0.002700,0.106200,0.047200,0.004600,-0.032400,0.021100,-0.004200,0.002000,-0.045500,-0.036300,-0.011200,-0.040200,-0.009500,0.021800,0.014000,0.000600,0.024500,0.037900,0.046300,56.309000
2004-03,-0.029600,0.009800,0.049500,0.026600,0.012500,0.007300,0.011400,-0.020300,-0.004600,0.000900,-0.029000,-0.046200,-0.009200,0.015700,-0.003800,-0.013200,0.000900,0.012800,-0.015000,0.016800,56.157000
2004-04,0.013300,0.027400,-0.112500,-0.003200,-0.025700,-0.024700,-0.035700,-0.004300,0.001700,-0.088600,-0.013600,-0.078700,-0.058300,0.010800,-0.054000,-0.018100,0.000800,-0.027300,-0.054500,-0.068600,56.058000
2004-05,-0.009500,-0.002300,0.013500,0.025600,0.021800,0.006900,0.012600,-0.029600,0.020100,0.050200,0.027400,0.088000,0.037900,0.005100,0.025400,0.011800,0.000600,0.002100,0.001700,-0.019500,55.795000
2004-06,0.036300,0.031100,-0.000300,0.023900,0.059500,0.066200,0.020300,0.008000,0.063500,0.037900,0.046500,-0.012000,0.063700,0.010200,0.007100,0.018500,0.000800,0.028900,0.005300,0.005700,56.125000
2004-07,-0.061500,-0.069500,-0.018500,-0.046500,-0.062100,-0.072700,0.010600,-0.010000,-0.045400,-0.075300,-0.067400,-0.120900,-0.113700,-0.043100,-0.011200,-0.040400,0.001000,-0.034500,0.010800,-0.018300,55.943000
2004-08,0.000400,-0.009800,0.039300,0.040600,-0.024400,0.010700,0.036700,0.011700,-0.008300,-0.055000,-0.027400,-0.066700,-0.045600,-0.031100,0.040400,0.000700,0.001100,0.008200,0.027100,0.041400,56.175000
2004-09,0.012500,0.062200,0.081000,0.028400,0.060800,0.020800,0.013800,0.013300,0.030300,0.019800,0.046300,0.026200,0.030900,0.039300,-0.006500,0.016000,0.001100,0.027100,0.054800,0.059500,56.278000
2004-10,-0.003000,-0.025500,0.009600,0.006800,-0.009600,0.027600,0.042400,0.033100,0.069300,0.046300,0.052500,0.061700,0.057000,0.018100,0.022900,0.014200,0.001100,0.038300,0.033200,0.029100,56.325000
2004-11,0.083900,0.012800,0.074300,0.061900,0.076900,0.080600,0.048900,0.036300,0.056800,0.073600,0.066200,0.037200,0.038000,0.047300,0.029400,0.045300,0.001500,0.062500,0.078500,0.085700,56.170000
2004-12,0.042800,0.047800,0.107300,0.029100,0.031400,0.039600,0.024800,0.041800,0.041900,0.041300,0.031800,0.022500,0.030700,0.031100,0.035300,0.034200,0.001600,0.042800,0.030200,0.055800,56.171000
2005-01,0.019300,-0.000900,0.030900,0.032000,-0.051100,-0.003500,0.017600,-0.042400,-0.068800,-0.047000,-0.067800,-0.076800,-0.044500,-0.033100,-0.030200,-0.027500,0.001600,-0.011300,-0.002200,0.008300,55.104000
2005-02,0.044400,0.013500,0.092600,-0.003600,0.062500,0.029900,0.023600,-0.004400,0.024800,-0.008300,-0.022100,0.039900,0.022600,0.009100,-0.015300,0.018800,0.001600,0.040900,0.039000,0.086100,54.661000
2005-03,0.065300,-0.048700,-0.071000,-0.007900,-0.029100,-0.024400,0.006100,-0.000400,-0.009700,-0.010400,-0.027800,-0.031500,-0.064300,-0.004500,-0.031500,-0.019400,0.002100,-0.019200,-0.028600,-0.058600,54.921000
2005-04,0.007700,0.030100,-0.034500,-0.006200,-0.054000,-0.079300,0.021300,-0.020000,-0.062900,-0.064500,-0.048900,-0.024000,-0.054500,-0.036400,0.003900,-0.026100,0.002100,-0.023700,-0.005000,-0.025800,54.125000
2005-05,0.019600,0.004700,0.102600,0.025600,0.057500,0.073400,0.016600,0.015000,0.051100,0.105800,0.061500,0.105100,0.088400,0.021900,0.024900,0.036500,0.002400,-0.002400,0.000300,0.033600,54.520000
2005-06,0.035000,-0.015800,0.088900,-0.006600,0.005700,-0.028600,0.055600,0.001900,-0.031000,-0.011100,-0.027200,-0.011500,-0.013900,0.028700,0.009200,0.005800,0.002300,0.021000,0.042300,0.037000,55.975000
2005-07,-0.042500,0.063500,0.111600,0.081200,0.103700,0.066700,0.029800,0.031300,0.081400,0.031600,0.054400,0.092700,0.087400,0.053200,0.005200,0.039200,0.002400,0.034200,0.038000,0.066900,56.105000
2005-08,-0.000600,0.004100,-0.034000,-0.014000,0.012300,0.003900,0.012500,-0.012000,-0.034600,-0.026700,0.007800,-0.006500,0.010800,-0.003400,-0.017100,-0.012000,0.003000,0.034600,0.003800,0.010100,56.245000
2005-09,-0.011000,-0.041200,0.011200,0.042200,-0.001900,0.022700,0.043800,-0.014700,0.038000,0.022000,-0.000400,0.011100,-0.004200,0.011700,-0.014700,0.004800,0.002900,0.037800,0.042500,0.087000,56.025000
2005-10,-0.045600,-0.014900,-0.109700,-0.038100,-0.046600,-0.039100,-0.068500,-0.030300,0.025700,-0.015500,0.013600,-0.065500,-0.035000,-0.003100,0.028400,-0.020400,0.002700,-0.030200,-0.057500,-0.058200,54.895000
2005-11,0.053400,0.023600,0.072900,0.033100,0.071300,0.064400,-0.002200,0.026400,0.074800,0.026900,0.056600,0.108100,0.081300,0.044700,0.044400,0.036100,0.003100,0.024800,0.034200,0.078300,54.110000
2005-12,-0.015700,0.011400,-0.004200,0.000800,0.006900,-0.006300,0.012400,-0.017300,0.017700,0.003300,-0.026700,-0.026800,-0.016500,-0.001300,0.003400,-0.002400,0.003200,0.054300,0.022900,0.062600,53.165000
2006-01,0.006700,0.031100,0.108000,0.076300,0.115900,0.065800,0.030300,0.038600,0.049300,0.049300,0.031500,0.044700,0.057700,0.034700,0.005400,0.030300,0.003500,0.060900,0.065300,0.102800,52.150000
2006-02,0.007300,-0.020500,-0.073800,0.026000,-0.008600,0.032300,0.002300,0.033000,0.011400,0.017800,-0.034800,-0.004000,0.025200,0.015900,0.020100,-0.003000,0.003400,-0.001800,0.000900,0.005000,51.530000
2006-03,-0.012500,-0.012000,0.021000,0.043100,0.031600,0.050900,-0.036500,0.018000,0.046600,0.025300,0.029900,0.032000,0.027200,0.024000,0.003000,0.014700,0.003700,0.036400,0.023500,0.011100,51.130000
2006-04,-0.012400,-0.005800,-0.013400,0.014200,0.059200,0.007600,0.018200,0.014700,0.003900,-0.019100,-0.027500,0.010000,0.015400,0.008500,0.051200,0.007300,0.003600,0.049400,0.068900,0.075700,51.798000
2006-05,0.000200,-0.043400,-0.094300,-0.072200,-0.036800,-0.042800,0.015100,0.000000,-0.016500,-0.056200,-0.066400,-0.090000,-0.050400,-0.040400,-0.026800,-0.035600,0.004300,-0.042400,-0.053200,-0.098800,52.900000
2006-06,0.000700,-0.042400,-0.035400,-0.036200,-0.008800,0.012900,0.024200,0.029500,0.043400,-0.029800,0.007700,-0.036200,-0.017600,-0.000700,-0.007000,-0.003500,0.004000,-0.003900,0.000100,-0.010400,53.110000
2006-07,0.014000,0.044800,-0.066500,-0.084100,-0.060000,-0.061300,0.048300,0.024400,-0.114800,-0.033800,-0.024300,-0.059900,-0.025500,-0.049200,0.021800,-0.007700,0.004000,0.005900,0.015100,0.012700,51.480000
2006-08,0.054700,0.011800,0.012400,0.023700,-0.006600,0.014000,0.022800,0.022800,-0.012100,0.120500,0.056000,0.080800,0.035800,0.030400,0.008400,0.020300,0.004200,0.028800,0.028800,0.030200,50.800000
2006-09,-0.018200,-0.006600,-0.035500,0.010200,0.001500,0.034600,-0.021200,0.036600,0.041300,0.041300,0.048800,0.022600,0.008600,0.021900,0.029300,0.018400,0.004100,0.000300,0.003000,0.010600,50.150000
2006-10,-0.044500,0.038700,0.058200,0.043000,0.030100,0.049200,0.053600,0.052000,0.062000,0.047200,0.068000,-0.009200,0.065700,0.047100,0.013300,0.032200,0.004100,0.038700,0.064300,0.046600,49.840000
2006-11,0.026900,0.019700,0.076500,0.047500,0.042300,0.020100,0.030600,0.006300,0.021000,0.076200,0.021700,0.016000,0.012800,0.019900,-0.000500,0.017000,0.004200,0.031200,0.049100,0.076400,49.620000
2006-12,0.028900,0.026800,-0.022800,0.020900,0.000500,-0.005400,0.007300,0.043300,-0.022300,-0.006400,-0.004900,-0.028300,0.016700,0.014400,0.041500,0.008500,0.004000,0.030600,0.044000,0.046300,49.010000
2007-01,0.010100,0.056100,0.011400,0.050400,0.013800,0.035200,0.004800,0.027300,0.044000,0.007800,0.032600,0.013900,0.018600,0.022700,-0.002600,0.013800,0.004400,0.010500,0.022100,-0.007300,48.880000
2007-02,0.029600,-0.028600,-0.034100,0.021700,0.026200,-0.015400,0.041600,-0.027800,-0.006700,-0.035800,-0.040500,0.007100,-0.006700,-0.002900,-0.027700,-0.019600,0.003800,0.009300,0.012800,0.002300,48.550000
2007-03,-0.005900,0.004600,-0.044400,-0.040800,0.026100,-0.002600,0.043300,0.023100,-0.003500,0.012700,0.014800,-0.009900,0.026000,0.003100,-0.011300,0.007100,0.004300,0.029200,0.050800,0.043200,48.205000
2007-04,0.031400,0.039100,0.042800,0.036300,0.066000,0.062900,0.039200,0.017400,0.029900,0.049900,0.039500,0.059900,0.026800,0.044400,0.028100,0.034900,0.004400,0.041900,0.051400,0.050300,47.475000
2007-05,0.023200,0.011000,0.082900,0.058900,0.058000,0.075100,0.011900,0.073100,0.047700,0.063600,0.034700,0.022800,0.030500,0.063200,0.020700,0.032300,0.004100,0.023300,0.035600,0.055800,46.250000
2007-06,-0.009200,-0.014300,-0.073700,-0.026200,0.015800,-0.011700,-0.048200,-0.018000,-0.023100,0.015600,-0.013200,0.027700,0.015100,-0.015200,-0.037900,-0.019600,0.004000,0.004000,0.027300,0.046800,46.250000
2007-07,-0.053900,-0.019200,-0.073200,-0.043800,0.012400,0.001900,-0.037300,-0.031100,-0.012900,0.026600,-0.022200,-0.021000,-0.001700,-0.047300,-0.073700,-0.037200,0.004000,-0.010100,0.017100,0.059600,45.300000
2007-08,-0.000900,0.024200,-0.035400,-0.011400,0.013100,0.012100,0.018400,-0.008600,-0.019700,0.058200,0.018700,0.022700,0.018400,-0.008800,0.028800,0.009400,0.004200,-0.021800,-0.037800,-0.029700,46.540000
2007-09,0.033300,0.047300,-0.026700,-0.002900,0.046700,0.046500,0.034800,0.020500,-0.000200,0.040500,0.050400,0.031800,0.051600,0.001200,0.001300,0.032200,0.003200,0.056100,0.131200,0.092500,45.025000
2007-10,-0.016800,-0.017400,0.071300,0.025300,-0.012000,-0.002500,0.065600,-0.021800,0.024100,0.073000,0.109600,0.009800,0.036000,0.038700,-0.037200,0.017900,0.003200,0.046200,0.085200,0.098800,43.680000
2007-11,-0.003200,-0.007000,-0.119200,-0.065100,-0.026900,0.036700,-0.007100,-0.062500,-0.039700,-0.107200,-0.076200,-0.054000,-0.029300,-0.067400,-0.083000,-0.048000,0.003400,-0.042700,-0.062100,-0.067300,42.770000
2007-12,-0.004800,0.007700,0.030000,-0.031900,0.032300,0.006100,0.009000,-0.002500,-0.037100,0.000200,0.028300,0.010500,-0.001200,-0.012700,-0.077500,-0.008700,0.002700,-0.017800,-0.004700,0.012600,41.250000
2008-01,-0.068500,-0.034500,-0.012400,-0.029200,-0.098500,-0.105600,-0.069300,-0.077800,0.031300,-0.170500,-0.101400,-0.122200,-0.113700,-0.073500,0.039700,-0.063300,0.002100,-0.086700,-0.106100,-0.121800,40.500000
2008-02,-0.035300,0.005700,-0.036500,-0.077300,0.032000,-0.011800,-0.030300,-0.038500,-0.043300,-0.007500,-0.061900,-0.032900,0.016700,-0.013500,-0.120600,-0.030900,0.001300,0.022100,0.030200,0.069700,40.320000
2008-03,-0.044400,-0.009300,0.006300,0.039500,-0.006800,0.003500,0.008100,-0.000500,0.029700,0.004800,0.011600,0.005000,-0.000300,-0.020100,-0.016400,-0.009400,0.001700,-0.013700,-0.053600,-0.047400,41.560000
2008-04,0.066200,0.016600,0.039400,0.039700,0.095000,0.025800,0.063900,0.046200,0.063700,0.072600,0.064600,0.071400,0.033300,0.038900,0.055600,0.046100,0.001800,0.053600,0.073700,0.071700,42.220000
2008-05,0.000800,0.000400,0.048300,0.037800,0.058600,0.112200,0.035900,0.047900,0.037500,0.064000,0.052200,0.061200,0.057100,0.030200,-0.063200,0.018700,0.001800,0.019400,0.033800,0.020000,43.735000
2008-06,-0.078100,-0.014500,-0.092300,-0.137200,-0.062200,-0.121800,-0.004100,-0.109200,-0.104400,-0.105900,-0.078100,-0.103000,-0.042500,-0.068600,-0.209100,-0.084300,0.001700,-0.077400,-0.079500,-0.094300,44.955000
2008-07,0.038500,0.038300,-0.026600,-0.005300,-0.051600,-0.002000,-0.071000,-0.030900,0.061000,-0.009800,-0.019900,0.011300,0.026200,0.004100,0.119300,-0.007500,0.001500,-0.039200,-0.051100,-0.040600,44.136000
2008-08,0.053200,0.034800,0.038900,0.045600,0.003200,-0.013500,-0.004600,0.040000,0.016800,0.041900,0.015700,0.020600,0.010800,0.038700,-0.001800,0.015300,0.001300,-0.044500,-0.065100,-0.080400,45.986000
2008-09,-0.066700,-0.070700,-0.148500,-0.079600,-0.209500,-0.158200,-0.118400,-0.126100,-0.097000,-0.157400,-0.081800,-0.173800,-0.114300,-0.097400,0.031200,-0.093500,0.001500,-0.142800,-0.175600,-0.179200,47.053000
2008-10,-0.189100,-0.193200,-0.262600,-0.320200,-0.297800,-0.247100,-0.111200,-0.155300,-0.107000,-0.169400,-0.181900,-0.170800,-0.231300,-0.233300,-0.152500,-0.172000,0.000800,-0.210300,-0.259200,-0.272300,48.750000
2008-11,-0.135700,-0.189000,-0.041300,-0.020900,-0.080900,-0.001300,0.012600,-0.015800,-0.102700,-0.097300,-0.107600,-0.144100,-0.085700,-0.043500,-0.171700,-0.077400,0.000300,-0.054200,-0.061300,-0.078100,48.951000
2008-12,0.074700,0.061900,0.084300,0.012000,0.030900,0.056000,-0.020400,0.034700,-0.016100,-0.012300,0.025900,0.056400,-0.024500,0.031800,-0.043200,0.017700,0.000000,0.066500,0.074100,0.074100,47.374000
2009-01,-0.036300,0.027300,-0.117700,-0.160800,-0.098300,-0.119400,-0.008400,-0.103200,-0.158100,-0.031800,-0.029400,-0.034100,-0.004800,-0.077400,-0.273300,-0.080900,0.000000,-0.090200,-0.076000,-0.064100,46.551000
2009-02,-0.100700,-0.125000,-0.121900,-0.172300,-0.128400,-0.153300,-0.125200,-0.069500,-0.123400,-0.073600,-0.027200,-0.064700,-0.086400,-0.073100,-0.162400,-0.101400,0.000100,-0.099400,-0.047800,-0.050600,48.703000
2009-03,0.020300,0.045400,0.152300,0.103600,0.117000,0.077300,0.028200,0.079500,0.081600,0.141500,0.098200,0.140100,0.068500,0.092500,0.154300,0.090100,0.000200,0.060900,0.108300,0.137400,48.332000
2009-04,0.156600,0.065500,0.147000,0.345900,0.196400,0.227100,0.020900,0.096500,0.151600,0.175400,0.106600,0.125300,0.093500,0.124000,0.199100,0.101700,0.000100,0.123900,0.139600,0.169900,48.154000
2009-05,0.039800,0.054200,0.000000,-0.038800,0.042700,-0.017400,0.046400,0.010500,0.022200,0.006000,0.040500,0.032500,0.035000,0.004700,0.103500,0.052100,0.000000,0.136600,0.184900,0.179800,47.181000
2009-06,0.037300,0.046600,-0.001800,-0.032700,-0.024900,0.014500,0.046400,0.016500,0.007200,0.061800,0.047100,0.027900,0.054300,0.014800,-0.031800,0.004200,0.000100,-0.007600,0.018300,-0.014000,48.015000
2009-07,0.065800,0.023600,0.106500,0.177400,0.150200,0.127400,0.044100,0.056000,0.112800,0.127600,0.053400,0.091000,0.065400,0.064000,0.088500,0.077400,0.000100,0.092600,0.128300,0.111000,48.056000
2009-08,0.030200,0.053000,0.063000,0.061700,0.017000,0.022800,0.002500,0.007300,0.036300,0.026000,0.024900,0.019400,0.011800,0.024000,0.121800,0.033300,0.000100,0.042100,0.016500,0.000300,48.814000
2009-09,0.035000,0.021800,-0.032500,0.017100,0.087200,0.073400,0.022400,0.064900,0.036600,0.077800,0.049600,0.026900,0.068500,0.045700,0.000200,0.040800,0.000100,0.046500,0.087100,0.094100,47.339000
2009-10,-0.029200,-0.054400,-0.090200,-0.047700,-0.000500,-0.057800,-0.027100,-0.039800,-0.056000,-0.015700,0.017300,-0.067100,-0.033800,-0.037000,-0.057600,-0.025300,0.000000,-0.018300,0.012500,-0.002500,47.622000
2009-11,0.039200,0.099500,-0.041000,0.048500,0.060100,0.058600,0.045800,0.068400,0.119900,0.035000,0.053200,0.057200,0.037700,0.050000,0.055600,0.056300,0.000000,0.023200,0.026500,0.041900,47.206000
2009-12,0.071500,0.037000,0.062400,0.070000,0.038400,0.051900,0.058700,0.064200,0.047700,0.051700,0.054200,0.083000,0.060400,0.055300,-0.011000,0.028000,0.000100,0.012400,0.024600,0.046400,46.166000
2010-01,-0.037700,-0.003500,-0.001700,-0.029300,-0.065400,-0.047900,-0.044500,-0.067700,-0.043400,-0.076300,-0.077400,-0.093100,-0.053900,-0.033300,0.011900,-0.033500,0.000000,-0.040100,-0.062500,-0.045500,46.486000
2010-02,0.022000,0.021900,0.020200,0.040600,0.083500,0.104700,-0.004200,0.027600,0.067600,0.071300,0.034600,0.051600,0.068100,0.020000,0.021900,0.033900,0.000000,-0.002200,0.026300,0.006600,46.128000
2010-03,0.070800,0.044400,0.059500,0.083900,0.063800,0.070800,0.031200,0.076300,0.080000,0.090000,0.047200,0.077100,0.076100,0.064800,0.084900,0.063000,0.000100,0.063300,0.076600,0.081200,45.196000
2010-04,0.025700,0.003600,0.095800,0.115100,0.060200,0.045100,0.028500,0.034100,0.035400,0.052800,0.003800,0.015700,0.065000,0.023900,0.030400,0.019900,0.000100,-0.006500,0.007700,0.015200,44.452000
2010-05,-0.037700,-0.084700,-0.107200,-0.106100,-0.103400,-0.101200,-0.063000,-0.058500,-0.057500,-0.073700,-0.083700,-0.075500,-0.069900,-0.066200,-0.107000,-0.079000,0.000100,-0.107000,-0.122100,-0.088700,46.248000
2010-06,-0.074000,-0.034700,-0.134000,-0.119300,-0.054500,-0.071200,-0.007100,-0.038400,-0.075400,-0.051500,-0.063300,-0.074500,-0.057000,-0.064600,-0.073600,-0.055600,0.000100,-0.012100,-0.001900,-0.002200,46.347000
2010-07,-0.053300,0.003200,0.068600,0.088700,0.141900,0.135900,0.068100,0.095900,0.107600,0.061700,0.086100,0.076900,0.012500,0.061300,0.058300,0.069200,0.000100,0.092500,0.095700,0.081500,45.550000
2010-08,-0.044200,-0.081400,-0.072200,-0.054400,-0.082100,-0.070800,0.003600,-0.019900,-0.050000,-0.094100,-0.037000,-0.085800,-0.060100,-0.066400,-0.103900,-0.047800,0.000100,-0.032600,-0.007800,-0.014400,45.312000
2010-09,0.124000,0.117400,0.096800,0.107500,0.160200,0.141800,0.036500,0.078800,0.102000,0.137800,0.111700,0.135400,0.153900,0.115600,0.062800,0.095500,0.000100,0.100200,0.128500,0.112200,43.867000
2010-10,0.030400,0.002500,-0.019400,0.048000,0.045300,0.049800,0.018600,0.045600,0.055200,0.050600,0.088300,0.037300,0.060300,0.036600,0.000100,0.038700,0.000100,0.039900,0.037100,0.029900,43.113000
2010-11,0.015300,-0.002100,0.026600,0.032100,0.066500,0.040600,-0.013600,-0.018900,0.023100,-0.013800,-0.027300,0.033500,0.024900,0.014300,0.000700,0.005900,0.000100,-0.042800,-0.011400,-0.022700,44.131000
2010-12,0.091400,0.094300,0.145200,0.105300,0.104100,0.056300,0.032300,0.065900,0.031200,0.041700,0.069200,0.053700,0.095700,0.065400,0.124200,0.068200,0.000100,0.082800,0.067700,0.072500,43.631000
2011-01,0.017200,0.024700,0.066800,0.029500,0.054700,0.037700,0.021800,0.000500,-0.004700,0.043500,0.025100,0.065400,0.027300,0.017800,0.025800,0.019800,0.000100,0.021400,-0.007800,-0.023700,44.332000
2011-02,0.068900,0.045500,-0.002900,0.030800,0.040500,0.027300,0.024200,0.074000,0.013100,0.016800,0.015700,0.039300,0.058500,0.052200,0.015100,0.034800,0.000100,0.034300,-0.000600,-0.016900,43.536000
2011-03,0.035400,0.005600,0.014900,0.034500,0.042500,0.009600,0.009200,0.016800,0.031400,-0.031800,-0.000800,-0.032000,0.019200,0.017000,-0.019200,0.004500,0.000100,-0.015900,0.020900,0.055100,43.330000
2011-04,0.010600,0.050300,0.000800,0.000800,0.017100,0.003200,0.040000,0.032600,0.030600,0.013100,0.032500,0.046300,0.040700,0.015600,-0.006200,0.029000,0.000000,0.057000,0.047700,0.037300,42.715000
2011-05,0.005500,-0.001800,-0.026300,-0.018500,-0.058500,-0.060900,0.013200,0.007700,-0.004200,-0.021400,-0.023200,-0.009000,-0.001400,-0.016000,-0.028300,-0.012700,0.000000,-0.027700,-0.025300,-0.025700,43.332000
2011-06,-0.028800,-0.032600,-0.049700,-0.018600,-0.005700,0.002000,-0.003400,-0.013800,-0.004500,-0.036700,-0.008900,-0.041700,-0.013500,-0.022200,-0.022300,-0.017400,0.000000,-0.013800,-0.023200,-0.014500,43.326000
2011-07,-0.092100,-0.043800,-0.046100,-0.075100,-0.046700,-0.093300,-0.003300,-0.049800,-0.050900,0.045500,0.006800,-0.061400,-0.082200,-0.037900,-0.036200,-0.023500,0.000000,-0.011800,0.012900,0.003500,42.165000
2011-08,-0.138000,-0.048300,-0.101400,-0.073100,-0.081500,-0.079200,0.002000,-0.050400,-0.072400,-0.069800,-0.062200,-0.073300,-0.083000,-0.071100,-0.093300,-0.059600,0.000100,-0.085600,-0.066600,-0.090700,42.242000
2011-09,-0.092500,-0.077400,-0.153300,-0.163900,-0.163900,-0.137400,-0.016100,-0.057200,-0.094600,-0.037600,-0.040300,-0.055600,-0.103100,-0.084300,-0.116800,-0.075800,0.000000,-0.103300,-0.157900,-0.148200,43.723000
2011-10,0.116400,0.062800,0.199300,0.238700,0.229300,0.186900,0.067000,0.076100,0.155300,0.118300,0.114800,0.124100,0.117200,0.130000,0.132500,0.113300,0.000000,0.087400,0.139800,0.121500,42.675000
2011-11,0.018400,-0.005600,0.028200,0.027700,0.021100,0.057800,0.010100,0.003000,0.014200,-0.033200,-0.019400,-0.005000,-0.009300,-0.010400,-0.040700,-0.002700,0.000000,-0.046200,-0.065300,-0.063600,43.649000
2011-12,-0.014300,0.019000,-0.002800,-0.014400,-0.039000,-0.044700,0.029100,0.031200,0.011500,0.005800,-0.026800,-0.017500,-0.017800,0.022400,0.031300,0.007500,0.000000,-0.013000,-0.010400,-0.012800,43.863000
2012-01,0.046100,0.067000,0.096700,0.064700,0.127600,0.102700,-0.027100,0.023700,0.067700,0.114300,0.059200,0.091100,0.149900,0.053200,0.077200,0.050500,0.000000,0.060100,0.098600,0.111500,42.886000
2012-02,0.066200,0.009400,0.060900,0.051300,0.044700,0.017000,0.013000,0.050700,-0.015200,0.113200,0.059500,0.037800,0.021500,0.039000,0.070900,0.044200,0.000000,0.053500,0.052800,0.063300,42.727000
2012-03,0.000200,0.035500,0.014300,0.031000,-0.023800,0.010700,0.014800,0.023800,0.007700,0.070700,0.038500,0.035000,0.039300,0.021900,0.093500,0.031200,0.000000,-0.002500,-0.021600,-0.029200,42.888000
2012-04,-0.006700,0.002300,0.021200,-0.019900,-0.016100,-0.016400,0.017000,0.016900,0.014600,-0.033900,-0.007400,-0.032300,-0.029400,-0.000100,-0.023600,-0.008500,0.000000,-0.014500,0.011600,-0.016100,42.152000
2012-05,-0.062300,-0.054800,-0.080500,-0.055600,-0.110900,-0.076500,-0.008800,-0.007700,-0.020300,-0.072200,-0.078000,-0.093600,-0.063900,-0.069200,-0.094800,-0.061700,0.000100,-0.112300,-0.114100,-0.103600,43.475000
2012-06,0.144900,0.059200,0.081300,0.017300,0.000100,-0.020500,0.034200,0.070200,0.039900,0.015600,0.043400,0.021600,0.002400,0.051900,0.052300,0.038900,0.000000,0.058100,0.044700,0.036700,42.141000
2012-07,-0.044700,-0.041600,-0.019500,-0.025400,0.015000,0.034200,0.035000,0.041600,-0.008600,0.021000,-0.012900,-0.004300,0.006500,-0.002100,-0.000600,0.007900,0.000000,0.007900,0.047600,0.013200,41.716000
2012-08,0.066800,0.035400,0.079600,0.077600,0.040800,0.037300,-0.034600,0.009700,-0.015400,0.082700,0.041800,0.022000,0.028400,0.021700,0.031000,0.025400,0.000100,0.029600,0.011500,0.005600,42.178000
2012-09,0.083000,0.058800,0.065100,0.041000,0.020000,-0.001700,0.021100,0.048600,-0.022800,0.002600,0.031800,-0.028600,0.025300,0.025200,0.045900,0.027300,0.000100,0.034200,0.044700,0.057900,41.733000
2012-10,-0.051400,-0.037200,0.029600,0.037600,-0.008000,0.012900,0.010900,-0.024300,0.029700,-0.106800,-0.054900,-0.039600,-0.014700,-0.002800,0.013800,-0.017600,0.000100,0.007800,0.017800,-0.006700,41.197000
2012-11,0.040000,0.008600,-0.009700,0.044500,0.016800,0.054800,-0.037900,0.000600,0.004200,0.007800,0.012000,0.020300,0.040700,0.013700,-0.006500,0.007800,0.000100,0.018000,0.016200,0.010900,40.805000
2012-12,0.031000,0.003600,0.061800,0.032400,0.041400,0.037000,0.001200,0.011500,0.031500,-0.041900,0.015800,0.030100,0.034800,0.028800,0.052900,0.011800,0.000100,0.033000,0.028500,0.051000,41.009000
2013-01,0.096700,0.100500,0.111000,0.078700,0.080700,0.072800,0.050500,0.048500,0.085000,-0.064400,0.058800,0.033300,0.074700,0.067900,0.044000,0.055700,0.000000,0.052600,0.055400,0.017500,40.676000
2013-02,0.007800,-0.012300,-0.034700,0.022900,-0.011300,0.009700,0.022000,0.022900,0.036100,-0.011200,0.008300,0.019500,0.015600,0.013700,0.012600,0.012800,0.000000,-0.009400,0.011500,-0.008300,40.694000
2013-03,0.058800,0.032500,0.063100,0.021100,0.003600,0.006200,0.056900,0.056400,0.047000,0.019000,0.023400,0.036300,0.034400,0.052800,0.044400,0.040400,0.000000,0.008200,-0.003100,-0.012100,40.840000
2013-04,-0.004400,-0.018000,-0.032400,-0.028500,-0.012600,-0.014100,0.051300,0.043200,-0.001300,-0.015900,0.015600,0.004100,-0.014600,0.014000,0.012500,0.015600,0.000000,0.044000,0.024600,0.010900,41.154000
2013-05,0.043200,0.052000,0.034500,0.072100,0.053000,0.040700,-0.071400,-0.017600,0.028300,0.062800,0.037700,0.047600,0.049800,0.029600,0.081900,0.028000,0.000000,-0.014900,-0.062000,-0.018900,42.312000
2013-06,-0.013000,0.002000,-0.069200,-0.059300,-0.035200,-0.033300,0.008200,0.019800,-0.009800,-0.063500,-0.025600,-0.012000,-0.004400,-0.006400,-0.006400,-0.012000,0.000000,-0.037400,-0.062200,-0.064400,43.154000
2013-07,0.016600,0.057100,-0.005700,0.058500,0.043700,0.097100,0.045800,0.034300,0.039000,0.056300,0.045200,0.078500,0.053200,0.063000,0.065300,0.056500,0.000000,0.054900,0.034700,0.015800,43.463000
2013-08,-0.041900,-0.037500,-0.053300,-0.048400,-0.003100,-0.019800,-0.044300,-0.032900,-0.027300,-0.056600,0.000100,0.019700,-0.025300,-0.022500,-0.047100,-0.027100,0.000000,-0.010400,-0.002200,-0.024900,44.576000
2013-09,0.059700,0.037300,0.076100,0.091300,0.060500,0.071000,0.010500,0.042800,0.058600,0.010600,0.051200,0.019400,0.064800,0.064600,0.024800,0.037700,0.000000,0.070800,0.067800,0.068000,43.514000
2013-10,0.038300,0.057000,0.030800,0.040500,0.014500,0.055000,0.033400,0.058500,0.058300,0.005100,0.028000,0.064300,0.034200,0.039000,0.029300,0.041700,0.000000,0.033000,0.034900,0.042500,43.231000
2013-11,0.020500,0.019700,0.024000,0.030500,0.015100,0.033900,-0.018100,0.000800,0.052700,0.006900,0.034000,0.046700,0.029000,0.034300,0.064500,0.031100,0.000000,0.006200,-0.022100,-0.014600,43.676000
2013-12,-0.013800,0.011300,0.063100,0.047100,0.053500,0.032300,0.017900,0.039800,0.022500,0.047600,0.044000,0.027600,0.050600,0.045900,0.027200,0.028100,0.000000,0.017000,-0.002000,-0.004800,44.441000
2014-01,0.016400,0.009200,-0.004800,-0.054600,-0.044200,-0.027300,0.024900,-0.038100,-0.015700,0.010400,0.004000,-0.053100,0.014600,-0.052200,-0.034900,-0.033200,0.000000,-0.031900,-0.044400,-0.059000,45.398000
2014-02,0.033300,0.036000,0.045900,0.079600,0.059500,0.038000,0.030900,0.025600,0.021100,0.026300,0.056000,0.052400,0.046400,0.041400,0.029900,0.046600,0.000000,0.053600,0.054900,0.035900,44.649000
2014-03,0.020900,0.014200,-0.034900,-0.016900,0.010500,0.000900,0.026800,0.001500,0.027700,0.035900,-0.029900,0.027400,-0.026700,-0.007600,0.031200,0.004300,0.000000,-0.002500,0.016600,0.025500,44.768000
2014-04,-0.010800,-0.047000,-0.040800,-0.015000,0.013800,-0.008300,0.039800,0.003900,0.011300,-0.006200,-0.034200,0.032600,-0.033000,-0.015500,-0.046300,-0.001800,0.000000,0.010800,0.014200,0.005600,44.582000
2014-05,0.035700,0.042500,0.008800,0.000700,0.005000,-0.005100,0.000100,0.041100,0.054400,0.038500,0.024700,0.049800,0.032500,0.025200,0.016700,0.020500,0.000000,0.014200,0.017500,0.038800,43.831000
2014-06,0.032400,0.031700,0.019200,0.024600,0.054200,0.035800,0.054300,0.015400,0.013600,0.020100,0.022800,0.039700,0.028400,0.026600,0.027700,0.026000,0.000000,0.014800,0.001300,0.030600,43.676000
2014-07,0.061900,-0.013700,-0.099200,-0.078500,-0.060100,-0.065700,-0.064000,0.008000,-0.021300,0.021800,0.007600,-0.003600,-0.035800,-0.012500,-0.016900,-0.020300,0.000000,-0.019300,0.033200,0.016800,43.509000
2014-08,0.047200,0.019300,0.070100,0.067300,0.054400,0.035200,0.053100,0.003300,0.045200,0.029800,0.032500,0.062800,0.039000,0.039600,0.026100,0.042400,0.000000,-0.002300,-0.001400,0.021700,43.663000
2014-09,-0.036000,-0.034100,-0.076400,-0.053600,-0.067700,-0.048400,-0.033800,-0.014500,0.004100,-0.012700,-0.009800,-0.017900,-0.024300,-0.024600,0.000900,-0.019600,0.000000,-0.041000,-0.081500,-0.062400,44.979000
2014-10,0.044200,0.106100,0.034400,0.045500,0.023400,0.031700,0.067100,0.013000,0.063400,-0.009800,-0.000700,0.036600,0.034300,0.064300,0.036000,0.025100,0.000000,-0.018000,0.035600,0.004700,44.998000
2014-11,-0.014700,0.050100,0.012600,0.017600,-0.010100,-0.000500,0.002600,0.024600,0.063100,0.079800,0.018600,0.068700,0.041600,0.029100,0.015500,0.025600,0.000000,0.008200,-0.027200,-0.011300,44.978000
2014-12,0.034800,0.002800,-0.016600,0.014800,-0.009600,-0.010200,0.018600,-0.020500,0.014600,0.007700,-0.008000,-0.028600,0.001500,-0.003600,0.019700,-0.000500,0.000000,-0.029000,-0.031000,-0.039600,44.837000
2015-01,-0.025600,-0.000200,-0.063900,-0.037800,-0.076700,-0.054700,0.012400,-0.044700,-0.044500,-0.080700,-0.050300,-0.005300,-0.024600,-0.017000,-0.094300,-0.031000,0.000000,-0.002700,0.003800,0.007800,44.170000
2015-02,0.042700,0.050900,0.106300,0.059400,0.062900,0.055200,-0.043600,0.089200,0.028500,0.080900,0.082700,0.091200,0.053400,0.080700,0.079800,0.061300,0.000000,0.056400,0.032500,0.025600,44.027000
2015-03,0.050400,0.013300,0.016000,0.008900,-0.036600,-0.005100,-0.003100,-0.021200,-0.030500,-0.074300,-0.019900,-0.027800,0.001100,0.005800,-0.007400,-0.011100,0.000000,-0.012700,-0.008300,-0.010600,44.667000
2015-04,-0.016900,-0.022400,-0.054700,-0.008600,0.021300,0.014300,0.002800,0.036300,-0.016100,0.042100,0.034600,-0.005700,-0.029200,-0.010800,0.020700,0.005900,0.000000,0.049000,0.062200,0.072900,44.662000
2015-05,0.049100,0.022100,0.012700,0.022600,0.002200,0.028700,-0.004300,0.003300,-0.035700,0.019000,-0.005700,0.049700,0.041100,0.011200,0.026600,0.013700,0.000000,-0.004200,-0.015500,-0.028600,44.621000
2015-06,0.051000,0.004400,0.030500,-0.016700,-0.008600,-0.034500,-0.052700,-0.005500,-0.034100,-0.059100,-0.021200,-0.058800,-0.005200,-0.011200,0.017800,-0.015200,0.000000,-0.025900,-0.044700,-0.023400,45.110000
2015-07,0.018400,0.045300,0.006400,0.014700,-0.056400,-0.042000,0.026500,0.015200,0.031400,0.028100,0.056300,-0.028000,0.024000,0.010600,0.025600,0.015700,0.000000,0.007700,-0.034500,-0.067200,45.724000
2015-08,-0.065200,-0.045300,-0.025600,-0.018800,-0.035000,-0.089500,-0.040800,-0.083800,-0.065100,-0.079000,-0.056600,-0.055300,-0.069800,-0.050100,-0.063700,-0.060200,0.000000,-0.063400,-0.108100,-0.087700,46.801000
2015-09,-0.098200,-0.055900,-0.051800,-0.079500,-0.090500,-0.088000,-0.005000,-0.025000,-0.007700,-0.021400,-0.010000,-0.008600,-0.041400,-0.024200,-0.032400,-0.030600,0.000000,-0.046400,-0.030900,-0.020500,46.726000
2015-10,-0.041800,0.052700,0.025500,0.081100,0.085900,0.079800,0.020900,0.090700,0.065200,0.081600,0.117400,0.091800,0.075000,0.071100,0.054900,0.077500,0.000000,0.068300,0.073000,0.071100,46.739000
2015-11,0.009100,0.025600,0.063300,0.031300,0.019700,0.013500,-0.034200,-0.019200,-0.011400,-0.033800,0.018500,0.003200,0.050900,0.019100,0.030600,0.005700,0.000000,-0.013100,-0.020800,-0.028100,47.189000
2015-12,-0.024800,-0.003500,-0.063400,-0.042400,-0.057100,-0.001900,-0.023900,-0.029600,-0.049800,-0.023400,-0.005100,-0.062300,-0.004000,-0.033900,-0.032000,-0.021500,0.000100,-0.012000,0.018900,-0.016200,46.844000
2016-01,-0.048800,-0.050600,-0.101000,-0.072100,-0.049500,-0.082200,0.046700,0.003900,-0.087600,-0.118500,-0.043200,-0.068500,-0.067300,-0.077900,-0.109100,-0.057400,0.000100,-0.067400,-0.090200,-0.062600,47.694000
2016-02,-0.028800,0.012600,0.001800,0.038200,0.048900,0.035400,0.017200,0.009100,0.071000,0.070900,-0.031900,0.006400,0.003800,0.018400,-0.044900,-0.000600,0.000200,-0.010600,0.007700,-0.005900,47.405000
2016-03,0.088200,0.062200,0.120700,0.109200,0.097900,0.091100,0.078400,0.061600,0.068600,0.086500,0.081000,0.091800,0.084500,0.078700,0.062800,0.069500,0.000200,0.070300,0.106700,0.120800,45.924000
2016-04,0.060400,0.066400,-0.011100,0.017600,0.034700,0.023500,-0.008000,0.006900,-0.011200,-0.031200,-0.031900,-0.079600,-0.006000,0.005200,0.060000,0.009200,0.000100,0.032600,0.014500,0.012600,46.921000
2016-05,-0.009600,0.021200,0.031700,0.037300,0.003200,-0.010000,0.022400,0.001700,-0.021600,0.048400,0.048800,0.066100,0.033600,0.039700,0.019400,0.017800,0.000100,-0.009100,-0.017800,-0.035000,46.754000
2016-06,-0.004400,0.042200,0.000800,-0.023500,-0.007700,-0.001500,0.074300,0.035500,-0.028200,-0.030800,-0.021000,-0.014200,-0.002400,-0.011500,-0.071800,-0.000300,0.000200,-0.032600,0.004600,0.041300,47.055000
2016-07,0.024800,0.050800,0.047800,0.063000,0.066600,0.051700,-0.002600,0.022500,0.054600,0.074100,0.074500,0.088700,0.052400,0.049500,0.048100,0.039400,0.000200,0.050500,0.058900,0.046700,47.180000
2016-08,-0.068400,0.000200,0.003300,0.011900,0.039700,0.001500,-0.037800,-0.031700,0.010900,0.032900,0.014800,0.028500,-0.003300,0.002500,0.062500,0.004900,0.000200,0.001100,-0.004300,0.024300,46.690000
2016-09,0.021700,0.013700,-0.022600,-0.025700,0.026800,0.015700,0.018300,0.004700,0.029800,0.040900,0.006900,0.048500,0.018600,0.007100,-0.023000,0.002700,0.000200,0.016100,0.027000,0.012400,48.396000
2016-10,-0.067300,-0.080200,-0.041700,-0.037400,-0.039200,-0.056800,-0.006600,-0.030500,-0.007300,-0.027100,0.000000,-0.011400,-0.055500,-0.028900,0.033800,-0.020100,0.000200,-0.016500,-0.014300,-0.001600,48.477000
2016-11,0.008400,-0.010000,0.088000,0.106600,0.124800,0.093900,-0.026500,0.065400,0.129500,0.011600,-0.008400,0.027100,0.021600,0.039200,0.138200,0.048600,0.000100,-0.021900,-0.002800,-0.044800,49.754000
2016-12,0.009100,0.028600,0.001900,0.001000,-0.002400,-0.007300,0.036100,0.048900,0.009700,0.005000,-0.003000,0.029100,0.009700,0.007400,0.049100,0.018100,0.000300,0.028200,-0.018700,0.004300,49.585000
2017-01,0.042400,0.052700,0.048800,0.031400,0.045300,0.040600,0.010900,0.033300,0.020400,0.033000,0.059300,0.025100,0.065600,0.028700,0.001700,0.019400,0.000400,0.036000,0.059400,0.052400,49.734000
2017-02,0.072900,0.043000,0.022600,0.020800,0.022000,0.022500,0.038500,-0.001200,0.027800,0.084000,0.031600,0.070800,0.046200,0.039800,0.052000,0.035500,0.000400,0.008100,0.022700,0.034700,50.258000
2017-03,-0.007500,0.024200,0.034500,0.017100,0.015100,0.005500,0.003800,0.008800,-0.028800,0.000400,0.020400,0.033700,0.007500,0.003900,-0.029400,0.001700,0.000300,0.030500,0.028500,0.028100,50.190000
2017-04,-0.013700,0.050200,0.002200,0.011400,0.040200,-0.004500,0.003200,0.001100,0.022300,0.017500,0.042100,-0.002900,0.044200,0.021100,-0.007000,0.010800,0.000500,0.028200,0.003200,0.017700,50.103000
2017-05,-0.020600,0.020700,-0.027900,-0.020200,0.029900,-0.021000,0.024400,-0.015200,0.027500,-0.026100,0.038900,0.063900,0.035400,0.030400,-0.021800,0.010700,0.000600,0.035800,-0.001500,0.024600,49.770000
2017-06,0.070700,0.037000,0.058400,0.024600,-0.001600,0.019900,-0.019100,-0.024600,0.034400,-0.020900,-0.010100,-0.044400,-0.007900,0.013800,0.068200,0.007900,0.000600,0.004100,0.019700,0.007700,50.451000
2017-07,-0.056000,-0.001500,-0.001200,0.006100,0.030600,-0.000200,0.029900,0.053300,-0.046000,0.025000,0.038700,0.037600,0.012600,0.045200,0.010300,0.018800,0.000700,0.032800,0.032800,0.053100,50.479000
2017-08,-0.023700,0.001500,0.000500,-0.010800,-0.018400,-0.026800,0.021800,-0.024800,0.005300,0.012000,0.018300,0.058900,0.045200,-0.003000,-0.014900,0.001800,0.000900,0.003300,0.006800,0.020500,51.236000
2017-09,-0.017300,0.012600,0.073200,0.078200,0.091300,0.055900,-0.019500,-0.015000,0.063700,0.042700,0.001700,-0.000800,0.031000,0.025200,0.063200,0.024900,0.000900,0.022400,-0.001200,-0.002400,50.864000
2017-10,-0.036500,0.039600,0.093200,0.027900,0.056000,0.046400,0.030200,-0.055800,-0.018600,0.015300,0.067000,0.089800,0.053100,0.042300,0.032000,0.022600,0.000900,0.015000,0.016100,0.032900,51.594000
2017-11,0.035900,0.046500,0.089900,0.055100,0.022000,0.005200,0.024200,0.040100,0.068800,0.056200,-0.001400,0.020800,0.017800,0.031300,0.029600,0.031200,0.000800,0.008200,0.010800,0.005000,50.324000
2017-12,0.030900,-0.039100,0.006900,0.022300,0.024800,0.033100,-0.049800,0.044900,0.030000,0.013400,0.003100,-0.009700,-0.021700,0.004200,0.018800,0.010600,0.000900,0.018800,0.031200,0.036200,49.858000
2018-01,0.081700,0.100900,-0.011800,0.010500,0.038300,0.022700,-0.028100,0.031500,0.025300,0.093900,0.096900,0.041600,0.083600,0.075700,0.072800,0.055800,0.001100,0.048300,0.042300,0.077500,51.274000
2018-02,-0.019800,-0.027200,-0.100800,-0.094900,-0.042200,-0.055500,-0.045400,-0.070500,-0.062900,0.048400,-0.014300,0.028600,-0.039900,-0.030000,-0.021700,-0.036400,0.001100,-0.041900,-0.030400,-0.043400,52.105000
2018-03,-0.013500,0.003100,0.018600,-0.007300,-0.011500,-0.014700,0.031700,-0.025300,0.005800,-0.031100,-0.036100,-0.032100,-0.004100,-0.012300,-0.046400,-0.023500,0.001200,-0.011200,-0.032400,-0.014500,52.247000
2018-04,0.000900,0.029700,-0.008300,-0.051100,-0.056300,-0.065900,0.027800,-0.023100,0.002600,0.018700,0.015600,-0.030300,-0.026100,0.000200,0.009900,0.002700,0.001400,0.018500,0.019700,-0.005100,51.703000
2018-05,0.078300,0.057600,-0.006100,0.043700,0.028800,0.079800,0.002700,-0.013100,0.049300,-0.013300,0.059200,0.110100,0.031900,0.052700,0.010500,0.026600,0.001400,-0.015900,0.004000,-0.029300,52.575000
2018-06,0.016000,0.025900,-0.018900,-0.011900,-0.050100,-0.014600,0.025700,0.065100,-0.035000,0.006400,0.007300,-0.031100,0.000700,0.028400,-0.009300,0.004900,0.001400,-0.013700,-0.028600,-0.043200,53.332000
2018-07,0.075100,0.022800,-0.002200,0.051700,0.061100,0.090800,0.016800,0.027300,0.078400,-0.010000,0.023600,0.022700,0.082300,0.016200,0.043900,0.032000,0.001600,0.019200,0.013300,0.019600,53.100000
2018-08,0.057300,0.061200,0.007000,0.002800,-0.021200,-0.002200,0.009300,0.028900,0.029100,0.107000,0.050000,0.107300,0.036200,0.074900,0.026600,0.034500,0.001600,-0.018400,-0.022700,-0.025500,53.487000
2018-09,-0.003100,0.038400,-0.049800,-0.014500,0.008300,-0.002000,-0.005700,0.017900,0.012500,0.002100,-0.002200,-0.005100,0.011000,-0.003000,-0.029600,0.000600,0.001500,0.008300,-0.006700,-0.011800,54.119000
2018-10,-0.064300,-0.123600,-0.091500,-0.162100,-0.140800,-0.117900,-0.000600,-0.004100,-0.097600,-0.077600,-0.093600,-0.078800,-0.096300,-0.083900,-0.060900,-0.076500,0.001900,-0.085300,-0.092100,-0.086800,53.429000
2018-11,0.034300,0.045500,0.016800,0.050600,0.072700,0.036300,0.032600,0.025200,0.062100,0.008700,0.010500,-0.084200,0.071600,0.013000,0.029300,0.017100,0.001800,0.000300,0.035400,0.044400,52.413000
2018-12,-0.153100,-0.084600,-0.096200,-0.122700,-0.096300,-0.122900,-0.047700,-0.087000,-0.151700,-0.094800,-0.073800,-0.088200,-0.091900,-0.094200,-0.129500,-0.095500,0.001900,-0.050800,-0.024100,-0.020500,52.500000
2019-01,0.113000,0.094300,0.135400,0.131200,0.109400,0.113400,0.053800,0.054500,0.099300,0.106400,0.105200,0.063700,0.093200,0.104900,0.106500,0.083700,0.002100,0.066500,0.066100,0.074800,52.092000
2019-02,0.014500,0.038000,0.020900,0.058800,0.038900,0.053600,0.035500,0.030400,0.041500,0.084500,0.040900,0.068700,0.089400,0.069900,0.043800,0.034200,0.001800,0.025100,0.035300,0.003200,51.681000
2019-03,-0.034500,0.020800,0.028200,-0.018300,0.002500,-0.038900,0.033300,0.006000,-0.004200,0.023600,0.031900,0.052200,0.031500,0.028100,-0.028800,0.011000,0.001900,0.005800,0.009400,0.009900,52.581000
2019-04,0.004000,-0.037600,0.080600,0.063900,0.064500,0.064000,0.010000,0.059800,0.049600,0.041000,0.067400,0.063100,0.015600,0.043200,0.087400,0.039700,0.002100,0.030000,0.018200,0.017200,51.814000
2019-05,-0.047600,-0.029700,-0.049400,-0.093800,-0.117900,-0.117000,-0.015500,-0.030000,-0.093400,-0.112700,-0.063500,-0.133900,-0.066200,-0.027800,-0.074400,-0.069200,0.002100,-0.045700,-0.040900,-0.061400,52.215000
2019-06,0.103700,0.097800,0.056000,0.117400,0.123200,0.106500,0.036400,0.051500,0.066900,0.072600,0.055400,0.123100,0.113200,0.062600,0.069800,0.069900,0.001800,0.051600,0.052500,0.055800,51.261000
2019-07,0.024800,0.012100,0.002600,0.003500,0.006100,-0.008100,-0.010100,0.020500,0.019500,0.026100,0.037300,0.054800,-0.042200,0.031500,0.036300,0.012300,0.001900,-0.014400,-0.012500,-0.016400,50.834000
2019-08,-0.051800,-0.004300,0.031900,-0.028500,-0.063800,-0.051600,0.034500,0.002900,-0.071000,-0.120600,-0.022500,-0.019100,-0.008300,-0.015100,-0.050900,-0.025500,0.001600,-0.023600,-0.061100,-0.044500,52.068000
2019-09,0.009400,-0.015400,0.064400,0.063000,0.060800,0.055700,0.039400,0.012600,0.004700,0.046800,-0.006700,0.046700,0.033600,-0.024400,0.039500,0.014100,0.001800,0.025700,0.013400,0.021400,51.936000
2019-10,0.025800,0.030000,0.019100,0.039700,0.063000,0.030400,-0.013900,0.021900,0.015500,-0.001300,0.020300,0.074600,0.003400,0.013200,0.037100,0.020700,0.001500,0.034300,0.029600,0.039300,50.837000
2019-11,0.082700,0.046500,0.019000,0.045900,0.029600,0.089200,-0.021400,0.024700,0.027600,-0.010100,0.054600,0.059400,0.052100,0.037700,0.050400,0.038700,0.001200,0.014600,-0.000700,-0.002800,50.845000
2019-12,0.031000,0.012400,-0.026500,0.024300,0.038700,0.023800,0.041200,0.010400,-0.002100,0.049900,0.019200,0.073300,0.040900,0.010400,0.032200,0.027700,0.001400,0.035300,0.031300,0.070500,50.650000
2020-01,0.006200,-0.009600,0.059500,-0.012800,-0.051200,-0.043800,0.048300,-0.021200,-0.001500,-0.022700,0.054200,0.022500,-0.024800,0.029900,-0.037000,-0.001100,0.001300,-0.021900,-0.027400,-0.045000,51.015000
2020-02,-0.050100,-0.076200,-0.086800,-0.083800,-0.053200,-0.065100,-0.098900,-0.062200,-0.109100,-0.122600,-0.052800,-0.088500,-0.083300,-0.071600,-0.115100,-0.081500,0.001200,-0.087700,-0.066700,-0.055000,51.040000
2020-03,-0.185800,-0.114400,-0.321400,-0.256400,-0.174900,-0.210700,-0.130500,-0.132200,-0.168200,-0.080400,-0.098100,-0.087900,-0.082400,-0.181400,-0.239200,-0.133700,0.001200,-0.138000,-0.189600,-0.169700,50.990000
2020-04,0.156700,0.138800,0.220200,0.134400,0.097400,0.145800,0.051800,0.092100,0.086100,0.081800,0.155500,0.143700,0.161000,0.181400,0.114400,0.136000,0.000000,0.071100,0.111200,0.100800,50.360000
2020-05,0.045100,0.052300,0.150300,0.113900,0.071100,0.096100,0.046300,0.048100,0.080500,0.102500,0.074400,0.078800,0.071100,0.103600,0.028200,0.055700,0.000100,0.050100,0.003300,0.016600,50.495000
2020-06,-0.028300,-0.015700,0.021400,0.051800,0.048500,0.052300,-0.050200,-0.026200,0.011200,-0.006200,0.050600,0.089600,0.028600,0.044700,-0.002500,0.024500,0.000100,0.033500,0.075900,0.073100,49.861000
2020-07,0.165300,0.110100,0.132300,0.066500,0.088900,0.088700,0.063400,0.050600,0.064800,0.040700,0.048200,0.103800,0.104500,0.061100,0.007800,0.058300,0.000100,0.024800,0.023300,0.082900,49.058000
2020-08,0.009200,0.034700,0.072400,0.080000,0.047600,0.122900,-0.022500,0.056000,0.130300,-0.056300,0.099700,0.163900,0.017600,0.044500,0.064300,0.076200,0.000100,0.058500,0.064300,0.025600,48.440000
2020-09,-0.007300,-0.012500,0.039200,-0.025400,0.003700,0.007400,-0.003200,-0.019700,0.014100,-0.057200,-0.056700,-0.060200,-0.007800,-0.014800,-0.050300,-0.036400,0.000100,-0.020500,-0.049700,-0.017100,48.492000
2020-10,0.001300,-0.030600,-0.058900,-0.008700,0.023900,-0.004900,0.044700,-0.038900,-0.033800,-0.052100,-0.004800,-0.044300,0.037200,-0.042700,-0.013200,-0.020800,0.000100,-0.033600,-0.000200,0.016700,48.414000
2020-11,0.139000,0.076100,0.111200,0.145300,0.175600,0.182900,0.026600,0.144700,0.174500,0.200700,0.093800,0.118200,0.076200,0.162700,0.183100,0.124500,0.000100,0.145900,0.135300,0.101400,48.155000
2020-12,0.072600,0.063300,0.011300,0.045100,0.028200,0.036300,0.006200,0.051200,0.008100,0.082900,0.036000,0.079500,0.034500,0.038900,0.076900,0.046300,0.000100,0.051400,0.052600,0.074400,48.183000
2021-01,0.059900,0.014500,0.059200,0.008200,0.021700,0.026500,-0.004400,-0.035500,-0.045100,0.008200,0.005500,0.007300,0.047200,-0.042600,-0.030700,-0.000700,0.000000,-0.009100,0.011600,0.021100,48.066000
2021-02,-0.018700,0.011400,0.041400,0.071900,0.118700,0.064900,-0.045900,0.042600,0.091300,0.063600,0.033900,-0.026000,-0.022100,0.086400,0.144200,0.028100,0.000000,0.026100,0.038700,0.020600,48.750000
2021-03,0.027900,-0.006000,0.133400,0.093400,0.072600,0.044300,0.103900,0.016300,0.078400,0.094500,0.001900,0.008100,0.016100,0.013600,0.050600,0.031700,0.000000,0.026700,0.011400,-0.006500,48.530000
2021-04,0.047700,0.059900,0.070100,0.051300,0.022500,-0.007200,0.039800,0.030800,0.039200,0.025900,0.083200,0.040600,0.049700,0.070400,0.059200,0.049500,0.000000,0.035400,0.043400,0.029700,48.242000
2021-05,0.015300,-0.031000,-0.011100,0.000000,0.023500,-0.002000,-0.011600,-0.005100,0.020100,0.019700,-0.007900,-0.015000,0.011000,-0.010700,0.029100,0.003000,0.000000,0.034500,0.017500,0.024200,47.650000
2021-06,0.008800,0.038300,-0.045800,-0.025600,-0.013400,0.059400,-0.014200,-0.000100,-0.044700,0.018400,0.066900,0.086700,0.056900,0.038400,-0.031000,0.027400,0.000000,-0.011000,-0.008700,0.006100,48.858000
2021-07,0.027900,0.050100,0.032400,-0.004000,0.003600,-0.004300,0.029700,0.003600,-0.044700,0.025400,0.037100,0.031000,0.063300,0.011200,-0.004300,0.013400,0.000000,0.006500,-0.027400,-0.054500,50.020000
2021-08,-0.026100,0.024800,0.010400,0.031000,0.010400,0.016900,0.032300,0.013700,0.000800,0.059300,0.053400,0.041900,0.035900,0.017300,0.020300,0.029400,0.000000,0.016100,0.010000,0.023200,49.658000
2021-09,-0.081400,-0.044400,-0.085300,-0.066000,-0.076000,-0.062500,-0.048700,-0.055800,-0.029500,-0.063600,-0.064000,-0.058700,-0.055200,-0.059100,0.009900,-0.044000,0.000000,-0.029400,-0.039300,-0.031000,51.011000
2021-10,0.008100,0.036500,0.074600,0.071600,0.048400,0.134700,0.051100,-0.042400,0.099500,0.052100,0.093700,0.075800,0.062200,0.006500,0.040300,0.066300,0.000000,0.026000,0.038600,0.005900,50.368000
2021-11,-0.117800,-0.076300,0.037600,0.040700,0.012200,-0.035400,-0.019700,-0.071900,-0.058500,0.025000,-0.034500,0.120400,-0.005100,-0.082900,-0.062600,-0.015800,0.000000,-0.041800,-0.056800,-0.035700,50.401000
2021-12,0.101700,0.092100,0.088300,0.080600,0.045700,-0.040100,0.085600,0.039500,0.082600,0.112100,-0.003800,0.034300,0.050800,0.030300,0.031700,0.032300,0.000100,0.038800,0.022500,0.024000,51.000000
2022-01,-0.144600,-0.108700,-0.134400,-0.118400,-0.065300,-0.144200,-0.021000,-0.019300,-0.056800,-0.104400,-0.090600,-0.065600,-0.124900,-0.086800,0.018800,-0.061600,0.000000,-0.049000,-0.049700,-0.021700,51.080000
2022-02,0.041200,0.015700,-0.039100,-0.006000,-0.045900,0.002500,-0.010900,0.002900,-0.011200,-0.012000,-0.059800,-0.026000,-0.041100,-0.092700,-0.018700,-0.022800,0.000000,-0.020300,0.016300,-0.029300,51.283000
2022-03,0.026400,0.008500,-0.054800,-0.065300,0.029400,0.012500,0.096900,-0.024200,0.045000,0.020600,0.022600,0.046100,0.043200,0.049700,-0.049000,0.030800,0.000000,0.005200,0.051000,-0.015700,51.810000
2022-04,-0.152300,-0.115900,-0.063700,-0.031400,-0.101300,-0.133800,-0.037100,-0.105600,-0.103100,-0.105600,-0.129900,-0.132400,-0.097200,-0.098600,-0.085000,-0.094100,0.000000,-0.064900,-0.051700,-0.052600,52.372000
2022-05,-0.008000,-0.018000,0.054900,0.029000,0.030900,-0.009700,0.048000,0.086600,-0.042200,-0.033300,-0.032400,-0.012300,0.019400,-0.021600,0.035900,-0.003400,0.000300,0.011400,-0.004900,0.002900,52.574000
2022-06,-0.115700,-0.081000,-0.100900,-0.117900,-0.136600,-0.101700,-0.065400,-0.066300,-0.089700,-0.083800,-0.058900,-0.111700,-0.074300,-0.098600,-0.124900,-0.084000,0.000600,-0.091900,-0.073700,-0.067100,55.021000
2022-07,0.128900,0.062900,0.153400,0.174100,0.135000,0.216400,0.062700,-0.000300,0.095100,0.091300,0.079200,0.172500,0.130200,0.131600,0.085700,0.095700,0.000800,0.051400,0.031600,0.003200,55.280000
2022-08,-0.032700,-0.047000,-0.058300,-0.078900,-0.050200,-0.042800,0.001100,-0.028700,-0.016400,-0.036100,-0.048500,-0.056300,-0.083900,-0.046200,-0.032600,-0.037700,0.001900,-0.048100,-0.008800,0.009400,56.153000
2022-09,-0.049800,-0.060500,-0.080000,-0.075900,-0.097600,-0.104900,-0.116100,-0.138600,-0.140300,-0.111300,-0.111900,-0.126000,-0.078900,-0.103600,-0.090900,-0.093400,0.001900,-0.095700,-0.103100,-0.105700,58.757000
2022-10,0.049000,0.083300,0.117100,0.082700,0.168900,0.024400,0.034500,0.106000,0.074300,0.134400,0.013400,0.091800,0.058100,0.075000,0.134000,0.078500,0.002300,0.049400,-0.010200,-0.017600,58.301000
2022-11,0.044800,0.059800,0.081900,0.055800,0.099700,0.056300,0.068500,0.021800,0.103100,0.084400,0.057900,0.040800,0.093500,0.037600,0.051900,0.046500,0.002900,0.120000,0.144700,0.128400,56.570000
2022-12,-0.040100,0.000600,-0.002100,-0.045900,-0.041800,-0.075200,-0.011200,-0.068200,-0.072200,-0.067200,-0.068500,-0.108500,-0.029400,-0.052700,-0.064800,-0.063800,0.003300,-0.007200,0.011200,-0.011400,55.616000
2023-01,0.032500,0.013100,0.140700,0.126400,0.080600,0.123200,-0.012200,0.135600,0.098900,0.056700,0.091800,0.120900,0.031200,0.097300,0.093600,0.066100,0.003500,0.077100,0.074400,0.066200,54.640000
2023-02,-0.031700,-0.029000,-0.008400,0.018900,-0.008600,0.033100,-0.053200,-0.065000,0.000500,0.000100,-0.016200,0.030500,-0.050000,-0.045900,-0.018900,-0.025700,0.003400,-0.025600,-0.062900,-0.053300,55.335000
2023-03,-0.014500,0.047500,0.038500,-0.033200,0.003900,-0.038300,0.039500,-0.001000,-0.001600,0.065500,0.120100,0.114700,0.038400,-0.015600,-0.118900,0.024800,0.003600,0.024600,0.004700,0.026300,54.299000
2023-04,0.037000,0.073500,0.063100,0.022300,-0.040200,-0.052500,0.017200,0.009900,-0.019300,-0.068800,0.023400,-0.009800,-0.047900,-0.000300,0.017400,0.006200,0.003500,0.025400,0.003400,-0.003800,55.480000
2023-05,-0.064500,-0.060900,-0.009900,-0.014100,-0.009100,0.011500,-0.058300,-0.094100,-0.006100,0.054700,0.094500,0.105500,-0.027800,-0.030700,-0.039600,0.003400,0.003600,-0.040900,-0.056200,-0.010900,56.214000
2023-06,0.086100,0.086000,0.159100,0.193000,0.140900,0.176500,0.025100,0.046200,0.111500,0.061000,0.038100,0.085500,0.057600,0.091000,0.070600,0.064600,0.004000,0.044600,0.035400,0.041200,55.294000
2023-07,-0.004000,-0.021400,0.037000,0.036400,0.060200,0.039100,0.027700,0.009500,0.074200,0.021800,0.047500,0.035900,0.032600,0.036200,0.071800,0.032100,0.004500,0.030400,0.040900,0.057800,54.905000
2023-08,-0.043600,-0.070400,-0.017900,-0.006000,-0.017900,-0.086500,-0.053600,0.001600,-0.054400,0.062700,-0.014500,-0.024700,-0.000600,-0.034800,-0.051000,-0.023600,0.004500,-0.038100,-0.060500,-0.048800,56.630000
2023-09,-0.052800,-0.068900,-0.093100,-0.074200,-0.066900,-0.074300,-0.050500,-0.032000,-0.046000,-0.049900,-0.040700,-0.083700,-0.073600,-0.068700,-0.039300,-0.052300,0.004300,-0.037600,-0.031100,-0.022000,56.607000
2023-10,-0.043200,-0.063600,-0.056900,-0.066200,-0.069700,-0.129300,0.010200,-0.001300,-0.067300,-0.025500,0.003300,-0.028800,-0.108900,-0.066800,-0.029100,-0.031500,0.004700,-0.042200,-0.045800,-0.039500,56.780000
2023-11,0.060800,0.100400,0.167500,0.154800,0.099100,0.100800,0.051500,0.069600,0.122800,0.023100,0.120700,0.126100,0.122300,0.148500,0.131700,0.088800,0.004400,0.088000,0.051900,0.077600,55.460000
2023-12,0.098400,0.074000,0.163100,0.117300,0.103600,0.132100,0.017300,0.022500,0.080400,0.048300,0.030200,0.061300,0.086200,0.073300,0.096900,0.048500,0.004300,0.056800,0.082800,0.039100,55.460000
2024-01,-0.000500,0.040800,-0.027900,-0.000700,-0.002000,-0.092600,-0.030100,0.045700,-0.015100,0.045700,0.039900,0.025000,-0.000600,0.000400,0.015700,0.007300,0.004700,-0.005100,-0.045400,-0.040800,56.310000
2024-02,0.028800,0.027800,0.108300,0.100700,0.086300,0.080800,0.023900,-0.027200,0.072700,0.057100,0.046300,0.082000,0.079500,0.035100,0.040500,0.050700,0.004200,0.018900,0.015100,0.040100,56.215000
2024-03,0.058500,0.037300,0.093200,0.059000,0.058600,0.050000,0.070400,0.030900,0.010900,0.069200,0.017000,0.028600,0.020300,0.034500,0.053900,0.028400,0.004300,0.034300,0.014100,0.016400,56.236000
2024-04,-0.077600,-0.056800,-0.073300,-0.066700,-0.057000,-0.076100,0.015800,-0.065300,-0.079400,-0.059500,-0.050700,-0.032800,-0.039600,-0.060300,-0.039000,-0.046500,0.004700,-0.028000,-0.005600,0.005900,57.688000
2024-05,0.016900,0.005900,0.058500,0.007500,0.018800,0.046700,0.080300,0.037400,0.003500,0.057300,0.035500,0.155000,0.026400,-0.002700,0.029500,0.043300,0.004400,0.040900,0.034300,0.010100,58.610000
2024-06,-0.023600,0.015500,-0.050500,-0.055800,0.021900,-0.044300,-0.041600,-0.006000,0.030100,0.055100,0.077400,0.089600,-0.006400,0.000500,-0.006100,0.028000,0.004100,-0.020800,-0.006700,0.029300,58.440000
2024-07,0.081400,-0.026600,0.160800,0.127300,-0.002800,0.075700,0.063900,0.038500,0.001300,-0.020600,-0.040700,-0.003700,0.073100,0.074700,0.074800,0.012200,0.004500,0.031500,0.011400,0.004900,58.384000
2024-08,0.044600,0.075300,0.013600,-0.001200,-0.013600,-0.033100,0.045800,0.012400,0.025300,-0.014600,0.012300,0.018600,-0.008400,0.042300,0.022200,0.016000,0.004800,0.027000,0.037600,0.013600,56.200000
2024-09,0.026500,0.007300,0.052100,0.059200,0.046700,0.012500,0.053400,0.055600,0.025300,0.040600,0.039700,0.021700,0.013200,0.013300,-0.020000,0.017200,0.004000,0.016000,0.076000,0.058200,56.038000
2024-10,-0.080200,-0.011800,-0.052100,-0.018000,-0.048100,-0.002300,0.006900,0.023700,0.014200,-0.000500,-0.004300,0.009300,-0.089500,0.000800,0.051300,-0.010000,0.003900,-0.048400,-0.050200,-0.036400,58.228000
2024-11,0.026400,0.058500,0.091400,0.103600,0.065000,0.108100,0.062100,0.091800,0.081700,0.066400,0.065000,0.033700,0.024000,0.075000,0.132400,0.064900,0.004000,-0.002400,0.017100,-0.029900,58.643000
2024-12,-0.120400,-0.044900,-0.152700,-0.127200,-0.088400,-0.084000,-0.077800,-0.079600,-0.086300,-0.001600,0.003000,0.034900,-0.033400,-0.048700,-0.055400,-0.031700,0.003700,-0.023800,-0.043200,-0.003900,58.043000
2025-01,0.132100,0.096600,0.017900,0.080900,0.060100,0.024200,0.029200,0.013700,0.020500,0.022400,0.052200,-0.059700,0.071000,0.047700,0.085500,0.028000,0.003700,0.042600,0.023800,0.010200,58.387000
2025-02,-0.017000,-0.005300,-0.109800,-0.071300,-0.040000,-0.080300,0.020200,0.094000,0.009900,-0.035400,-0.069500,0.003600,-0.090300,-0.020600,-0.005300,-0.024400,0.003300,0.015500,-0.006600,-0.003300,57.972000
2025-03,0.029500,-0.058400,-0.041200,-0.063400,-0.057800,-0.103600,0.007600,-0.013400,-0.080400,-0.099800,-0.084600,-0.103000,-0.062800,-0.049400,-0.076900,-0.063900,0.003400,0.000800,-0.009900,0.005300,57.253000
2025-04,0.005500,-0.003400,0.031500,-0.016200,-0.030500,-0.022800,-0.013200,-0.049000,-0.027300,-0.019500,0.036800,-0.007900,-0.054800,-0.024100,-0.021000,-0.008400,0.003500,0.045000,0.031500,0.014200,55.867000
2025-05,0.036800,0.022700,0.075000,0.023700,0.081600,0.165100,0.034300,0.038600,0.072600,0.095800,0.120000,0.102000,0.019700,0.046700,0.074400,0.060600,0.003800,0.051000,0.055600,0.049300,55.745000
2025-06,0.033500,0.013700,0.091700,0.029800,0.074000,0.093900,0.010100,0.036300,0.047500,0.124700,0.075800,0.112000,0.063800,0.001600,0.065000,0.048600,0.003400,0.030600,0.042900,0.057700,56.451000
2025-07,-0.082400,-0.051300,0.089500,0.053400,0.035100,0.130800,0.033700,-0.033600,-0.020600,0.061700,0.050800,0.065000,0.038300,0.000800,0.008200,0.019800,0.003400,-0.014400,0.022200,0.015500,58.335000
2025-08,0.140200,0.024500,0.064500,0.054000,-0.020800,0.017800,-0.015900,0.038000,0.042100,0.034200,-0.013900,0.035300,0.016800,0.016100,0.051100,0.018400,0.003800,0.046200,0.049900,0.021800,57.203000
2025-09,0.037600,-0.038100,0.037400,-0.028000,0.090700,0.086000,0.039800,-0.011300,0.004900,0.056100,0.060900,0.088500,0.033600,-0.045700,0.001300,0.033900,0.003300,0.018500,0.010700,0.055200,58.236000
2025-10,0.036000,0.006700,-0.000900,-0.012200,0.085000,0.168700,0.004400,-0.058500,-0.002400,0.082900,0.018400,0.092400,0.111600,-0.048400,-0.001000,0.019600,0.003700,0.008800,-0.001400,0.035000,58.711000
2025-11,0.075800,0.054100,0.031000,0.032700,0.010500,-0.077700,0.029000,-0.014500,0.005500,-0.047300,-0.021000,-0.032600,0.027800,-0.005100,0.013500,-0.001300,0.003000,0.009000,-0.009700,-0.021100,58.666000
2025-12,-0.055300,-0.027500,-0.072000,-0.002000,0.015000,-0.051600,-0.042700,0.037100,0.033400,-0.007500,-0.006400,-0.006700,-0.000700,0.021200,0.050000,-0.003600,0.003400,0.029000,0.016200,0.025400,58.950000
2026-01,0.000300,-0.038100,0.101900,0.058800,0.172700,0.196500,0.028600,0.034000,0.014000,0.052500,-0.042300,0.018100,0.053200,-0.032100,-0.024200,0.010300,0.003000,0.041800,0.066200,0.077300,58.907000
2026-02,0.074700,0.013000,0.116900,0.063400,0.094700,0.005000,0.099000,0.040400,0.034600,0.049600,-0.091400,-0.018200,0.021500,-0.067200,-0.042900,-0.011700,0.002800,0.051600,0.045900,0.051900,57.683000
2026-03,-0.095900,-0.118900,-0.085300,-0.122000,-0.087000,-0.071800,-0.020500,-0.026100,-0.068900,-0.027400,-0.058400,-0.036800,-0.071600,-0.053200,-0.025300,-0.051800,0.002900,-0.092500,-0.084300,-0.120700,60.689000
2026-04,0.019300,-0.044000,0.193800,0.057000,0.152400,0.288500,0.020500,-0.022600,0.077200,0.290200,0.145500,0.209400,0.083500,0.041700,0.084000,0.099500,0.002900,0.069500,0.055000,0.139200,61.458000
2026-05,0.010100,-0.048000,-0.013700,-0.032600,0.042600,0.063700,-0.049700,-0.014600,0.016000,0.247800,0.087200,0.143900,0.051500,-0.003300,-0.022800,0.049100,0.003100,0.032000,0.006800,0.077500,61.572000
2026-06,0.103600,0.008700,0.063800,0.144000,0.271300,0.034300,0.028000,-0.089800,0.039500,0.022600,-0.109500,-0.025000,0.177900,0.017200,0.083300,-0.010700,0.002900,-0.011000,-0.038100,-0.016900,61.358000
2026-07,0.039700,0.056500,-0.122400,-0.047500,-0.210600,-0.196600,-0.017900,0.031800,0.001400,-0.016300,0.062500,-0.051700,-0.129900,0.065800,0.042500,-0.006100,0.003300,0.023500,0.056000,-0.038900,61.269000
2026-08,-0.003400,0.045300,-0.063700,-0.005200,-0.022400,-0.052900,-0.028200,0.077800,0.014500,0.004100,0.061400,0.044900,0.024800,0.013700,0.001300,0.025600,0.002900,0.022000,0.032900,0.046600,62.397000
