,Hardw,Softw,Chips,LabEq,cash
1990-01,0.2411,0.2179,0.2374,0.2036,0.1
1990-04,0.25,0.2001,0.248,0.2019,0.1
1990-07,0.25,0.1824,0.2372,0.2303,0.1
1990-10,0.25,0.1706,0.2443,0.2351,0.1
1991-01,0.2316,0.1766,0.25,0.2417,0.1
1991-04,0.2301,0.1798,0.25,0.2402,0.1
1991-07,0.2248,0.1798,0.25,0.2454,0.1
1991-10,0.2254,0.181,0.2484,0.2453,0.1
1992-01,0.2356,0.1794,0.2459,0.2391,0.1
1992-04,0.24,0.1802,0.2382,0.2416,0.1
1992-07,0.2398,0.1769,0.2415,0.2417,0.1
1992-10,0.2419,0.1803,0.2367,0.2411,0.1
1993-01,0.2363,0.1808,0.2388,0.2441,0.1
1993-04,0.2326,0.1809,0.2366,0.25,0.1
1993-07,0.2271,0.1853,0.2376,0.25,0.1
1993-10,0.2206,0.1907,0.2387,0.25,0.1
1994-01,0.2415,0.1926,0.2159,0.25,0.1
1994-04,0.2486,0.195,0.2064,0.25,0.1
1994-07,0.25,0.1956,0.2071,0.2473,0.1
1994-10,0.2414,0.1968,0.2133,0.2485,0.1
1995-01,0.23,0.2081,0.2119,0.25,0.1
1995-04,0.2285,0.2078,0.2192,0.2444,0.1
1995-07,0.2193,0.2187,0.2135,0.2485,0.1
1995-10,0.215,0.2217,0.2132,0.25,0.1
1996-01,0.2265,0.2232,0.2004,0.25,0.1
1996-04,0.2167,0.2309,0.2024,0.25,0.1
1996-07,0.2153,0.2413,0.1934,0.25,0.1
1996-10,0.2117,0.2434,0.1949,0.25,0.1
1997-01,0.1977,0.2489,0.2034,0.25,0.1
1997-04,0.2019,0.2488,0.1993,0.25,0.1
1997-07,0.2053,0.2401,0.2046,0.25,0.1
1997-10,0.1948,0.25,0.2052,0.25,0.1
1998-01,0.196,0.25,0.204,0.25,0.1
1998-04,0.1962,0.25,0.2038,0.25,0.1
1998-07,0.1973,0.25,0.2027,0.25,0.1
1998-10,0.2051,0.2382,0.2068,0.25,0.1
1999-01,0.2059,0.2328,0.2113,0.25,0.1
1999-04,0.2065,0.2289,0.2146,0.25,0.1
1999-07,0.2095,0.2263,0.2142,0.25,0.1
1999-10,0.2082,0.2271,0.2147,0.25,0.1
2000-01,0.2088,0.2213,0.2199,0.25,0.1
2000-04,0.2092,0.2282,0.2126,0.25,0.1
2000-07,0.2078,0.2205,0.2217,0.25,0.1
2000-10,0.221,0.2157,0.2133,0.25,0.1
2001-01,0.2179,0.2153,0.2168,0.25,0.1
2001-04,0.2097,0.2234,0.2169,0.25,0.1
2001-07,0.213,0.2234,0.2136,0.25,0.1
2001-10,0.2062,0.2303,0.2135,0.25,0.1
2002-01,0.1989,0.2386,0.2125,0.25,0.1
2002-04,0.1966,0.2445,0.2089,0.25,0.1
2002-07,0.1988,0.2441,0.2072,0.25,0.1
2002-10,0.1994,0.2429,0.2077,0.25,0.1
2003-01,0.2009,0.2475,0.2016,0.25,0.1
2003-04,0.2018,0.2418,0.2063,0.25,0.1
2003-07,0.2016,0.2489,0.1995,0.25,0.1
2003-10,0.2016,0.25,0.1984,0.25,0.1
2004-01,0.2025,0.25,0.1975,0.25,0.1
2004-04,0.2056,0.25,0.1944,0.25,0.1
2004-07,0.2017,0.25,0.1983,0.25,0.1
2004-10,0.209,0.25,0.191,0.25,0.1
2005-01,0.217,0.25,0.183,0.25,0.1
2005-04,0.2231,0.25,0.1813,0.2456,0.1
2005-07,0.2169,0.25,0.1861,0.2471,0.1
2005-10,0.2214,0.25,0.1835,0.2451,0.1
2006-01,0.247,0.25,0.186,0.217,0.1
2006-04,0.2472,0.25,0.1848,0.218,0.1
2006-07,0.25,0.25,0.1816,0.2184,0.1
2006-10,0.2376,0.25,0.188,0.2244,0.1
2007-01,0.2303,0.25,0.198,0.2217,0.1
2007-04,0.2264,0.25,0.196,0.2276,0.1
2007-07,0.2288,0.25,0.1927,0.2285,0.1
2007-10,0.2215,0.2433,0.1958,0.2394,0.1
2008-01,0.208,0.2409,0.2033,0.2479,0.1
2008-04,0.1933,0.2462,0.2105,0.25,0.1
2008-07,0.198,0.2427,0.2093,0.25,0.1
2008-10,0.1903,0.25,0.2097,0.25,0.1
2009-01,0.1926,0.241,0.2173,0.2491,0.1
2009-04,0.1917,0.2441,0.2142,0.25,0.1
2009-07,0.1879,0.245,0.2171,0.25,0.1
2009-10,0.1862,0.2459,0.2178,0.25,0.1
2010-01,0.1887,0.2486,0.2128,0.25,0.1
2010-04,0.1892,0.25,0.2108,0.25,0.1
2010-07,0.1896,0.2496,0.2108,0.25,0.1
2010-10,0.1906,0.25,0.2094,0.25,0.1
2011-01,0.1975,0.25,0.208,0.2445,0.1
2011-04,0.2014,0.25,0.2036,0.245,0.1
2011-07,0.2036,0.25,0.2055,0.241,0.1
2011-10,0.2156,0.25,0.2084,0.226,0.1
2012-01,0.2089,0.25,0.2002,0.2409,0.1
2012-04,0.2106,0.25,0.2094,0.23,0.1
2012-07,0.2206,0.25,0.2063,0.2231,0.1
2012-10,0.2235,0.25,0.2065,0.22,0.1
2013-01,0.2115,0.25,0.214,0.2245,0.1
2013-04,0.2162,0.25,0.2146,0.2192,0.1
2013-07,0.21,0.25,0.2179,0.2221,0.1
2013-10,0.2128,0.25,0.2179,0.2194,0.1
2014-01,0.2109,0.25,0.2152,0.2238,0.1
2014-04,0.2129,0.25,0.2208,0.2163,0.1
2014-07,0.2131,0.25,0.2255,0.2114,0.1
2014-10,0.1881,0.25,0.2309,0.231,0.1
2015-01,0.184,0.25,0.2291,0.2368,0.1
2015-04,0.187,0.2404,0.2226,0.25,0.1
2015-07,0.1779,0.2429,0.2292,0.25,0.1
2015-10,0.1814,0.2363,0.2323,0.25,0.1
2016-01,0.1985,0.2322,0.2226,0.2467,0.1
2016-04,0.192,0.2399,0.222,0.246,0.1
2016-07,0.1991,0.2378,0.2131,0.25,0.1
2016-10,0.1989,0.2396,0.2115,0.25,0.1
2017-01,0.1948,0.2454,0.2098,0.25,0.1
2017-04,0.1903,0.2497,0.21,0.25,0.1
2017-07,0.1933,0.25,0.2067,0.25,0.1
2017-10,0.1936,0.25,0.2064,0.25,0.1
2018-01,0.2054,0.2431,0.2014,0.25,0.1
2018-04,0.2138,0.237,0.2069,0.2423,0.1
2018-07,0.2291,0.2341,0.199,0.2377,0.1
2018-10,0.2249,0.2387,0.1863,0.25,0.1
2019-01,0.2248,0.2416,0.1935,0.2401,0.1
2019-04,0.2298,0.2364,0.197,0.2369,0.1
2019-07,0.2258,0.2482,0.1912,0.2347,0.1
2019-10,0.2202,0.25,0.1958,0.2339,0.1
2020-01,0.2209,0.2479,0.1945,0.2367,0.1
2020-04,0.2209,0.2464,0.1966,0.2361,0.1
2020-07,0.2275,0.2406,0.2006,0.2312,0.1
2020-10,0.2319,0.2375,0.1959,0.2347,0.1
2021-01,0.2081,0.2454,0.1984,0.2481,0.1
2021-04,0.2084,0.25,0.1918,0.2498,0.1
2021-07,0.2081,0.2467,0.1952,0.25,0.1
2021-10,0.2126,0.2432,0.1994,0.2448,0.1
2022-01,0.2006,0.2486,0.2023,0.2486,0.1
2022-04,0.2099,0.2454,0.2047,0.2399,0.1
2022-07,0.2156,0.2333,0.2071,0.2441,0.1
2022-10,0.2264,0.2374,0.1981,0.2381,0.1
2023-01,0.2201,0.2412,0.1947,0.244,0.1
2023-04,0.2267,0.2322,0.191,0.25,0.1
2023-07,0.2212,0.2417,0.1871,0.25,0.1
2023-10,0.2138,0.2458,0.1904,0.25,0.1
2024-01,0.24,0.2397,0.187,0.2334,0.1
2024-04,0.2411,0.2408,0.1864,0.2316,0.1
2024-07,0.2324,0.2466,0.1804,0.2407,0.1
2024-10,0.229,0.2476,0.1784,0.2451,0.1
2025-01,0.2321,0.2421,0.1789,0.2469,0.1
2025-04,0.2308,0.2387,0.1805,0.25,0.1
2025-07,0.2213,0.2459,0.1844,0.2484,0.1
2025-10,0.2164,0.2409,0.1927,0.25,0.1
2026-01,0.2166,0.2436,0.1959,0.2439,0.1
2026-04,0.2216,0.2365,0.1967,0.2453,0.1
2026-07,0.1907,0.25,0.2093,0.25,0.1
