FREQ,REF_AREA,CURRENCY,COLLECTION,UNIT_MULT,DECIMALS,AVAILABILITY,TITLE,TIME_PERIOD,OBS_VALUE,OBS_STATUS,OBS_PRE_BREAK,OBS_CONF
M,PH,PHP,A,0,6,A, Exchange rates against USD Philippines - Philippine peso - Monthly - Average of observations through period,1989-01,21.342136,A,,F
M,PH,PHP,A,0,6,A, Exchange rates against USD Philippines - Philippine peso - Monthly - Average of observations through period,1989-02,21.35745,A,,F
M,PH,PHP,A,0,6,A, Exchange rates against USD Philippines - Philippine peso - Monthly - Average of observations through period,1989-03,21.33875,A,,F
M,PH,PHP,A,0,6,A, Exchange rates against USD Philippines - Philippine peso - Monthly - Average of observations through period,1989-04,21.4136,A,,F
M,PH,PHP,A,0,6,A, Exchange rates against USD Philippines - Philippine peso - Monthly - Average of observations through period,1989-05,21.579636,A,,F
M,PH,PHP,A,0,6,A, Exchange rates against USD Philippines - Philippine peso - Monthly - Average of observations through period,1989-06,21.68,A,,F
M,PH,PHP,A,0,6,A, Exchange rates against USD Philippines - Philippine peso - Monthly - Average of observations through period,1989-07,21.886524,A,,F
M,PH,PHP,A,0,6,A, Exchange rates against USD Philippines - Philippine peso - Monthly - Average of observations through period,1989-08,21.88,A,,F
M,PH,PHP,A,0,6,A, Exchange rates against USD Philippines - Philippine peso - Monthly - Average of observations through period,1989-09,21.969143,A,,F
M,PH,PHP,A,0,6,A, Exchange rates against USD Philippines - Philippine peso - Monthly - Average of observations through period,1989-10,21.958905,A,,F
M,PH,PHP,A,0,6,A, Exchange rates against USD Philippines - Philippine peso - Monthly - Average of observations through period,1989-11,22.099,A,,F
M,PH,PHP,A,0,6,A, Exchange rates against USD Philippines - Philippine peso - Monthly - Average of observations through period,1989-12,22.335158,A,,F
M,PH,PHP,A,0,6,A, Exchange rates against USD Philippines - Philippine peso - Monthly - Average of observations through period,1990-01,22.464364,A,,F
M,PH,PHP,A,0,6,A, Exchange rates against USD Philippines - Philippine peso - Monthly - Average of observations through period,1990-02,22.62445,A,,F
M,PH,PHP,A,0,6,A, Exchange rates against USD Philippines - Philippine peso - Monthly - Average of observations through period,1990-03,22.759364,A,,F
M,PH,PHP,A,0,6,A, Exchange rates against USD Philippines - Philippine peso - Monthly - Average of observations through period,1990-04,22.760889,A,,F
M,PH,PHP,A,0,6,A, Exchange rates against USD Philippines - Philippine peso - Monthly - Average of observations through period,1990-05,22.901818,A,,F
M,PH,PHP,A,0,6,A, Exchange rates against USD Philippines - Philippine peso - Monthly - Average of observations through period,1990-06,23.10255,A,,F
M,PH,PHP,A,0,6,A, Exchange rates against USD Philippines - Philippine peso - Monthly - Average of observations through period,1990-07,23.563182,A,,F
M,PH,PHP,A,0,6,A, Exchange rates against USD Philippines - Philippine peso - Monthly - Average of observations through period,1990-08,24.447391,A,,F
M,PH,PHP,A,0,6,A, Exchange rates against USD Philippines - Philippine peso - Monthly - Average of observations through period,1990-09,25.3519,A,,F
M,PH,PHP,A,0,6,A, Exchange rates against USD Philippines - Philippine peso - Monthly - Average of observations through period,1990-10,25.75,A,,F
M,PH,PHP,A,0,6,A, Exchange rates against USD Philippines - Philippine peso - Monthly - Average of observations through period,1990-11,28,A,,F
M,PH,PHP,A,0,6,A, Exchange rates against USD Philippines - Philippine peso - Monthly - Average of observations through period,1990-12,28,A,,F
M,PH,PHP,A,0,6,A, Exchange rates against USD Philippines - Philippine peso - Monthly - Average of observations through period,1991-01,28,A,,F
M,PH,PHP,A,0,6,A, Exchange rates against USD Philippines - Philippine peso - Monthly - Average of observations through period,1991-02,28,A,,F
M,PH,PHP,A,0,6,A, Exchange rates against USD Philippines - Philippine peso - Monthly - Average of observations through period,1991-03,28,A,,F
M,PH,PHP,A,0,6,A, Exchange rates against USD Philippines - Philippine peso - Monthly - Average of observations through period,1991-04,27.926143,A,,F
M,PH,PHP,A,0,6,A, Exchange rates against USD Philippines - Philippine peso - Monthly - Average of observations through period,1991-05,27.818591,A,,F
M,PH,PHP,A,0,6,A, Exchange rates against USD Philippines - Philippine peso - Monthly - Average of observations through period,1991-06,27.7955,A,,F
M,PH,PHP,A,0,6,A, Exchange rates against USD Philippines - Philippine peso - Monthly - Average of observations through period,1991-07,27.621,A,,F
M,PH,PHP,A,0,6,A, Exchange rates against USD Philippines - Philippine peso - Monthly - Average of observations through period,1991-08,27.1995,A,,F
M,PH,PHP,A,0,6,A, Exchange rates against USD Philippines - Philippine peso - Monthly - Average of observations through period,1991-09,26.983429,A,,F
M,PH,PHP,A,0,6,A, Exchange rates against USD Philippines - Philippine peso - Monthly - Average of observations through period,1991-10,26.994609,A,,F
M,PH,PHP,A,0,6,A, Exchange rates against USD Philippines - Philippine peso - Monthly - Average of observations through period,1991-11,26.7366,A,,F
M,PH,PHP,A,0,6,A, Exchange rates against USD Philippines - Philippine peso - Monthly - Average of observations through period,1991-12,26.668263,A,,F
M,PH,PHP,A,0,6,A, Exchange rates against USD Philippines - Philippine peso - Monthly - Average of observations through period,1992-01,26.544636,A,,F
M,PH,PHP,A,0,6,A, Exchange rates against USD Philippines - Philippine peso - Monthly - Average of observations through period,1992-02,26.158,A,,F
M,PH,PHP,A,0,6,A, Exchange rates against USD Philippines - Philippine peso - Monthly - Average of observations through period,1992-03,25.810182,A,,F
M,PH,PHP,A,0,6,A, Exchange rates against USD Philippines - Philippine peso - Monthly - Average of observations through period,1992-04,25.667158,A,,F
M,PH,PHP,A,0,6,A, Exchange rates against USD Philippines - Philippine peso - Monthly - Average of observations through period,1992-05,26.149556,A,,F
M,PH,PHP,A,0,6,A, Exchange rates against USD Philippines - Philippine peso - Monthly - Average of observations through period,1992-06,26.120526,A,,F
M,PH,PHP,A,0,6,A, Exchange rates against USD Philippines - Philippine peso - Monthly - Average of observations through period,1992-07,25.261636,A,,F
M,PH,PHP,A,0,6,A, Exchange rates against USD Philippines - Philippine peso - Monthly - Average of observations through period,1992-08,24.669143,A,,F
M,PH,PHP,A,0,6,A, Exchange rates against USD Philippines - Philippine peso - Monthly - Average of observations through period,1992-09,24.726,A,,F
M,PH,PHP,A,0,6,A, Exchange rates against USD Philippines - Philippine peso - Monthly - Average of observations through period,1992-10,24.784864,A,,F
M,PH,PHP,A,0,6,A, Exchange rates against USD Philippines - Philippine peso - Monthly - Average of observations through period,1992-11,24.936053,A,,F
M,PH,PHP,A,0,6,A, Exchange rates against USD Philippines - Philippine peso - Monthly - Average of observations through period,1992-12,25.322105,A,,F
M,PH,PHP,A,0,6,A, Exchange rates against USD Philippines - Philippine peso - Monthly - Average of observations through period,1993-01,25.28005,A,,F
M,PH,PHP,A,0,6,A, Exchange rates against USD Philippines - Philippine peso - Monthly - Average of observations through period,1993-02,25.311632,A,,F
M,PH,PHP,A,0,6,A, Exchange rates against USD Philippines - Philippine peso - Monthly - Average of observations through period,1993-03,25.365609,A,,F
M,PH,PHP,A,0,6,A, Exchange rates against USD Philippines - Philippine peso - Monthly - Average of observations through period,1993-04,26.078,A,,F
M,PH,PHP,A,0,6,A, Exchange rates against USD Philippines - Philippine peso - Monthly - Average of observations through period,1993-05,27.006429,A,,F
M,PH,PHP,A,0,6,A, Exchange rates against USD Philippines - Philippine peso - Monthly - Average of observations through period,1993-06,27.206333,A,,F
M,PH,PHP,A,0,6,A, Exchange rates against USD Philippines - Philippine peso - Monthly - Average of observations through period,1993-07,27.568773,A,,F
M,PH,PHP,A,0,6,A, Exchange rates against USD Philippines - Philippine peso - Monthly - Average of observations through period,1993-08,27.948864,A,,F
M,PH,PHP,A,0,6,A, Exchange rates against USD Philippines - Philippine peso - Monthly - Average of observations through period,1993-09,28.233727,A,,F
M,PH,PHP,A,0,6,A, Exchange rates against USD Philippines - Philippine peso - Monthly - Average of observations through period,1993-10,29.16,A,,F
M,PH,PHP,A,0,6,A, Exchange rates against USD Philippines - Philippine peso - Monthly - Average of observations through period,1993-11,28.484895,A,,F
M,PH,PHP,A,0,6,A, Exchange rates against USD Philippines - Philippine peso - Monthly - Average of observations through period,1993-12,27.7939,A,,F
M,PH,PHP,A,0,6,A, Exchange rates against USD Philippines - Philippine peso - Monthly - Average of observations through period,1994-01,27.724524,A,,F
M,PH,PHP,A,0,6,A, Exchange rates against USD Philippines - Philippine peso - Monthly - Average of observations through period,1994-02,27.646263,A,,F
M,PH,PHP,A,0,6,A, Exchange rates against USD Philippines - Philippine peso - Monthly - Average of observations through period,1994-03,27.587227,A,,F
M,PH,PHP,A,0,6,A, Exchange rates against USD Philippines - Philippine peso - Monthly - Average of observations through period,1994-04,27.52975,A,,F
M,PH,PHP,A,0,6,A, Exchange rates against USD Philippines - Philippine peso - Monthly - Average of observations through period,1994-05,27.053,A,,F
M,PH,PHP,A,0,6,A, Exchange rates against USD Philippines - Philippine peso - Monthly - Average of observations through period,1994-06,26.975571,A,,F
M,PH,PHP,A,0,6,A, Exchange rates against USD Philippines - Philippine peso - Monthly - Average of observations through period,1994-07,26.460762,A,,F
M,PH,PHP,A,0,6,A, Exchange rates against USD Philippines - Philippine peso - Monthly - Average of observations through period,1994-08,26.313217,A,,F
M,PH,PHP,A,0,6,A, Exchange rates against USD Philippines - Philippine peso - Monthly - Average of observations through period,1994-09,25.911273,A,,F
M,PH,PHP,A,0,6,A, Exchange rates against USD Philippines - Philippine peso - Monthly - Average of observations through period,1994-10,25.39445,A,,F
M,PH,PHP,A,0,6,A, Exchange rates against USD Philippines - Philippine peso - Monthly - Average of observations through period,1994-11,24.2648,A,,F
M,PH,PHP,A,0,6,A, Exchange rates against USD Philippines - Philippine peso - Monthly - Average of observations through period,1994-12,24.145,A,,F
M,PH,PHP,A,0,6,A, Exchange rates against USD Philippines - Philippine peso - Monthly - Average of observations through period,1995-01,24.622273,A,,F
M,PH,PHP,A,0,6,A, Exchange rates against USD Philippines - Philippine peso - Monthly - Average of observations through period,1995-02,25.028158,A,,F
M,PH,PHP,A,0,6,A, Exchange rates against USD Philippines - Philippine peso - Monthly - Average of observations through period,1995-03,25.858957,A,,F
M,PH,PHP,A,0,6,A, Exchange rates against USD Philippines - Philippine peso - Monthly - Average of observations through period,1995-04,26.007722,A,,F
M,PH,PHP,A,0,6,A, Exchange rates against USD Philippines - Philippine peso - Monthly - Average of observations through period,1995-05,25.849286,A,,F
M,PH,PHP,A,0,6,A, Exchange rates against USD Philippines - Philippine peso - Monthly - Average of observations through period,1995-06,25.674238,A,,F
M,PH,PHP,A,0,6,A, Exchange rates against USD Philippines - Philippine peso - Monthly - Average of observations through period,1995-07,25.514048,A,,F
M,PH,PHP,A,0,6,A, Exchange rates against USD Philippines - Philippine peso - Monthly - Average of observations through period,1995-08,25.71087,A,,F
M,PH,PHP,A,0,6,A, Exchange rates against USD Philippines - Philippine peso - Monthly - Average of observations through period,1995-09,25.969238,A,,F
M,PH,PHP,A,0,6,A, Exchange rates against USD Philippines - Philippine peso - Monthly - Average of observations through period,1995-10,25.965364,A,,F
M,PH,PHP,A,0,6,A, Exchange rates against USD Philippines - Philippine peso - Monthly - Average of observations through period,1995-11,26.167053,A,,F
M,PH,PHP,A,0,6,A, Exchange rates against USD Philippines - Philippine peso - Monthly - Average of observations through period,1995-12,26.20595,A,,F
M,PH,PHP,A,0,6,A, Exchange rates against USD Philippines - Philippine peso - Monthly - Average of observations through period,1996-01,26.211636,A,,F
M,PH,PHP,A,0,6,A, Exchange rates against USD Philippines - Philippine peso - Monthly - Average of observations through period,1996-02,26.158762,A,,F
M,PH,PHP,A,0,6,A, Exchange rates against USD Philippines - Philippine peso - Monthly - Average of observations through period,1996-03,26.195667,A,,F
M,PH,PHP,A,0,6,A, Exchange rates against USD Philippines - Philippine peso - Monthly - Average of observations through period,1996-04,26.189684,A,,F
M,PH,PHP,A,0,6,A, Exchange rates against USD Philippines - Philippine peso - Monthly - Average of observations through period,1996-05,26.175857,A,,F
M,PH,PHP,A,0,6,A, Exchange rates against USD Philippines - Philippine peso - Monthly - Average of observations through period,1996-06,26.194421,A,,F
M,PH,PHP,A,0,6,A, Exchange rates against USD Philippines - Philippine peso - Monthly - Average of observations through period,1996-07,26.199545,A,,F
M,PH,PHP,A,0,6,A, Exchange rates against USD Philippines - Philippine peso - Monthly - Average of observations through period,1996-08,26.199409,A,,F
M,PH,PHP,A,0,6,A, Exchange rates against USD Philippines - Philippine peso - Monthly - Average of observations through period,1996-09,26.235571,A,,F
M,PH,PHP,A,0,6,A, Exchange rates against USD Philippines - Philippine peso - Monthly - Average of observations through period,1996-10,26.269304,A,,F
M,PH,PHP,A,0,6,A, Exchange rates against USD Philippines - Philippine peso - Monthly - Average of observations through period,1996-11,26.265778,A,,F
M,PH,PHP,A,0,6,A, Exchange rates against USD Philippines - Philippine peso - Monthly - Average of observations through period,1996-12,26.292474,A,,F
M,PH,PHP,A,0,6,A, Exchange rates against USD Philippines - Philippine peso - Monthly - Average of observations through period,1997-01,26.317318,A,,F
M,PH,PHP,A,0,6,A, Exchange rates against USD Philippines - Philippine peso - Monthly - Average of observations through period,1997-02,26.34105,A,,F
M,PH,PHP,A,0,6,A, Exchange rates against USD Philippines - Philippine peso - Monthly - Average of observations through period,1997-03,26.331947,A,,F
M,PH,PHP,A,0,6,A, Exchange rates against USD Philippines - Philippine peso - Monthly - Average of observations through period,1997-04,26.364227,A,,F
M,PH,PHP,A,0,6,A, Exchange rates against USD Philippines - Philippine peso - Monthly - Average of observations through period,1997-05,26.3721,A,,F
M,PH,PHP,A,0,6,A, Exchange rates against USD Philippines - Philippine peso - Monthly - Average of observations through period,1997-06,26.3761,A,,F
M,PH,PHP,A,0,6,A, Exchange rates against USD Philippines - Philippine peso - Monthly - Average of observations through period,1997-07,27.667913,A,,F
M,PH,PHP,A,0,6,A, Exchange rates against USD Philippines - Philippine peso - Monthly - Average of observations through period,1997-08,29.3305,A,,F
M,PH,PHP,A,0,6,A, Exchange rates against USD Philippines - Philippine peso - Monthly - Average of observations through period,1997-09,32.3945,A,,F
M,PH,PHP,A,0,6,A, Exchange rates against USD Philippines - Philippine peso - Monthly - Average of observations through period,1997-10,34.46387,A,,F
M,PH,PHP,A,0,6,A, Exchange rates against USD Philippines - Philippine peso - Monthly - Average of observations through period,1997-11,34.51775,A,,F
M,PH,PHP,A,0,6,A, Exchange rates against USD Philippines - Philippine peso - Monthly - Average of observations through period,1997-12,37.170632,A,,F
M,PH,PHP,A,0,6,A, Exchange rates against USD Philippines - Philippine peso - Monthly - Average of observations through period,1998-01,42.661,A,,F
M,PH,PHP,A,0,6,A, Exchange rates against USD Philippines - Philippine peso - Monthly - Average of observations through period,1998-02,40.4143,A,,F
M,PH,PHP,A,0,6,A, Exchange rates against USD Philippines - Philippine peso - Monthly - Average of observations through period,1998-03,39.004045,A,,F
M,PH,PHP,A,0,6,A, Exchange rates against USD Philippines - Philippine peso - Monthly - Average of observations through period,1998-04,38.44215,A,,F
M,PH,PHP,A,0,6,A, Exchange rates against USD Philippines - Philippine peso - Monthly - Average of observations through period,1998-05,39.297105,A,,F
M,PH,PHP,A,0,6,A, Exchange rates against USD Philippines - Philippine peso - Monthly - Average of observations through period,1998-06,40.39905,A,,F
M,PH,PHP,A,0,6,A, Exchange rates against USD Philippines - Philippine peso - Monthly - Average of observations through period,1998-07,41.780522,A,,F
M,PH,PHP,A,0,6,A, Exchange rates against USD Philippines - Philippine peso - Monthly - Average of observations through period,1998-08,43.037524,A,,F
M,PH,PHP,A,0,6,A, Exchange rates against USD Philippines - Philippine peso - Monthly - Average of observations through period,1998-09,43.775909,A,,F
M,PH,PHP,A,0,6,A, Exchange rates against USD Philippines - Philippine peso - Monthly - Average of observations through period,1998-10,42.88819,A,,F
M,PH,PHP,A,0,6,A, Exchange rates against USD Philippines - Philippine peso - Monthly - Average of observations through period,1998-11,39.943526,A,,F
M,PH,PHP,A,0,6,A, Exchange rates against USD Philippines - Philippine peso - Monthly - Average of observations through period,1998-12,39.0733,A,,F
M,PH,PHP,A,0,6,A, Exchange rates against USD Philippines - Philippine peso - Monthly - Average of observations through period,1999-01,38.356858,A,,F
M,PH,PHP,A,0,6,A, Exchange rates against USD Philippines - Philippine peso - Monthly - Average of observations through period,1999-02,38.823337,A,,F
M,PH,PHP,A,0,6,A, Exchange rates against USD Philippines - Philippine peso - Monthly - Average of observations through period,1999-03,38.888869,A,,F
M,PH,PHP,A,0,6,A, Exchange rates against USD Philippines - Philippine peso - Monthly - Average of observations through period,1999-04,38.257803,A,,F
M,PH,PHP,A,0,6,A, Exchange rates against USD Philippines - Philippine peso - Monthly - Average of observations through period,1999-05,37.841097,A,,F
M,PH,PHP,A,0,6,A, Exchange rates against USD Philippines - Philippine peso - Monthly - Average of observations through period,1999-06,37.893862,A,,F
M,PH,PHP,A,0,6,A, Exchange rates against USD Philippines - Philippine peso - Monthly - Average of observations through period,1999-07,38.313764,A,,F
M,PH,PHP,A,0,6,A, Exchange rates against USD Philippines - Philippine peso - Monthly - Average of observations through period,1999-08,39.330234,A,,F
M,PH,PHP,A,0,6,A, Exchange rates against USD Philippines - Philippine peso - Monthly - Average of observations through period,1999-09,40.255918,A,,F
M,PH,PHP,A,0,6,A, Exchange rates against USD Philippines - Philippine peso - Monthly - Average of observations through period,1999-10,40.327014,A,,F
M,PH,PHP,A,0,6,A, Exchange rates against USD Philippines - Philippine peso - Monthly - Average of observations through period,1999-11,40.422057,A,,F
M,PH,PHP,A,0,6,A, Exchange rates against USD Philippines - Philippine peso - Monthly - Average of observations through period,1999-12,40.598963,A,,F
M,PH,PHP,A,0,6,A, Exchange rates against USD Philippines - Philippine peso - Monthly - Average of observations through period,2000-01,40.477353,A,,F
M,PH,PHP,A,0,6,A, Exchange rates against USD Philippines - Philippine peso - Monthly - Average of observations through period,2000-02,40.635508,A,,F
M,PH,PHP,A,0,6,A, Exchange rates against USD Philippines - Philippine peso - Monthly - Average of observations through period,2000-03,40.953452,A,,F
M,PH,PHP,A,0,6,A, Exchange rates against USD Philippines - Philippine peso - Monthly - Average of observations through period,2000-04,41.210068,A,,F
M,PH,PHP,A,0,6,A, Exchange rates against USD Philippines - Philippine peso - Monthly - Average of observations through period,2000-05,41.884331,A,,F
M,PH,PHP,A,0,6,A, Exchange rates against USD Philippines - Philippine peso - Monthly - Average of observations through period,2000-06,42.692027,A,,F
M,PH,PHP,A,0,6,A, Exchange rates against USD Philippines - Philippine peso - Monthly - Average of observations through period,2000-07,44.481194,A,,F
M,PH,PHP,A,0,6,A, Exchange rates against USD Philippines - Philippine peso - Monthly - Average of observations through period,2000-08,44.924648,A,,F
M,PH,PHP,A,0,6,A, Exchange rates against USD Philippines - Philippine peso - Monthly - Average of observations through period,2000-09,45.78543,A,,F
M,PH,PHP,A,0,6,A, Exchange rates against USD Philippines - Philippine peso - Monthly - Average of observations through period,2000-10,48.390966,A,,F
M,PH,PHP,A,0,6,A, Exchange rates against USD Philippines - Philippine peso - Monthly - Average of observations through period,2000-11,49.801699,A,,F
M,PH,PHP,A,0,6,A, Exchange rates against USD Philippines - Philippine peso - Monthly - Average of observations through period,2000-12,49.946526,A,,F
M,PH,PHP,A,0,6,A, Exchange rates against USD Philippines - Philippine peso - Monthly - Average of observations through period,2001-01,50.739394,A,,F
M,PH,PHP,A,0,6,A, Exchange rates against USD Philippines - Philippine peso - Monthly - Average of observations through period,2001-02,48.234059,A,,F
M,PH,PHP,A,0,6,A, Exchange rates against USD Philippines - Philippine peso - Monthly - Average of observations through period,2001-03,48.567219,A,,F
M,PH,PHP,A,0,6,A, Exchange rates against USD Philippines - Philippine peso - Monthly - Average of observations through period,2001-04,50.295739,A,,F
M,PH,PHP,A,0,6,A, Exchange rates against USD Philippines - Philippine peso - Monthly - Average of observations through period,2001-05,50.46303,A,,F
M,PH,PHP,A,0,6,A, Exchange rates against USD Philippines - Philippine peso - Monthly - Average of observations through period,2001-06,51.558898,A,,F
M,PH,PHP,A,0,6,A, Exchange rates against USD Philippines - Philippine peso - Monthly - Average of observations through period,2001-07,53.253137,A,,F
M,PH,PHP,A,0,6,A, Exchange rates against USD Philippines - Philippine peso - Monthly - Average of observations through period,2001-08,51.838995,A,,F
M,PH,PHP,A,0,6,A, Exchange rates against USD Philippines - Philippine peso - Monthly - Average of observations through period,2001-09,51.283578,A,,F
M,PH,PHP,A,0,6,A, Exchange rates against USD Philippines - Philippine peso - Monthly - Average of observations through period,2001-10,51.767455,A,,F
M,PH,PHP,A,0,6,A, Exchange rates against USD Philippines - Philippine peso - Monthly - Average of observations through period,2001-11,51.974261,A,,F
M,PH,PHP,A,0,6,A, Exchange rates against USD Philippines - Philippine peso - Monthly - Average of observations through period,2001-12,51.798268,A,,F
M,PH,PHP,A,0,6,A, Exchange rates against USD Philippines - Philippine peso - Monthly - Average of observations through period,2002-01,51.385804,A,,F
M,PH,PHP,A,0,6,A, Exchange rates against USD Philippines - Philippine peso - Monthly - Average of observations through period,2002-02,51.286034,A,,F
M,PH,PHP,A,0,6,A, Exchange rates against USD Philippines - Philippine peso - Monthly - Average of observations through period,2002-03,51.064739,A,,F
M,PH,PHP,A,0,6,A, Exchange rates against USD Philippines - Philippine peso - Monthly - Average of observations through period,2002-04,50.95635,A,,F
M,PH,PHP,A,0,6,A, Exchange rates against USD Philippines - Philippine peso - Monthly - Average of observations through period,2002-05,49.84326,A,,F
M,PH,PHP,A,0,6,A, Exchange rates against USD Philippines - Philippine peso - Monthly - Average of observations through period,2002-06,50.450094,A,,F
M,PH,PHP,A,0,6,A, Exchange rates against USD Philippines - Philippine peso - Monthly - Average of observations through period,2002-07,50.643692,A,,F
M,PH,PHP,A,0,6,A, Exchange rates against USD Philippines - Philippine peso - Monthly - Average of observations through period,2002-08,51.825964,A,,F
M,PH,PHP,A,0,6,A, Exchange rates against USD Philippines - Philippine peso - Monthly - Average of observations through period,2002-09,52.146486,A,,F
M,PH,PHP,A,0,6,A, Exchange rates against USD Philippines - Philippine peso - Monthly - Average of observations through period,2002-10,52.945965,A,,F
M,PH,PHP,A,0,6,A, Exchange rates against USD Philippines - Philippine peso - Monthly - Average of observations through period,2002-11,53.32007,A,,F
M,PH,PHP,A,0,6,A, Exchange rates against USD Philippines - Philippine peso - Monthly - Average of observations through period,2002-12,53.520453,A,,F
M,PH,PHP,A,0,6,A, Exchange rates against USD Philippines - Philippine peso - Monthly - Average of observations through period,2003-01,53.593187,A,,F
M,PH,PHP,A,0,6,A, Exchange rates against USD Philippines - Philippine peso - Monthly - Average of observations through period,2003-02,54.133233,A,,F
M,PH,PHP,A,0,6,A, Exchange rates against USD Philippines - Philippine peso - Monthly - Average of observations through period,2003-03,54.517937,A,,F
M,PH,PHP,A,0,6,A, Exchange rates against USD Philippines - Philippine peso - Monthly - Average of observations through period,2003-04,52.75291,A,,F
M,PH,PHP,A,0,6,A, Exchange rates against USD Philippines - Philippine peso - Monthly - Average of observations through period,2003-05,52.53479,A,,F
M,PH,PHP,A,0,6,A, Exchange rates against USD Philippines - Philippine peso - Monthly - Average of observations through period,2003-06,53.365725,A,,F
M,PH,PHP,A,0,6,A, Exchange rates against USD Philippines - Philippine peso - Monthly - Average of observations through period,2003-07,53.748786,A,,F
M,PH,PHP,A,0,6,A, Exchange rates against USD Philippines - Philippine peso - Monthly - Average of observations through period,2003-08,55.011406,A,,F
M,PH,PHP,A,0,6,A, Exchange rates against USD Philippines - Philippine peso - Monthly - Average of observations through period,2003-09,54.995433,A,,F
M,PH,PHP,A,0,6,A, Exchange rates against USD Philippines - Philippine peso - Monthly - Average of observations through period,2003-10,54.976291,A,,F
M,PH,PHP,A,0,6,A, Exchange rates against USD Philippines - Philippine peso - Monthly - Average of observations through period,2003-11,55.403279,A,,F
M,PH,PHP,A,0,6,A, Exchange rates against USD Philippines - Philippine peso - Monthly - Average of observations through period,2003-12,55.425155,A,,F
M,PH,PHP,A,0,6,A, Exchange rates against USD Philippines - Philippine peso - Monthly - Average of observations through period,2004-01,55.516961,A,,F
M,PH,PHP,A,0,6,A, Exchange rates against USD Philippines - Philippine peso - Monthly - Average of observations through period,2004-02,56.134439,A,,F
M,PH,PHP,A,0,6,A, Exchange rates against USD Philippines - Philippine peso - Monthly - Average of observations through period,2004-03,56.299402,A,,F
M,PH,PHP,A,0,6,A, Exchange rates against USD Philippines - Philippine peso - Monthly - Average of observations through period,2004-04,55.937372,A,,F
M,PH,PHP,A,0,6,A, Exchange rates against USD Philippines - Philippine peso - Monthly - Average of observations through period,2004-05,55.808372,A,,F
M,PH,PHP,A,0,6,A, Exchange rates against USD Philippines - Philippine peso - Monthly - Average of observations through period,2004-06,56.008514,A,,F
M,PH,PHP,A,0,6,A, Exchange rates against USD Philippines - Philippine peso - Monthly - Average of observations through period,2004-07,55.938966,A,,F
M,PH,PHP,A,0,6,A, Exchange rates against USD Philippines - Philippine peso - Monthly - Average of observations through period,2004-08,55.862438,A,,F
M,PH,PHP,A,0,6,A, Exchange rates against USD Philippines - Philippine peso - Monthly - Average of observations through period,2004-09,56.226588,A,,F
M,PH,PHP,A,0,6,A, Exchange rates against USD Philippines - Philippine peso - Monthly - Average of observations through period,2004-10,56.370643,A,,F
M,PH,PHP,A,0,6,A, Exchange rates against USD Philippines - Philippine peso - Monthly - Average of observations through period,2004-11,56.297669,A,,F
M,PH,PHP,A,0,6,A, Exchange rates against USD Philippines - Philippine peso - Monthly - Average of observations through period,2004-12,56.189346,A,,F
M,PH,PHP,A,0,6,A, Exchange rates against USD Philippines - Philippine peso - Monthly - Average of observations through period,2005-01,55.692761,A,,F
M,PH,PHP,A,0,6,A, Exchange rates against USD Philippines - Philippine peso - Monthly - Average of observations through period,2005-02,54.79011,A,,F
M,PH,PHP,A,0,6,A, Exchange rates against USD Philippines - Philippine peso - Monthly - Average of observations through period,2005-03,54.425182,A,,F
M,PH,PHP,A,0,6,A, Exchange rates against USD Philippines - Philippine peso - Monthly - Average of observations through period,2005-04,54.441218,A,,F
M,PH,PHP,A,0,6,A, Exchange rates against USD Philippines - Philippine peso - Monthly - Average of observations through period,2005-05,54.332254,A,,F
M,PH,PHP,A,0,6,A, Exchange rates against USD Philippines - Philippine peso - Monthly - Average of observations through period,2005-06,55.255034,A,,F
M,PH,PHP,A,0,6,A, Exchange rates against USD Philippines - Philippine peso - Monthly - Average of observations through period,2005-07,55.988662,A,,F
M,PH,PHP,A,0,6,A, Exchange rates against USD Philippines - Philippine peso - Monthly - Average of observations through period,2005-08,55.943745,A,,F
M,PH,PHP,A,0,6,A, Exchange rates against USD Philippines - Philippine peso - Monthly - Average of observations through period,2005-09,56.119012,A,,F
M,PH,PHP,A,0,6,A, Exchange rates against USD Philippines - Philippine peso - Monthly - Average of observations through period,2005-10,55.581563,A,,F
M,PH,PHP,A,0,6,A, Exchange rates against USD Philippines - Philippine peso - Monthly - Average of observations through period,2005-11,54.520688,A,,F
M,PH,PHP,A,0,6,A, Exchange rates against USD Philippines - Philippine peso - Monthly - Average of observations through period,2005-12,53.521415,A,,F
M,PH,PHP,A,0,6,A, Exchange rates against USD Philippines - Philippine peso - Monthly - Average of observations through period,2006-01,52.541075,A,,F
M,PH,PHP,A,0,6,A, Exchange rates against USD Philippines - Philippine peso - Monthly - Average of observations through period,2006-02,51.745293,A,,F
M,PH,PHP,A,0,6,A, Exchange rates against USD Philippines - Philippine peso - Monthly - Average of observations through period,2006-03,51.164396,A,,F
M,PH,PHP,A,0,6,A, Exchange rates against USD Philippines - Philippine peso - Monthly - Average of observations through period,2006-04,51.399936,A,,F
M,PH,PHP,A,0,6,A, Exchange rates against USD Philippines - Philippine peso - Monthly - Average of observations through period,2006-05,52.170252,A,,F
M,PH,PHP,A,0,6,A, Exchange rates against USD Philippines - Philippine peso - Monthly - Average of observations through period,2006-06,53.170687,A,,F
M,PH,PHP,A,0,6,A, Exchange rates against USD Philippines - Philippine peso - Monthly - Average of observations through period,2006-07,52.265336,A,,F
M,PH,PHP,A,0,6,A, Exchange rates against USD Philippines - Philippine peso - Monthly - Average of observations through period,2006-08,51.292676,A,,F
M,PH,PHP,A,0,6,A, Exchange rates against USD Philippines - Philippine peso - Monthly - Average of observations through period,2006-09,50.307599,A,,F
M,PH,PHP,A,0,6,A, Exchange rates against USD Philippines - Philippine peso - Monthly - Average of observations through period,2006-10,49.974162,A,,F
M,PH,PHP,A,0,6,A, Exchange rates against USD Philippines - Philippine peso - Monthly - Average of observations through period,2006-11,49.829101,A,,F
M,PH,PHP,A,0,6,A, Exchange rates against USD Philippines - Philippine peso - Monthly - Average of observations through period,2006-12,49.401492,A,,F
M,PH,PHP,A,0,6,A, Exchange rates against USD Philippines - Philippine peso - Monthly - Average of observations through period,2007-01,48.891518,A,,F
M,PH,PHP,A,0,6,A, Exchange rates against USD Philippines - Philippine peso - Monthly - Average of observations through period,2007-02,48.314726,A,,F
M,PH,PHP,A,0,6,A, Exchange rates against USD Philippines - Philippine peso - Monthly - Average of observations through period,2007-03,48.384367,A,,F
M,PH,PHP,A,0,6,A, Exchange rates against USD Philippines - Philippine peso - Monthly - Average of observations through period,2007-04,47.664218,A,,F
M,PH,PHP,A,0,6,A, Exchange rates against USD Philippines - Philippine peso - Monthly - Average of observations through period,2007-05,46.72586,A,,F
M,PH,PHP,A,0,6,A, Exchange rates against USD Philippines - Philippine peso - Monthly - Average of observations through period,2007-06,46.181655,A,,F
M,PH,PHP,A,0,6,A, Exchange rates against USD Philippines - Philippine peso - Monthly - Average of observations through period,2007-07,45.51051,A,,F
M,PH,PHP,A,0,6,A, Exchange rates against USD Philippines - Philippine peso - Monthly - Average of observations through period,2007-08,46.149121,A,,F
M,PH,PHP,A,0,6,A, Exchange rates against USD Philippines - Philippine peso - Monthly - Average of observations through period,2007-09,45.999243,A,,F
M,PH,PHP,A,0,6,A, Exchange rates against USD Philippines - Philippine peso - Monthly - Average of observations through period,2007-10,44.207622,A,,F
M,PH,PHP,A,0,6,A, Exchange rates against USD Philippines - Philippine peso - Monthly - Average of observations through period,2007-11,43.091168,A,,F
M,PH,PHP,A,0,6,A, Exchange rates against USD Philippines - Philippine peso - Monthly - Average of observations through period,2007-12,41.561263,A,,F
M,PH,PHP,A,0,6,A, Exchange rates against USD Philippines - Philippine peso - Monthly - Average of observations through period,2008-01,40.821496,A,,F
M,PH,PHP,A,0,6,A, Exchange rates against USD Philippines - Philippine peso - Monthly - Average of observations through period,2008-02,40.5793,A,,F
M,PH,PHP,A,0,6,A, Exchange rates against USD Philippines - Philippine peso - Monthly - Average of observations through period,2008-03,41.234754,A,,F
M,PH,PHP,A,0,6,A, Exchange rates against USD Philippines - Philippine peso - Monthly - Average of observations through period,2008-04,41.770219,A,,F
M,PH,PHP,A,0,6,A, Exchange rates against USD Philippines - Philippine peso - Monthly - Average of observations through period,2008-05,42.997373,A,,F
M,PH,PHP,A,0,6,A, Exchange rates against USD Philippines - Philippine peso - Monthly - Average of observations through period,2008-06,44.302383,A,,F
M,PH,PHP,A,0,6,A, Exchange rates against USD Philippines - Philippine peso - Monthly - Average of observations through period,2008-07,44.827868,A,,F
M,PH,PHP,A,0,6,A, Exchange rates against USD Philippines - Philippine peso - Monthly - Average of observations through period,2008-08,44.95862,A,,F
M,PH,PHP,A,0,6,A, Exchange rates against USD Philippines - Philippine peso - Monthly - Average of observations through period,2008-09,46.70882,A,,F
M,PH,PHP,A,0,6,A, Exchange rates against USD Philippines - Philippine peso - Monthly - Average of observations through period,2008-10,47.977344,A,,F
M,PH,PHP,A,0,6,A, Exchange rates against USD Philippines - Philippine peso - Monthly - Average of observations through period,2008-11,49.087992,A,,F
M,PH,PHP,A,0,6,A, Exchange rates against USD Philippines - Philippine peso - Monthly - Average of observations through period,2008-12,47.998288,A,,F
M,PH,PHP,A,0,6,A, Exchange rates against USD Philippines - Philippine peso - Monthly - Average of observations through period,2009-01,47.101828,A,,F
M,PH,PHP,A,0,6,A, Exchange rates against USD Philippines - Philippine peso - Monthly - Average of observations through period,2009-02,47.584664,A,,F
M,PH,PHP,A,0,6,A, Exchange rates against USD Philippines - Philippine peso - Monthly - Average of observations through period,2009-03,48.362602,A,,F
M,PH,PHP,A,0,6,A, Exchange rates against USD Philippines - Philippine peso - Monthly - Average of observations through period,2009-04,48.115128,A,,F
M,PH,PHP,A,0,6,A, Exchange rates against USD Philippines - Philippine peso - Monthly - Average of observations through period,2009-05,47.328023,A,,F
M,PH,PHP,A,0,6,A, Exchange rates against USD Philippines - Philippine peso - Monthly - Average of observations through period,2009-06,47.82949,A,,F
M,PH,PHP,A,0,6,A, Exchange rates against USD Philippines - Philippine peso - Monthly - Average of observations through period,2009-07,48.07349,A,,F
M,PH,PHP,A,0,6,A, Exchange rates against USD Philippines - Philippine peso - Monthly - Average of observations through period,2009-08,48.222279,A,,F
M,PH,PHP,A,0,6,A, Exchange rates against USD Philippines - Philippine peso - Monthly - Average of observations through period,2009-09,48.053827,A,,F
M,PH,PHP,A,0,6,A, Exchange rates against USD Philippines - Philippine peso - Monthly - Average of observations through period,2009-10,46.852989,A,,F
M,PH,PHP,A,0,6,A, Exchange rates against USD Philippines - Philippine peso - Monthly - Average of observations through period,2009-11,47.04658,A,,F
M,PH,PHP,A,0,6,A, Exchange rates against USD Philippines - Philippine peso - Monthly - Average of observations through period,2009-12,46.331693,A,,F
M,PH,PHP,A,0,6,A, Exchange rates against USD Philippines - Philippine peso - Monthly - Average of observations through period,2010-01,46.038862,A,,F
M,PH,PHP,A,0,6,A, Exchange rates against USD Philippines - Philippine peso - Monthly - Average of observations through period,2010-02,46.26492,A,,F
M,PH,PHP,A,0,6,A, Exchange rates against USD Philippines - Philippine peso - Monthly - Average of observations through period,2010-03,45.692763,A,,F
M,PH,PHP,A,0,6,A, Exchange rates against USD Philippines - Philippine peso - Monthly - Average of observations through period,2010-04,44.599005,A,,F
M,PH,PHP,A,0,6,A, Exchange rates against USD Philippines - Philippine peso - Monthly - Average of observations through period,2010-05,45.625736,A,,F
M,PH,PHP,A,0,6,A, Exchange rates against USD Philippines - Philippine peso - Monthly - Average of observations through period,2010-06,46.358678,A,,F
M,PH,PHP,A,0,6,A, Exchange rates against USD Philippines - Philippine peso - Monthly - Average of observations through period,2010-07,46.261127,A,,F
M,PH,PHP,A,0,6,A, Exchange rates against USD Philippines - Philippine peso - Monthly - Average of observations through period,2010-08,45.172882,A,,F
M,PH,PHP,A,0,6,A, Exchange rates against USD Philippines - Philippine peso - Monthly - Average of observations through period,2010-09,44.216796,A,,F
M,PH,PHP,A,0,6,A, Exchange rates against USD Philippines - Philippine peso - Monthly - Average of observations through period,2010-10,43.378653,A,,F
M,PH,PHP,A,0,6,A, Exchange rates against USD Philippines - Philippine peso - Monthly - Average of observations through period,2010-11,43.557046,A,,F
M,PH,PHP,A,0,6,A, Exchange rates against USD Philippines - Philippine peso - Monthly - Average of observations through period,2010-12,43.91113,A,,F
M,PH,PHP,A,0,6,A, Exchange rates against USD Philippines - Philippine peso - Monthly - Average of observations through period,2011-01,44.228191,A,,F
M,PH,PHP,A,0,6,A, Exchange rates against USD Philippines - Philippine peso - Monthly - Average of observations through period,2011-02,43.634701,A,,F
M,PH,PHP,A,0,6,A, Exchange rates against USD Philippines - Philippine peso - Monthly - Average of observations through period,2011-03,43.481824,A,,F
M,PH,PHP,A,0,6,A, Exchange rates against USD Philippines - Philippine peso - Monthly - Average of observations through period,2011-04,43.18256,A,,F
M,PH,PHP,A,0,6,A, Exchange rates against USD Philippines - Philippine peso - Monthly - Average of observations through period,2011-05,43.179919,A,,F
M,PH,PHP,A,0,6,A, Exchange rates against USD Philippines - Philippine peso - Monthly - Average of observations through period,2011-06,43.41677,A,,F
M,PH,PHP,A,0,6,A, Exchange rates against USD Philippines - Philippine peso - Monthly - Average of observations through period,2011-07,42.737966,A,,F
M,PH,PHP,A,0,6,A, Exchange rates against USD Philippines - Philippine peso - Monthly - Average of observations through period,2011-08,42.414871,A,,F
M,PH,PHP,A,0,6,A, Exchange rates against USD Philippines - Philippine peso - Monthly - Average of observations through period,2011-09,43.090347,A,,F
M,PH,PHP,A,0,6,A, Exchange rates against USD Philippines - Philippine peso - Monthly - Average of observations through period,2011-10,43.352412,A,,F
M,PH,PHP,A,0,6,A, Exchange rates against USD Philippines - Philippine peso - Monthly - Average of observations through period,2011-11,43.33757,A,,F
M,PH,PHP,A,0,6,A, Exchange rates against USD Philippines - Philippine peso - Monthly - Average of observations through period,2011-12,43.661404,A,,F
M,PH,PHP,A,0,6,A, Exchange rates against USD Philippines - Philippine peso - Monthly - Average of observations through period,2012-01,43.560124,A,,F
M,PH,PHP,A,0,6,A, Exchange rates against USD Philippines - Philippine peso - Monthly - Average of observations through period,2012-02,42.663933,A,,F
M,PH,PHP,A,0,6,A, Exchange rates against USD Philippines - Philippine peso - Monthly - Average of observations through period,2012-03,42.901125,A,,F
M,PH,PHP,A,0,6,A, Exchange rates against USD Philippines - Philippine peso - Monthly - Average of observations through period,2012-04,42.657951,A,,F
M,PH,PHP,A,0,6,A, Exchange rates against USD Philippines - Philippine peso - Monthly - Average of observations through period,2012-05,42.941953,A,,F
M,PH,PHP,A,0,6,A, Exchange rates against USD Philippines - Philippine peso - Monthly - Average of observations through period,2012-06,42.720077,A,,F
M,PH,PHP,A,0,6,A, Exchange rates against USD Philippines - Philippine peso - Monthly - Average of observations through period,2012-07,41.87161,A,,F
M,PH,PHP,A,0,6,A, Exchange rates against USD Philippines - Philippine peso - Monthly - Average of observations through period,2012-08,42.074267,A,,F
M,PH,PHP,A,0,6,A, Exchange rates against USD Philippines - Philippine peso - Monthly - Average of observations through period,2012-09,41.717493,A,,F
M,PH,PHP,A,0,6,A, Exchange rates against USD Philippines - Philippine peso - Monthly - Average of observations through period,2012-10,41.383135,A,,F
M,PH,PHP,A,0,6,A, Exchange rates against USD Philippines - Philippine peso - Monthly - Average of observations through period,2012-11,41.096239,A,,F
M,PH,PHP,A,0,6,A, Exchange rates against USD Philippines - Philippine peso - Monthly - Average of observations through period,2012-12,41.004599,A,,F
M,PH,PHP,A,0,6,A, Exchange rates against USD Philippines - Philippine peso - Monthly - Average of observations through period,2013-01,40.717713,A,,F
M,PH,PHP,A,0,6,A, Exchange rates against USD Philippines - Philippine peso - Monthly - Average of observations through period,2013-02,40.688326,A,,F
M,PH,PHP,A,0,6,A, Exchange rates against USD Philippines - Philippine peso - Monthly - Average of observations through period,2013-03,40.739739,A,,F
M,PH,PHP,A,0,6,A, Exchange rates against USD Philippines - Philippine peso - Monthly - Average of observations through period,2013-04,41.186047,A,,F
M,PH,PHP,A,0,6,A, Exchange rates against USD Philippines - Philippine peso - Monthly - Average of observations through period,2013-05,41.361491,A,,F
M,PH,PHP,A,0,6,A, Exchange rates against USD Philippines - Philippine peso - Monthly - Average of observations through period,2013-06,42.958442,A,,F
M,PH,PHP,A,0,6,A, Exchange rates against USD Philippines - Philippine peso - Monthly - Average of observations through period,2013-07,43.347424,A,,F
M,PH,PHP,A,0,6,A, Exchange rates against USD Philippines - Philippine peso - Monthly - Average of observations through period,2013-08,43.931303,A,,F
M,PH,PHP,A,0,6,A, Exchange rates against USD Philippines - Philippine peso - Monthly - Average of observations through period,2013-09,43.71603,A,,F
M,PH,PHP,A,0,6,A, Exchange rates against USD Philippines - Philippine peso - Monthly - Average of observations through period,2013-10,43.131318,A,,F
M,PH,PHP,A,0,6,A, Exchange rates against USD Philippines - Philippine peso - Monthly - Average of observations through period,2013-11,43.586399,A,,F
M,PH,PHP,A,0,6,A, Exchange rates against USD Philippines - Philippine peso - Monthly - Average of observations through period,2013-12,44.185995,A,,F
M,PH,PHP,A,0,6,A, Exchange rates against USD Philippines - Philippine peso - Monthly - Average of observations through period,2014-01,45.0128,A,,F
M,PH,PHP,A,0,6,A, Exchange rates against USD Philippines - Philippine peso - Monthly - Average of observations through period,2014-02,44.837008,A,,F
M,PH,PHP,A,0,6,A, Exchange rates against USD Philippines - Philippine peso - Monthly - Average of observations through period,2014-03,44.783211,A,,F
M,PH,PHP,A,0,6,A, Exchange rates against USD Philippines - Philippine peso - Monthly - Average of observations through period,2014-04,44.631095,A,,F
M,PH,PHP,A,0,6,A, Exchange rates against USD Philippines - Philippine peso - Monthly - Average of observations through period,2014-05,43.879761,A,,F
M,PH,PHP,A,0,6,A, Exchange rates against USD Philippines - Philippine peso - Monthly - Average of observations through period,2014-06,43.806363,A,,F
M,PH,PHP,A,0,6,A, Exchange rates against USD Philippines - Philippine peso - Monthly - Average of observations through period,2014-07,43.461407,A,,F
M,PH,PHP,A,0,6,A, Exchange rates against USD Philippines - Philippine peso - Monthly - Average of observations through period,2014-08,43.796199,A,,F
M,PH,PHP,A,0,6,A, Exchange rates against USD Philippines - Philippine peso - Monthly - Average of observations through period,2014-09,44.21122,A,,F
M,PH,PHP,A,0,6,A, Exchange rates against USD Philippines - Philippine peso - Monthly - Average of observations through period,2014-10,44.826523,A,,F
M,PH,PHP,A,0,6,A, Exchange rates against USD Philippines - Philippine peso - Monthly - Average of observations through period,2014-11,44.981068,A,,F
M,PH,PHP,A,0,6,A, Exchange rates against USD Philippines - Philippine peso - Monthly - Average of observations through period,2014-12,44.676726,A,,F
M,PH,PHP,A,0,6,A, Exchange rates against USD Philippines - Philippine peso - Monthly - Average of observations through period,2015-01,44.558212,A,,F
M,PH,PHP,A,0,6,A, Exchange rates against USD Philippines - Philippine peso - Monthly - Average of observations through period,2015-02,44.20812,A,,F
M,PH,PHP,A,0,6,A, Exchange rates against USD Philippines - Philippine peso - Monthly - Average of observations through period,2015-03,44.500799,A,,F
M,PH,PHP,A,0,6,A, Exchange rates against USD Philippines - Philippine peso - Monthly - Average of observations through period,2015-04,44.403047,A,,F
M,PH,PHP,A,0,6,A, Exchange rates against USD Philippines - Philippine peso - Monthly - Average of observations through period,2015-05,44.612757,A,,F
M,PH,PHP,A,0,6,A, Exchange rates against USD Philippines - Philippine peso - Monthly - Average of observations through period,2015-06,45.042146,A,,F
M,PH,PHP,A,0,6,A, Exchange rates against USD Philippines - Philippine peso - Monthly - Average of observations through period,2015-07,45.302814,A,,F
M,PH,PHP,A,0,6,A, Exchange rates against USD Philippines - Philippine peso - Monthly - Average of observations through period,2015-08,46.260758,A,,F
M,PH,PHP,A,0,6,A, Exchange rates against USD Philippines - Philippine peso - Monthly - Average of observations through period,2015-09,46.747857,A,,F
M,PH,PHP,A,0,6,A, Exchange rates against USD Philippines - Philippine peso - Monthly - Average of observations through period,2015-10,46.350045,A,,F
M,PH,PHP,A,0,6,A, Exchange rates against USD Philippines - Philippine peso - Monthly - Average of observations through period,2015-11,47.07348,A,,F
M,PH,PHP,A,0,6,A, Exchange rates against USD Philippines - Philippine peso - Monthly - Average of observations through period,2015-12,47.196541,A,,F
M,PH,PHP,A,0,6,A, Exchange rates against USD Philippines - Philippine peso - Monthly - Average of observations through period,2016-01,47.564592,A,,F
M,PH,PHP,A,0,6,A, Exchange rates against USD Philippines - Philippine peso - Monthly - Average of observations through period,2016-02,47.612658,A,,F
M,PH,PHP,A,0,6,A, Exchange rates against USD Philippines - Philippine peso - Monthly - Average of observations through period,2016-03,46.601896,A,,F
M,PH,PHP,A,0,6,A, Exchange rates against USD Philippines - Philippine peso - Monthly - Average of observations through period,2016-04,46.386026,A,,F
M,PH,PHP,A,0,6,A, Exchange rates against USD Philippines - Philippine peso - Monthly - Average of observations through period,2016-05,46.812201,A,,F
M,PH,PHP,A,0,6,A, Exchange rates against USD Philippines - Philippine peso - Monthly - Average of observations through period,2016-06,46.465632,A,,F
M,PH,PHP,A,0,6,A, Exchange rates against USD Philippines - Philippine peso - Monthly - Average of observations through period,2016-07,47.072118,A,,F
M,PH,PHP,A,0,6,A, Exchange rates against USD Philippines - Philippine peso - Monthly - Average of observations through period,2016-08,46.607825,A,,F
M,PH,PHP,A,0,6,A, Exchange rates against USD Philippines - Philippine peso - Monthly - Average of observations through period,2016-09,47.590414,A,,F
M,PH,PHP,A,0,6,A, Exchange rates against USD Philippines - Philippine peso - Monthly - Average of observations through period,2016-10,48.344224,A,,F
M,PH,PHP,A,0,6,A, Exchange rates against USD Philippines - Philippine peso - Monthly - Average of observations through period,2016-11,49.237159,A,,F
M,PH,PHP,A,0,6,A, Exchange rates against USD Philippines - Philippine peso - Monthly - Average of observations through period,2016-12,49.791055,A,,F
M,PH,PHP,A,0,6,A, Exchange rates against USD Philippines - Philippine peso - Monthly - Average of observations through period,2017-01,49.742701,A,,F
M,PH,PHP,A,0,6,A, Exchange rates against USD Philippines - Philippine peso - Monthly - Average of observations through period,2017-02,49.995994,A,,F
M,PH,PHP,A,0,6,A, Exchange rates against USD Philippines - Philippine peso - Monthly - Average of observations through period,2017-03,50.24398,A,,F
M,PH,PHP,A,0,6,A, Exchange rates against USD Philippines - Philippine peso - Monthly - Average of observations through period,2017-04,49.838735,A,,F
M,PH,PHP,A,0,6,A, Exchange rates against USD Philippines - Philippine peso - Monthly - Average of observations through period,2017-05,49.838625,A,,F
M,PH,PHP,A,0,6,A, Exchange rates against USD Philippines - Philippine peso - Monthly - Average of observations through period,2017-06,49.907403,A,,F
M,PH,PHP,A,0,6,A, Exchange rates against USD Philippines - Philippine peso - Monthly - Average of observations through period,2017-07,50.652577,A,,F
M,PH,PHP,A,0,6,A, Exchange rates against USD Philippines - Philippine peso - Monthly - Average of observations through period,2017-08,50.955863,A,,F
M,PH,PHP,A,0,6,A, Exchange rates against USD Philippines - Philippine peso - Monthly - Average of observations through period,2017-09,50.973182,A,,F
M,PH,PHP,A,0,6,A, Exchange rates against USD Philippines - Philippine peso - Monthly - Average of observations through period,2017-10,51.439443,A,,F
M,PH,PHP,A,0,6,A, Exchange rates against USD Philippines - Philippine peso - Monthly - Average of observations through period,2017-11,50.891738,A,,F
M,PH,PHP,A,0,6,A, Exchange rates against USD Philippines - Philippine peso - Monthly - Average of observations through period,2017-12,50.356318,A,,F
M,PH,PHP,A,0,6,A, Exchange rates against USD Philippines - Philippine peso - Monthly - Average of observations through period,2018-01,50.598019,A,,F
M,PH,PHP,A,0,6,A, Exchange rates against USD Philippines - Philippine peso - Monthly - Average of observations through period,2018-02,51.930561,A,,F
M,PH,PHP,A,0,6,A, Exchange rates against USD Philippines - Philippine peso - Monthly - Average of observations through period,2018-03,52.114203,A,,F
M,PH,PHP,A,0,6,A, Exchange rates against USD Philippines - Philippine peso - Monthly - Average of observations through period,2018-04,52.051815,A,,F
M,PH,PHP,A,0,6,A, Exchange rates against USD Philippines - Philippine peso - Monthly - Average of observations through period,2018-05,52.274968,A,,F
M,PH,PHP,A,0,6,A, Exchange rates against USD Philippines - Philippine peso - Monthly - Average of observations through period,2018-06,53.124255,A,,F
M,PH,PHP,A,0,6,A, Exchange rates against USD Philippines - Philippine peso - Monthly - Average of observations through period,2018-07,53.393641,A,,F
M,PH,PHP,A,0,6,A, Exchange rates against USD Philippines - Philippine peso - Monthly - Average of observations through period,2018-08,53.286375,A,,F
M,PH,PHP,A,0,6,A, Exchange rates against USD Philippines - Philippine peso - Monthly - Average of observations through period,2018-09,53.999448,A,,F
M,PH,PHP,A,0,6,A, Exchange rates against USD Philippines - Philippine peso - Monthly - Average of observations through period,2018-10,53.942973,A,,F
M,PH,PHP,A,0,6,A, Exchange rates against USD Philippines - Philippine peso - Monthly - Average of observations through period,2018-11,52.748465,A,,F
M,PH,PHP,A,0,6,A, Exchange rates against USD Philippines - Philippine peso - Monthly - Average of observations through period,2018-12,52.823232,A,,F
M,PH,PHP,A,0,6,A, Exchange rates against USD Philippines - Philippine peso - Monthly - Average of observations through period,2019-01,52.453819,A,,F
M,PH,PHP,A,0,6,A, Exchange rates against USD Philippines - Philippine peso - Monthly - Average of observations through period,2019-02,52.160016,A,,F
M,PH,PHP,A,0,6,A, Exchange rates against USD Philippines - Philippine peso - Monthly - Average of observations through period,2019-03,52.517785,A,,F
M,PH,PHP,A,0,6,A, Exchange rates against USD Philippines - Philippine peso - Monthly - Average of observations through period,2019-04,52.028403,A,,F
M,PH,PHP,A,0,6,A, Exchange rates against USD Philippines - Philippine peso - Monthly - Average of observations through period,2019-05,52.289046,A,,F
M,PH,PHP,A,0,6,A, Exchange rates against USD Philippines - Philippine peso - Monthly - Average of observations through period,2019-06,51.735091,A,,F
M,PH,PHP,A,0,6,A, Exchange rates against USD Philippines - Philippine peso - Monthly - Average of observations through period,2019-07,51.110886,A,,F
M,PH,PHP,A,0,6,A, Exchange rates against USD Philippines - Philippine peso - Monthly - Average of observations through period,2019-08,52.196124,A,,F
M,PH,PHP,A,0,6,A, Exchange rates against USD Philippines - Philippine peso - Monthly - Average of observations through period,2019-09,52.077991,A,,F
M,PH,PHP,A,0,6,A, Exchange rates against USD Philippines - Philippine peso - Monthly - Average of observations through period,2019-10,51.447629,A,,F
M,PH,PHP,A,0,6,A, Exchange rates against USD Philippines - Philippine peso - Monthly - Average of observations through period,2019-11,50.730621,A,,F
M,PH,PHP,A,0,6,A, Exchange rates against USD Philippines - Philippine peso - Monthly - Average of observations through period,2019-12,50.778469,A,,F
M,PH,PHP,A,0,6,A, Exchange rates against USD Philippines - Philippine peso - Monthly - Average of observations through period,2020-01,50.841529,A,,F
M,PH,PHP,A,0,6,A, Exchange rates against USD Philippines - Philippine peso - Monthly - Average of observations through period,2020-02,50.774018,A,,F
M,PH,PHP,A,0,6,A, Exchange rates against USD Philippines - Philippine peso - Monthly - Average of observations through period,2020-03,51.03023,A,,F
M,PH,PHP,A,0,6,A, Exchange rates against USD Philippines - Philippine peso - Monthly - Average of observations through period,2020-04,50.695754,A,,F
M,PH,PHP,A,0,6,A, Exchange rates against USD Philippines - Philippine peso - Monthly - Average of observations through period,2020-05,50.560752,A,,F
M,PH,PHP,A,0,6,A, Exchange rates against USD Philippines - Philippine peso - Monthly - Average of observations through period,2020-06,50.053812,A,,F
M,PH,PHP,A,0,6,A, Exchange rates against USD Philippines - Philippine peso - Monthly - Average of observations through period,2020-07,49.393295,A,,F
M,PH,PHP,A,0,6,A, Exchange rates against USD Philippines - Philippine peso - Monthly - Average of observations through period,2020-08,48.767815,A,,F
M,PH,PHP,A,0,6,A, Exchange rates against USD Philippines - Philippine peso - Monthly - Average of observations through period,2020-09,48.525009,A,,F
M,PH,PHP,A,0,6,A, Exchange rates against USD Philippines - Philippine peso - Monthly - Average of observations through period,2020-10,48.497622,A,,F
M,PH,PHP,A,0,6,A, Exchange rates against USD Philippines - Philippine peso - Monthly - Average of observations through period,2020-11,48.25857,A,,F
M,PH,PHP,A,0,6,A, Exchange rates against USD Philippines - Philippine peso - Monthly - Average of observations through period,2020-12,48.09199,A,,F
M,PH,PHP,A,0,6,A, Exchange rates against USD Philippines - Philippine peso - Monthly - Average of observations through period,2021-01,48.064022,A,,F
M,PH,PHP,A,0,6,A, Exchange rates against USD Philippines - Philippine peso - Monthly - Average of observations through period,2021-02,48.273097,A,,F
M,PH,PHP,A,0,6,A, Exchange rates against USD Philippines - Philippine peso - Monthly - Average of observations through period,2021-03,48.560861,A,,F
M,PH,PHP,A,0,6,A, Exchange rates against USD Philippines - Philippine peso - Monthly - Average of observations through period,2021-04,48.474144,A,,F
M,PH,PHP,A,0,6,A, Exchange rates against USD Philippines - Philippine peso - Monthly - Average of observations through period,2021-05,47.935919,A,,F
M,PH,PHP,A,0,6,A, Exchange rates against USD Philippines - Philippine peso - Monthly - Average of observations through period,2021-06,48.181764,A,,F
M,PH,PHP,A,0,6,A, Exchange rates against USD Philippines - Philippine peso - Monthly - Average of observations through period,2021-07,50.13179,A,,F
M,PH,PHP,A,0,6,A, Exchange rates against USD Philippines - Philippine peso - Monthly - Average of observations through period,2021-08,50.195273,A,,F
M,PH,PHP,A,0,6,A, Exchange rates against USD Philippines - Philippine peso - Monthly - Average of observations through period,2021-09,50.22572,A,,F
M,PH,PHP,A,0,6,A, Exchange rates against USD Philippines - Philippine peso - Monthly - Average of observations through period,2021-10,50.713812,A,,F
M,PH,PHP,A,0,6,A, Exchange rates against USD Philippines - Philippine peso - Monthly - Average of observations through period,2021-11,50.353344,A,,F
M,PH,PHP,A,0,6,A, Exchange rates against USD Philippines - Philippine peso - Monthly - Average of observations through period,2021-12,50.351875,A,,F
M,PH,PHP,A,0,6,A, Exchange rates against USD Philippines - Philippine peso - Monthly - Average of observations through period,2022-01,51.262052,A,,F
M,PH,PHP,A,0,6,A, Exchange rates against USD Philippines - Philippine peso - Monthly - Average of observations through period,2022-02,51.281629,A,,F
M,PH,PHP,A,0,6,A, Exchange rates against USD Philippines - Philippine peso - Monthly - Average of observations through period,2022-03,52.106735,A,,F
M,PH,PHP,A,0,6,A, Exchange rates against USD Philippines - Philippine peso - Monthly - Average of observations through period,2022-04,52.009378,A,,F
M,PH,PHP,A,0,6,A, Exchange rates against USD Philippines - Philippine peso - Monthly - Average of observations through period,2022-05,52.390829,A,,F
M,PH,PHP,A,0,6,A, Exchange rates against USD Philippines - Philippine peso - Monthly - Average of observations through period,2022-06,53.721879,A,,F
M,PH,PHP,A,0,6,A, Exchange rates against USD Philippines - Philippine peso - Monthly - Average of observations through period,2022-07,55.920378,A,,F
M,PH,PHP,A,0,6,A, Exchange rates against USD Philippines - Philippine peso - Monthly - Average of observations through period,2022-08,55.827877,A,,F
M,PH,PHP,A,0,6,A, Exchange rates against USD Philippines - Philippine peso - Monthly - Average of observations through period,2022-09,57.640402,A,,F
M,PH,PHP,A,0,6,A, Exchange rates against USD Philippines - Philippine peso - Monthly - Average of observations through period,2022-10,58.765261,A,,F
M,PH,PHP,A,0,6,A, Exchange rates against USD Philippines - Philippine peso - Monthly - Average of observations through period,2022-11,57.511225,A,,F
M,PH,PHP,A,0,6,A, Exchange rates against USD Philippines - Philippine peso - Monthly - Average of observations through period,2022-12,55.614309,A,,F
M,PH,PHP,A,0,6,A, Exchange rates against USD Philippines - Philippine peso - Monthly - Average of observations through period,2023-01,54.942074,A,,F
M,PH,PHP,A,0,6,A, Exchange rates against USD Philippines - Philippine peso - Monthly - Average of observations through period,2023-02,54.826822,A,,F
M,PH,PHP,A,0,6,A, Exchange rates against USD Philippines - Philippine peso - Monthly - Average of observations through period,2023-03,54.721636,A,,F
M,PH,PHP,A,0,6,A, Exchange rates against USD Philippines - Philippine peso - Monthly - Average of observations through period,2023-04,55.440615,A,,F
M,PH,PHP,A,0,6,A, Exchange rates against USD Philippines - Philippine peso - Monthly - Average of observations through period,2023-05,55.768846,A,,F
M,PH,PHP,A,0,6,A, Exchange rates against USD Philippines - Philippine peso - Monthly - Average of observations through period,2023-06,55.791568,A,,F
M,PH,PHP,A,0,6,A, Exchange rates against USD Philippines - Philippine peso - Monthly - Average of observations through period,2023-07,54.886533,A,,F
M,PH,PHP,A,0,6,A, Exchange rates against USD Philippines - Philippine peso - Monthly - Average of observations through period,2023-08,56.341664,A,,F
M,PH,PHP,A,0,6,A, Exchange rates against USD Philippines - Philippine peso - Monthly - Average of observations through period,2023-09,56.782454,A,,F
M,PH,PHP,A,0,6,A, Exchange rates against USD Philippines - Philippine peso - Monthly - Average of observations through period,2023-10,56.79873,A,,F
M,PH,PHP,A,0,6,A, Exchange rates against USD Philippines - Philippine peso - Monthly - Average of observations through period,2023-11,55.780693,A,,F
M,PH,PHP,A,0,6,A, Exchange rates against USD Philippines - Philippine peso - Monthly - Average of observations through period,2023-12,55.574133,A,,F
M,PH,PHP,A,0,6,A, Exchange rates against USD Philippines - Philippine peso - Monthly - Average of observations through period,2024-01,56.019845,A,,F
M,PH,PHP,A,0,6,A, Exchange rates against USD Philippines - Philippine peso - Monthly - Average of observations through period,2024-02,56.033221,A,,F
M,PH,PHP,A,0,6,A, Exchange rates against USD Philippines - Philippine peso - Monthly - Average of observations through period,2024-03,55.864422,A,,F
M,PH,PHP,A,0,6,A, Exchange rates against USD Philippines - Philippine peso - Monthly - Average of observations through period,2024-04,57.023764,A,,F
M,PH,PHP,A,0,6,A, Exchange rates against USD Philippines - Philippine peso - Monthly - Average of observations through period,2024-05,57.824997,A,,F
M,PH,PHP,A,0,6,A, Exchange rates against USD Philippines - Philippine peso - Monthly - Average of observations through period,2024-06,58.720355,A,,F
M,PH,PHP,A,0,6,A, Exchange rates against USD Philippines - Philippine peso - Monthly - Average of observations through period,2024-07,58.480485,A,,F
M,PH,PHP,A,0,6,A, Exchange rates against USD Philippines - Philippine peso - Monthly - Average of observations through period,2024-08,56.952175,A,,F
M,PH,PHP,A,0,6,A, Exchange rates against USD Philippines - Philippine peso - Monthly - Average of observations through period,2024-09,56.056909,A,,F
M,PH,PHP,A,0,6,A, Exchange rates against USD Philippines - Philippine peso - Monthly - Average of observations through period,2024-10,57.464152,A,,F
M,PH,PHP,A,0,6,A, Exchange rates against USD Philippines - Philippine peso - Monthly - Average of observations through period,2024-11,58.712281,A,,F
M,PH,PHP,A,0,6,A, Exchange rates against USD Philippines - Philippine peso - Monthly - Average of observations through period,2024-12,58.40756,A,,F
M,PH,PHP,A,0,6,A, Exchange rates against USD Philippines - Philippine peso - Monthly - Average of observations through period,2025-01,58.413408,A,,F
M,PH,PHP,A,0,6,A, Exchange rates against USD Philippines - Philippine peso - Monthly - Average of observations through period,2025-02,58.048961,A,,F
M,PH,PHP,A,0,6,A, Exchange rates against USD Philippines - Philippine peso - Monthly - Average of observations through period,2025-03,57.384226,A,,F
M,PH,PHP,A,0,6,A, Exchange rates against USD Philippines - Philippine peso - Monthly - Average of observations through period,2025-04,56.849483,A,,F
M,PH,PHP,A,0,6,A, Exchange rates against USD Philippines - Philippine peso - Monthly - Average of observations through period,2025-05,55.632187,A,,F
M,PH,PHP,A,0,6,A, Exchange rates against USD Philippines - Philippine peso - Monthly - Average of observations through period,2025-06,56.353816,A,,F
M,PH,PHP,A,0,6,A, Exchange rates against USD Philippines - Philippine peso - Monthly - Average of observations through period,2025-07,56.880086,A,,F
M,PH,PHP,A,0,6,A, Exchange rates against USD Philippines - Philippine peso - Monthly - Average of observations through period,2025-08,57.133279,A,,F
M,PH,PHP,A,0,6,A, Exchange rates against USD Philippines - Philippine peso - Monthly - Average of observations through period,2025-09,57.28867,A,,F
M,PH,PHP,A,0,6,A, Exchange rates against USD Philippines - Philippine peso - Monthly - Average of observations through period,2025-10,58.368525,A,,F
M,PH,PHP,A,0,6,A, Exchange rates against USD Philippines - Philippine peso - Monthly - Average of observations through period,2025-11,58.879371,A,,F
M,PH,PHP,A,0,6,A, Exchange rates against USD Philippines - Philippine peso - Monthly - Average of observations through period,2025-12,58.880784,A,,F
M,PH,PHP,A,0,6,A, Exchange rates against USD Philippines - Philippine peso - Monthly - Average of observations through period,2026-01,59.191999,A,,F
M,PH,PHP,A,0,6,A, Exchange rates against USD Philippines - Philippine peso - Monthly - Average of observations through period,2026-02,58.178399,A,,F
M,PH,PHP,A,0,6,A, Exchange rates against USD Philippines - Philippine peso - Monthly - Average of observations through period,2026-03,59.590901,A,,F
M,PH,PHP,A,0,6,A, Exchange rates against USD Philippines - Philippine peso - Monthly - Average of observations through period,2026-04,60.317147,A,,F
M,PH,PHP,A,0,6,A, Exchange rates against USD Philippines - Philippine peso - Monthly - Average of observations through period,2026-05,61.381122,A,,F
M,PH,PHP,A,0,6,A, Exchange rates against USD Philippines - Philippine peso - Monthly - Average of observations through period,2026-06,61.175465,A,,F
M,PH,PHP,A,0,6,A, Exchange rates against USD Philippines - Philippine peso - Monthly - Average of observations through period,2026-07,61.603518,A,,F
M,PH,PHP,A,0,6,A, Exchange rates against USD Philippines - Philippine peso - Monthly - Average of observations through period,2026-08,61.445086,A,,F
